{
    "channel": "bec",
    "code": "1200_3_6_ldpc",
    "decoder": "SPA",
    "max_iter": "6",
    "codeword": "0",
    "tot": {
        "0.5": 500.0,
        "0.475": 500.0,
        "0.45": 500.0,
        "0.425": 500.0,
        "0.4": 500.0,
        "0.375": 500.0,
        "0.35": 525.0,
        "0.34": 562.0,
        "0.33": 677.0,
        "0.325": 725.0,
        "0.32": 814.0,
        "0.31": 1253.0,
        "0.3": 1922.0,
        "0.44": 500.0,
        "0.43": 500.0,
        "0.42": 500.0,
        "0.41": 500.0,
        "0.39": 500.0,
        "0.38": 500.0,
        "0.37": 501.0,
        "0.36": 506.0,
        "0.355": 507.0,
        "0.345": 532.0,
        "0.29": 2903.0,
        "0.28": 4837.0,
        "0.27": 6010.0,
        "0.26": 7333.0,
        "0.25": 7898.0,
        "0.24": 8821.0,
        "0.23": 9214.0,
        "0.21": 11986.0,
        "0.2": 13007.0,
        "0.19": 13746.0,
        "0.18": 14733.0,
        "0.17": 17832.0,
        "0.16": 20714.0,
        "0.15": 23972.0,
        "0.14": 26654.0,
        "0.13": 30937.0,
        "0.12": 36423.0,
        "0.11": 42883.0,
        "0.1": 49984.0
    },
    "wec": {
        "0.5": 500.0,
        "0.475": 500.0,
        "0.45": 500.0,
        "0.425": 500.0,
        "0.4": 500.0,
        "0.375": 500.0,
        "0.35": 500.0,
        "0.34": 500.0,
        "0.33": 500.0,
        "0.325": 500.0,
        "0.32": 500.0,
        "0.31": 500.0,
        "0.3": 500.0,
        "0.44": 500.0,
        "0.43": 500.0,
        "0.42": 500.0,
        "0.41": 500.0,
        "0.39": 500.0,
        "0.38": 500.0,
        "0.37": 500.0,
        "0.36": 500.0,
        "0.355": 500.0,
        "0.345": 500.0,
        "0.29": 500.0,
        "0.28": 500.0,
        "0.27": 500.0,
        "0.26": 500.0,
        "0.25": 500.0,
        "0.24": 500.0,
        "0.23": 500.0,
        "0.21": 500.0,
        "0.2": 500.0,
        "0.19": 500.0,
        "0.18": 500.0,
        "0.17": 500.0,
        "0.16": 500.0,
        "0.15": 500.0,
        "0.14": 500.0,
        "0.13": 500.0,
        "0.12": 500.0,
        "0.11": 500.0,
        "0.1": 500.0
    },
    "wer": {
        "0.5": 1.0,
        "0.475": 1.0,
        "0.45": 1.0,
        "0.425": 1.0,
        "0.4": 1.0,
        "0.375": 1.0,
        "0.35": 0.9523809523809523,
        "0.34": 0.8896797153024911,
        "0.33": 0.7385524372230429,
        "0.325": 0.6896551724137931,
        "0.32": 0.6142506142506142,
        "0.31": 0.39904229848363926,
        "0.3": 0.2601456815816857,
        "0.44": 1.0,
        "0.43": 1.0,
        "0.42": 1.0,
        "0.41": 1.0,
        "0.39": 1.0,
        "0.38": 1.0,
        "0.37": 0.998003992015968,
        "0.36": 0.9881422924901185,
        "0.355": 0.9861932938856016,
        "0.345": 0.9398496240601504,
        "0.29": 0.17223561832586978,
        "0.28": 0.10336985734959686,
        "0.27": 0.08319467554076539,
        "0.26": 0.06818491749624983,
        "0.25": 0.06330716637123322,
        "0.24": 0.056682915769187166,
        "0.23": 0.05426524853483829,
        "0.21": 0.04171533455698315,
        "0.2": 0.03844083954793573,
        "0.19": 0.03637421795431398,
        "0.18": 0.033937419398628925,
        "0.17": 0.028039479587258862,
        "0.16": 0.02413826397605484,
        "0.15": 0.020857667278491573,
        "0.14": 0.01875891048247918,
        "0.13": 0.016161877363674564,
        "0.12": 0.013727589709798753,
        "0.11": 0.011659632022013386,
        "0.1": 0.010003201024327784
    },
    "bec": {
        "0.5": 256990.0,
        "0.475": 227696.0,
        "0.45": 193461.0,
        "0.425": 152115.0,
        "0.4": 100104.0,
        "0.375": 53711.0,
        "0.35": 18675.0,
        "0.34": 10552.0,
        "0.33": 6167.0,
        "0.325": 5266.0,
        "0.32": 3821.0,
        "0.31": 2461.0,
        "0.3": 1642.0,
        "0.44": 177554.0,
        "0.43": 159086.0,
        "0.42": 143975.0,
        "0.41": 119715.0,
        "0.39": 81818.0,
        "0.38": 65854.0,
        "0.37": 45100.0,
        "0.36": 30109.0,
        "0.355": 23944.0,
        "0.345": 14726.0,
        "0.29": 1136.0,
        "0.28": 987.0,
        "0.27": 985.0,
        "0.26": 980.0,
        "0.25": 997.0,
        "0.24": 997.0,
        "0.23": 1000.0,
        "0.21": 1000.0,
        "0.2": 1000.0,
        "0.19": 1000.0,
        "0.18": 1000.0,
        "0.17": 1000.0,
        "0.16": 1000.0,
        "0.15": 1000.0,
        "0.14": 1000.0,
        "0.13": 1000.0,
        "0.12": 1000.0,
        "0.11": 1000.0,
        "0.1": 1000.0
    },
    "ber": {
        "0.5": 0.4283166666666667,
        "0.475": 0.37949333333333335,
        "0.45": 0.322435,
        "0.425": 0.253525,
        "0.4": 0.16684,
        "0.375": 0.08951833333333334,
        "0.35": 0.029642857142857144,
        "0.34": 0.01564650059311981,
        "0.33": 0.007591088133924175,
        "0.325": 0.006052873563218391,
        "0.32": 0.0039117526617526615,
        "0.31": 0.0016367384942803937,
        "0.3": 0.00071193201526188,
        "0.44": 0.2959233333333333,
        "0.43": 0.26514333333333334,
        "0.42": 0.23995833333333333,
        "0.41": 0.199525,
        "0.39": 0.13636333333333334,
        "0.38": 0.10975666666666667,
        "0.37": 0.07501663339986693,
        "0.36": 0.04958662714097497,
        "0.355": 0.03935568704799474,
        "0.345": 0.02306704260651629,
        "0.29": 0.0003260994373636468,
        "0.28": 0.00017004341534008683,
        "0.27": 0.00013657792567942317,
        "0.26": 0.00011136869857720805,
        "0.25": 0.0001051954081201992,
        "0.24": 9.418811170313268e-05,
        "0.23": 9.044208089139715e-05,
        "0.21": 6.952555759497191e-05,
        "0.2": 6.406806591322621e-05,
        "0.19": 6.0623696590523306e-05,
        "0.18": 5.6562365664381544e-05,
        "0.17": 4.673246597876477e-05,
        "0.16": 4.02304399600914e-05,
        "0.15": 3.476277879748596e-05,
        "0.14": 3.1264850804131964e-05,
        "0.13": 2.693646227279094e-05,
        "0.12": 2.287931618299792e-05,
        "0.11": 1.9432720036688974e-05,
        "0.1": 1.6672001707212976e-05
    }
}