{
    "channel": "bec",
    "code": "1200_rho_x5_rand_ldpc_8",
    "decoder": "SPA",
    "codeword": "0",
    "max_iter": "100",
    "tot": {
        "0.5": 100.0,
        "0.475": 102.0,
        "0.45": 115.0,
        "0.425": 151.0,
        "0.4": 144.0,
        "0.375": 177.0,
        "0.35": 183.0,
        "0.34": 186.0,
        "0.33": 217.0,
        "0.325": 220.0,
        "0.32": 215.0,
        "0.31": 272.0,
        "0.3": 243.0
    },
    "wec": {
        "0.5": 100.0,
        "0.475": 100.0,
        "0.45": 100.0,
        "0.425": 100.0,
        "0.4": 100.0,
        "0.375": 100.0,
        "0.35": 100.0,
        "0.34": 100.0,
        "0.33": 100.0,
        "0.325": 100.0,
        "0.32": 100.0,
        "0.31": 100.0,
        "0.3": 100.0
    },
    "wer": {
        "0.5": 1.0,
        "0.475": 0.9803921568627451,
        "0.45": 0.8695652173913043,
        "0.425": 0.6622516556291391,
        "0.4": 0.6944444444444444,
        "0.375": 0.5649717514124294,
        "0.35": 0.546448087431694,
        "0.34": 0.5376344086021505,
        "0.33": 0.4608294930875576,
        "0.325": 0.45454545454545453,
        "0.32": 0.46511627906976744,
        "0.31": 0.36764705882352944,
        "0.3": 0.411522633744856
    },
    "bec": {
        "0.5": 44934.0,
        "0.475": 25321.0,
        "0.45": 8943.0,
        "0.425": 1607.0,
        "0.4": 512.0,
        "0.375": 468.0,
        "0.35": 288.0,
        "0.34": 280.0,
        "0.33": 250.0,
        "0.325": 170.0,
        "0.32": 173.0,
        "0.31": 200.0,
        "0.3": 154.0
    },
    "ber": {
        "0.5": 0.37445,
        "0.475": 0.20687091503267974,
        "0.45": 0.06480434782608696,
        "0.425": 0.008868653421633553,
        "0.4": 0.002962962962962963,
        "0.375": 0.0022033898305084745,
        "0.35": 0.0013114754098360656,
        "0.34": 0.0012544802867383513,
        "0.33": 0.0009600614439324117,
        "0.325": 0.000643939393939394,
        "0.32": 0.0006705426356589147,
        "0.31": 0.0006127450980392157,
        "0.3": 0.0005281207133058985
    }
}