{
    "channel": "bec",
    "code": "1200_3_6_rand_ldpc_9",
    "decoder": "SPA",
    "max_iter": "10",
    "codeword": "0",
    "tot": {
        "0.5": 100.0,
        "0.475": 100.0,
        "0.45": 100.0,
        "0.425": 100.0,
        "0.4": 103.0,
        "0.375": 197.0,
        "0.35": 1111.0,
        "0.34": 3641.0,
        "0.33": 19467.0,
        "0.325": 45971.0,
        "0.32": 116455.0,
        "0.31": 776190.0,
        "0.3": 4132034.0
    },
    "wec": {
        "0.5": 100.0,
        "0.475": 100.0,
        "0.45": 100.0,
        "0.425": 100.0,
        "0.4": 100.0,
        "0.375": 100.0,
        "0.35": 100.0,
        "0.34": 100.0,
        "0.33": 100.0,
        "0.325": 100.0,
        "0.32": 100.0,
        "0.31": 100.0,
        "0.3": 100.0
    },
    "wer": {
        "0.5": 1.0,
        "0.475": 1.0,
        "0.45": 1.0,
        "0.425": 1.0,
        "0.4": 0.970873786407767,
        "0.375": 0.5076142131979695,
        "0.35": 0.09000900090009001,
        "0.34": 0.027464982147761604,
        "0.33": 0.005136898340781836,
        "0.325": 0.0021752844184377107,
        "0.32": 0.000858700785711219,
        "0.31": 0.00012883443486775146,
        "0.3": 2.4201156137631007e-05
    },
    "bec": {
        "0.5": 51271.0,
        "0.475": 44766.0,
        "0.45": 38631.0,
        "0.425": 26338.0,
        "0.4": 11650.0,
        "0.375": 3812.0,
        "0.35": 1255.0,
        "0.34": 662.0,
        "0.33": 563.0,
        "0.325": 318.0,
        "0.32": 353.0,
        "0.31": 241.0,
        "0.3": 152.0
    },
    "ber": {
        "0.5": 0.42725833333333335,
        "0.475": 0.37305,
        "0.45": 0.321925,
        "0.425": 0.21948333333333334,
        "0.4": 0.09425566343042072,
        "0.375": 0.016125211505922166,
        "0.35": 0.0009413441344134413,
        "0.34": 0.00015151515151515152,
        "0.33": 2.4100614715501445e-05,
        "0.325": 5.764503708859933e-06,
        "0.32": 2.526011477967169e-06,
        "0.31": 2.587424900260675e-07,
        "0.3": 3.065479777433261e-08
    }
}