{
    "channel": "bec",
    "code": "1200_3_6_rand_ldpc_1",
    "decoder": "SPA",
    "max_iter": "10",
    "codeword": "0",
    "tot": {
        "0.5": 100.0,
        "0.475": 100.0,
        "0.45": 100.0,
        "0.425": 100.0,
        "0.4": 108.0,
        "0.375": 212.0,
        "0.35": 1198.0,
        "0.34": 4922.0,
        "0.33": 21066.0,
        "0.325": 48654.0,
        "0.32": 142604.0,
        "0.31": 867240.0,
        "0.3": 4886592.0
    },
    "wec": {
        "0.5": 100.0,
        "0.475": 100.0,
        "0.45": 100.0,
        "0.425": 100.0,
        "0.4": 100.0,
        "0.375": 100.0,
        "0.35": 100.0,
        "0.34": 100.0,
        "0.33": 100.0,
        "0.325": 100.0,
        "0.32": 100.0,
        "0.31": 100.0,
        "0.3": 70.0
    },
    "wer": {
        "0.5": 1.0,
        "0.475": 1.0,
        "0.45": 1.0,
        "0.425": 1.0,
        "0.4": 0.9259259259259259,
        "0.375": 0.4716981132075472,
        "0.35": 0.08347245409015025,
        "0.34": 0.02031694433157253,
        "0.33": 0.0047469856641032945,
        "0.325": 0.002055329469313931,
        "0.32": 0.00070124260189055,
        "0.31": 0.00011530833448641667,
        "0.3": 1.4324911922255838e-05
    },
    "bec": {
        "0.5": 51289.0,
        "0.475": 44607.0,
        "0.45": 38632.0,
        "0.425": 26990.0,
        "0.4": 12604.0,
        "0.375": 3222.0,
        "0.35": 1196.0,
        "0.34": 897.0,
        "0.33": 549.0,
        "0.325": 352.0,
        "0.32": 302.0,
        "0.31": 276.0,
        "0.3": 134.0
    },
    "ber": {
        "0.5": 0.42740833333333333,
        "0.475": 0.371725,
        "0.45": 0.32193333333333335,
        "0.425": 0.22491666666666665,
        "0.4": 0.09725308641975308,
        "0.375": 0.01266509433962264,
        "0.35": 0.0008319421257651641,
        "0.34": 0.00015186915887850468,
        "0.33": 2.1717459413272574e-05,
        "0.325": 6.028966443320864e-06,
        "0.32": 1.7647938814245509e-06,
        "0.31": 2.652091693187584e-07,
        "0.3": 2.2851645209312884e-08
    }
}