{
    "channel": "bec",
    "code": "1200_rho_x5_rand_ldpc_5",
    "decoder": "SPA",
    "codeword": "0",
    "max_iter": "100",
    "tot": {
        "0.5": 100.0,
        "0.475": 100.0,
        "0.45": 107.0,
        "0.425": 107.0,
        "0.4": 121.0,
        "0.375": 117.0,
        "0.35": 122.0,
        "0.34": 127.0,
        "0.33": 133.0,
        "0.325": 121.0,
        "0.32": 144.0,
        "0.31": 135.0,
        "0.3": 131.0
    },
    "wec": {
        "0.5": 100.0,
        "0.475": 100.0,
        "0.45": 100.0,
        "0.425": 100.0,
        "0.4": 100.0,
        "0.375": 100.0,
        "0.35": 100.0,
        "0.34": 100.0,
        "0.33": 100.0,
        "0.325": 100.0,
        "0.32": 100.0,
        "0.31": 100.0,
        "0.3": 100.0
    },
    "wer": {
        "0.5": 1.0,
        "0.475": 1.0,
        "0.45": 0.9345794392523364,
        "0.425": 0.9345794392523364,
        "0.4": 0.8264462809917356,
        "0.375": 0.8547008547008547,
        "0.35": 0.819672131147541,
        "0.34": 0.7874015748031497,
        "0.33": 0.7518796992481203,
        "0.325": 0.8264462809917356,
        "0.32": 0.6944444444444444,
        "0.31": 0.7407407407407407,
        "0.3": 0.7633587786259542
    },
    "bec": {
        "0.5": 44759.0,
        "0.475": 22453.0,
        "0.45": 8305.0,
        "0.425": 725.0,
        "0.4": 492.0,
        "0.375": 361.0,
        "0.35": 279.0,
        "0.34": 264.0,
        "0.33": 235.0,
        "0.325": 233.0,
        "0.32": 217.0,
        "0.31": 198.0,
        "0.3": 236.0
    },
    "ber": {
        "0.5": 0.37299166666666667,
        "0.475": 0.18710833333333332,
        "0.45": 0.06468068535825545,
        "0.425": 0.005646417445482866,
        "0.4": 0.0033884297520661156,
        "0.375": 0.0025712250712250713,
        "0.35": 0.0019057377049180328,
        "0.34": 0.0017322834645669292,
        "0.33": 0.0014724310776942356,
        "0.325": 0.0016046831955922865,
        "0.32": 0.001255787037037037,
        "0.31": 0.0012222222222222222,
        "0.3": 0.0015012722646310433
    }
}