{
    "channel": "bec",
    "code": "1200_rho_x5_rand_ldpc_4",
    "decoder": "SPA",
    "codeword": "0",
    "max_iter": "100",
    "tot": {
        "0.5": 100.0,
        "0.475": 107.0,
        "0.45": 115.0,
        "0.425": 124.0,
        "0.4": 133.0,
        "0.375": 138.0,
        "0.35": 167.0,
        "0.34": 172.0,
        "0.33": 168.0,
        "0.325": 172.0,
        "0.32": 171.0,
        "0.31": 159.0,
        "0.3": 162.0
    },
    "wec": {
        "0.5": 100.0,
        "0.475": 100.0,
        "0.45": 100.0,
        "0.425": 100.0,
        "0.4": 100.0,
        "0.375": 100.0,
        "0.35": 100.0,
        "0.34": 100.0,
        "0.33": 100.0,
        "0.325": 100.0,
        "0.32": 100.0,
        "0.31": 100.0,
        "0.3": 100.0
    },
    "wer": {
        "0.5": 1.0,
        "0.475": 0.9345794392523364,
        "0.45": 0.8695652173913043,
        "0.425": 0.8064516129032258,
        "0.4": 0.7518796992481203,
        "0.375": 0.7246376811594203,
        "0.35": 0.5988023952095808,
        "0.34": 0.5813953488372093,
        "0.33": 0.5952380952380952,
        "0.325": 0.5813953488372093,
        "0.32": 0.5847953216374269,
        "0.31": 0.6289308176100629,
        "0.3": 0.6172839506172839
    },
    "bec": {
        "0.5": 43799.0,
        "0.475": 27038.0,
        "0.45": 9207.0,
        "0.425": 1292.0,
        "0.4": 588.0,
        "0.375": 246.0,
        "0.35": 185.0,
        "0.34": 175.0,
        "0.33": 200.0,
        "0.325": 186.0,
        "0.32": 163.0,
        "0.31": 184.0,
        "0.3": 172.0
    },
    "ber": {
        "0.5": 0.36499166666666666,
        "0.475": 0.21057632398753895,
        "0.45": 0.06671739130434783,
        "0.425": 0.00868279569892473,
        "0.4": 0.0036842105263157894,
        "0.375": 0.0014855072463768116,
        "0.35": 0.0009231536926147705,
        "0.34": 0.0008478682170542636,
        "0.33": 0.000992063492063492,
        "0.325": 0.0009011627906976744,
        "0.32": 0.0007943469785575049,
        "0.31": 0.0009643605870020964,
        "0.3": 0.0008847736625514403
    }
}