{
    "channel": "bec",
    "code": "1200_rho_x5_rand_ldpc_7",
    "decoder": "SPA",
    "codeword": "0",
    "max_iter": "100",
    "tot": {
        "0.5": 100.0,
        "0.475": 105.0,
        "0.45": 123.0,
        "0.425": 133.0,
        "0.4": 167.0,
        "0.375": 176.0,
        "0.35": 189.0,
        "0.34": 204.0,
        "0.33": 199.0,
        "0.325": 216.0,
        "0.32": 218.0,
        "0.31": 237.0,
        "0.3": 226.0
    },
    "wec": {
        "0.5": 100.0,
        "0.475": 100.0,
        "0.45": 100.0,
        "0.425": 100.0,
        "0.4": 100.0,
        "0.375": 100.0,
        "0.35": 100.0,
        "0.34": 100.0,
        "0.33": 100.0,
        "0.325": 100.0,
        "0.32": 100.0,
        "0.31": 100.0,
        "0.3": 100.0
    },
    "wer": {
        "0.5": 1.0,
        "0.475": 0.9523809523809523,
        "0.45": 0.8130081300813008,
        "0.425": 0.7518796992481203,
        "0.4": 0.5988023952095808,
        "0.375": 0.5681818181818182,
        "0.35": 0.5291005291005291,
        "0.34": 0.49019607843137253,
        "0.33": 0.5025125628140703,
        "0.325": 0.46296296296296297,
        "0.32": 0.45871559633027525,
        "0.31": 0.4219409282700422,
        "0.3": 0.4424778761061947
    },
    "bec": {
        "0.5": 44710.0,
        "0.475": 25006.0,
        "0.45": 8697.0,
        "0.425": 1941.0,
        "0.4": 592.0,
        "0.375": 329.0,
        "0.35": 265.0,
        "0.34": 274.0,
        "0.33": 240.0,
        "0.325": 211.0,
        "0.32": 184.0,
        "0.31": 219.0,
        "0.3": 159.0
    },
    "ber": {
        "0.5": 0.3725833333333333,
        "0.475": 0.19846031746031745,
        "0.45": 0.058922764227642276,
        "0.425": 0.012161654135338346,
        "0.4": 0.0029540918163672653,
        "0.375": 0.0015577651515151516,
        "0.35": 0.0011684303350970018,
        "0.34": 0.001119281045751634,
        "0.33": 0.0010050251256281408,
        "0.325": 0.0008140432098765432,
        "0.32": 0.0007033639143730887,
        "0.31": 0.000770042194092827,
        "0.3": 0.000586283185840708
    }
}