{
    "channel": "bec",
    "code": "7_4_hamming",
    "decoder": "ML",
    "max_iter": "10",
    "codeword": "1",
    "tot": {
        "0.5": 887.0,
        "0.4": 1337.0,
        "0.3": 3055.0,
        "0.2": 10735.0,
        "0.1": 46791.0,
        "0.08": 103005.0,
        "0.06": 396221.0,
        "0.04": 1161612.0,
        "0.02": 9919811.0,
        "0.01": 478070.0
    },
    "wec": {
        "0.5": 300.0,
        "0.4": 300.0,
        "0.3": 300.0,
        "0.2": 300.0,
        "0.1": 170.0,
        "0.08": 176.0,
        "0.06": 300.0,
        "0.04": 300.0,
        "0.02": 300.0,
        "0.01": 1.0
    },
    "wer": {
        "0.5": 0.3382187147688839,
        "0.4": 0.2243829468960359,
        "0.3": 0.09819967266775777,
        "0.2": 0.027945971122496506,
        "0.1": 0.003633177320424868,
        "0.08": 0.001708654919664094,
        "0.06": 0.0007571532049033241,
        "0.04": 0.00025826179481616923,
        "0.02": 3.024251167688578e-05,
        "0.01": 2.0917438868784905e-06
    },
    "bec": {
        "0.5": 993.0,
        "0.4": 972.0,
        "0.3": 955.0,
        "0.2": 936.0,
        "0.1": 528.0,
        "0.08": 540.0,
        "0.06": 912.0,
        "0.04": 908.0,
        "0.02": 906.0,
        "0.01": 3.0
    },
    "ber": {
        "0.5": 0.15992913512642937,
        "0.4": 0.1038572497061652,
        "0.3": 0.04465747018938508,
        "0.2": 0.012455918557455585,
        "0.1": 0.0016120316178019583,
        "0.08": 0.0007489234225800412,
        "0.06": 0.0003288208204151579,
        "0.04": 0.00011166748080622937,
        "0.02": 1.3047483609170722e-05,
        "0.01": 8.964616658050674e-07
    }
}