{
    "channel": "bec",
    "code": "1200_rho_x5_rand_ldpc_6",
    "decoder": "SPA",
    "codeword": "0",
    "max_iter": "100",
    "tot": {
        "0.5": 100.0,
        "0.475": 105.0,
        "0.45": 125.0,
        "0.425": 179.0,
        "0.4": 207.0,
        "0.375": 228.0,
        "0.35": 298.0,
        "0.34": 304.0,
        "0.33": 345.0,
        "0.325": 423.0,
        "0.32": 368.0,
        "0.31": 424.0,
        "0.3": 430.0
    },
    "wec": {
        "0.5": 100.0,
        "0.475": 100.0,
        "0.45": 100.0,
        "0.425": 100.0,
        "0.4": 100.0,
        "0.375": 100.0,
        "0.35": 100.0,
        "0.34": 100.0,
        "0.33": 100.0,
        "0.325": 100.0,
        "0.32": 100.0,
        "0.31": 100.0,
        "0.3": 100.0
    },
    "wer": {
        "0.5": 1.0,
        "0.475": 0.9523809523809523,
        "0.45": 0.8,
        "0.425": 0.5586592178770949,
        "0.4": 0.4830917874396135,
        "0.375": 0.43859649122807015,
        "0.35": 0.33557046979865773,
        "0.34": 0.32894736842105265,
        "0.33": 0.2898550724637681,
        "0.325": 0.2364066193853428,
        "0.32": 0.2717391304347826,
        "0.31": 0.2358490566037736,
        "0.3": 0.23255813953488372
    },
    "bec": {
        "0.5": 45261.0,
        "0.475": 28603.0,
        "0.45": 11563.0,
        "0.425": 1745.0,
        "0.4": 590.0,
        "0.375": 383.0,
        "0.35": 329.0,
        "0.34": 357.0,
        "0.33": 311.0,
        "0.325": 336.0,
        "0.32": 319.0,
        "0.31": 306.0,
        "0.3": 269.0
    },
    "ber": {
        "0.5": 0.377175,
        "0.475": 0.22700793650793652,
        "0.45": 0.07708666666666666,
        "0.425": 0.008123836126629423,
        "0.4": 0.0023752012882447666,
        "0.375": 0.0013998538011695907,
        "0.35": 0.0009200223713646533,
        "0.34": 0.0009786184210526317,
        "0.33": 0.0007512077294685991,
        "0.325": 0.0006619385342789598,
        "0.32": 0.0007223731884057972,
        "0.31": 0.0006014150943396226,
        "0.3": 0.0005213178294573643
    }
}