{
    "channel": "bec",
    "code": "1200_3_6_ldpc",
    "decoder": "SPA",
    "max_iter": "100",
    "codeword": "0",
    "tot": {
        "0.5": 500.0,
        "0.475": 500.0,
        "0.45": 525.0,
        "0.425": 851.0,
        "0.4": 2580.0,
        "0.375": 3652.0,
        "0.35": 4265.0,
        "0.34": 4231.0,
        "0.33": 4767.0,
        "0.325": 4842.0,
        "0.32": 4709.0,
        "0.31": 5364.0,
        "0.3": 5656.0,
        "0.44": 589.0,
        "0.43": 718.0,
        "0.42": 1032.0,
        "0.41": 1584.0,
        "0.39": 3165.0,
        "0.38": 3290.0,
        "0.37": 3731.0,
        "0.36": 3871.0,
        "0.355": 3971.0,
        "0.345": 4323.0,
        "0.29": 6034.0,
        "0.28": 6803.0,
        "0.27": 6891.0,
        "0.26": 7003.0,
        "0.25": 8171.0,
        "0.24": 7838.0,
        "0.23": 9827.0,
        "0.21": 11208.0,
        "0.2": 13104.0,
        "0.19": 14389.0,
        "0.18": 16875.0,
        "0.17": 18764.0,
        "0.16": 19530.0,
        "0.15": 23204.0,
        "0.14": 26275.0,
        "0.13": 31541.0,
        "0.12": 33769.0,
        "0.11": 41963.0,
        "0.1": 48423.0
    },
    "wec": {
        "0.5": 500.0,
        "0.475": 500.0,
        "0.45": 500.0,
        "0.425": 500.0,
        "0.4": 500.0,
        "0.375": 500.0,
        "0.35": 500.0,
        "0.34": 500.0,
        "0.33": 500.0,
        "0.325": 500.0,
        "0.32": 500.0,
        "0.31": 500.0,
        "0.3": 500.0,
        "0.44": 500.0,
        "0.43": 500.0,
        "0.42": 500.0,
        "0.41": 500.0,
        "0.39": 500.0,
        "0.38": 500.0,
        "0.37": 500.0,
        "0.36": 500.0,
        "0.355": 500.0,
        "0.345": 500.0,
        "0.29": 500.0,
        "0.28": 500.0,
        "0.27": 500.0,
        "0.26": 500.0,
        "0.25": 500.0,
        "0.24": 500.0,
        "0.23": 500.0,
        "0.21": 500.0,
        "0.2": 500.0,
        "0.19": 500.0,
        "0.18": 500.0,
        "0.17": 500.0,
        "0.16": 500.0,
        "0.15": 500.0,
        "0.14": 500.0,
        "0.13": 500.0,
        "0.12": 500.0,
        "0.11": 500.0,
        "0.1": 500.0
    },
    "wer": {
        "0.5": 1.0,
        "0.475": 1.0,
        "0.45": 0.9523809523809523,
        "0.425": 0.5875440658049353,
        "0.4": 0.1937984496124031,
        "0.375": 0.13691128148959475,
        "0.35": 0.11723329425556858,
        "0.34": 0.1181753722524226,
        "0.33": 0.10488777008600797,
        "0.325": 0.10326311441553077,
        "0.32": 0.10617965597791464,
        "0.31": 0.09321401938851603,
        "0.3": 0.0884016973125884,
        "0.44": 0.8488964346349746,
        "0.43": 0.6963788300835655,
        "0.42": 0.4844961240310077,
        "0.41": 0.31565656565656564,
        "0.39": 0.1579778830963665,
        "0.38": 0.1519756838905775,
        "0.37": 0.13401232913428035,
        "0.36": 0.12916559028674762,
        "0.355": 0.12591286829513976,
        "0.345": 0.11566042100393245,
        "0.29": 0.08286377195889957,
        "0.28": 0.07349698662354844,
        "0.27": 0.07255840951966333,
        "0.26": 0.07139797229758675,
        "0.25": 0.06119202056051891,
        "0.24": 0.06379178361826997,
        "0.23": 0.05088022794342119,
        "0.21": 0.04461099214846538,
        "0.2": 0.03815628815628816,
        "0.19": 0.03474876641879213,
        "0.18": 0.02962962962962963,
        "0.17": 0.026646770411426136,
        "0.16": 0.025601638504864313,
        "0.15": 0.02154800896397173,
        "0.14": 0.019029495718363463,
        "0.13": 0.01585238261310675,
        "0.12": 0.014806479315348396,
        "0.11": 0.01191525868026595,
        "0.1": 0.010325671684943106
    },
    "bec": {
        "0.5": 256678.0,
        "0.475": 226160.0,
        "0.45": 187742.0,
        "0.425": 136121.0,
        "0.4": 45400.0,
        "0.375": 2623.0,
        "0.35": 1000.0,
        "0.34": 1000.0,
        "0.33": 1000.0,
        "0.325": 1000.0,
        "0.32": 1000.0,
        "0.31": 1000.0,
        "0.3": 1000.0,
        "0.44": 168553.0,
        "0.43": 146359.0,
        "0.42": 126049.0,
        "0.41": 90108.0,
        "0.39": 11516.0,
        "0.38": 3442.0,
        "0.37": 1801.0,
        "0.36": 1265.0,
        "0.355": 1000.0,
        "0.345": 1000.0,
        "0.29": 1000.0,
        "0.28": 1000.0,
        "0.27": 1000.0,
        "0.26": 1000.0,
        "0.25": 1000.0,
        "0.24": 1000.0,
        "0.23": 1000.0,
        "0.21": 1000.0,
        "0.2": 1000.0,
        "0.19": 1000.0,
        "0.18": 1000.0,
        "0.17": 1000.0,
        "0.16": 1000.0,
        "0.15": 1000.0,
        "0.14": 1000.0,
        "0.13": 1000.0,
        "0.12": 1000.0,
        "0.11": 1000.0,
        "0.1": 1000.0
    },
    "ber": {
        "0.5": 0.42779666666666666,
        "0.475": 0.37693333333333334,
        "0.45": 0.2980031746031746,
        "0.425": 0.133295142969056,
        "0.4": 0.0146640826873385,
        "0.375": 0.0005985304855786784,
        "0.35": 0.00019538882375928098,
        "0.34": 0.00019695895375403767,
        "0.33": 0.00017481295014334662,
        "0.325": 0.00017210519069255127,
        "0.32": 0.0001769660932965244,
        "0.31": 0.00015535669898086006,
        "0.3": 0.00014733616218764735,
        "0.44": 0.2384734012450481,
        "0.43": 0.1698688486536676,
        "0.42": 0.10178375322997416,
        "0.41": 0.047405303030303034,
        "0.39": 0.003032122169562928,
        "0.38": 0.0008718338399189463,
        "0.37": 0.00040226034128473153,
        "0.36": 0.0002723241195212262,
        "0.355": 0.0002098547804918996,
        "0.345": 0.00019276736833988742,
        "0.29": 0.00013810628659816594,
        "0.28": 0.00012249497770591407,
        "0.27": 0.00012093068253277221,
        "0.26": 0.00011899662049597792,
        "0.25": 0.00010198670093419818,
        "0.24": 0.00010631963936378328,
        "0.23": 8.480037990570198e-05,
        "0.21": 7.435165358077563e-05,
        "0.2": 6.359381359381359e-05,
        "0.19": 5.7914610697986885e-05,
        "0.18": 4.938271604938271e-05,
        "0.17": 4.441128401904356e-05,
        "0.16": 4.266939750810719e-05,
        "0.15": 3.5913348273286214e-05,
        "0.14": 3.171582619727244e-05,
        "0.13": 2.642063768851125e-05,
        "0.12": 2.467746552558066e-05,
        "0.11": 1.9858764467109914e-05,
        "0.1": 1.720945280823851e-05
    }
}