{
    "channel": "bec",
    "prefix": "1200_rho_x5_rand_ldpc",
    "decoder": "SPA",
    "sources": [
        "1200_rho_x5_rand_ldpc_1",
        "1200_rho_x5_rand_ldpc_10",
        "1200_rho_x5_rand_ldpc_2",
        "1200_rho_x5_rand_ldpc_3",
        "1200_rho_x5_rand_ldpc_4",
        "1200_rho_x5_rand_ldpc_5",
        "1200_rho_x5_rand_ldpc_6",
        "1200_rho_x5_rand_ldpc_7",
        "1200_rho_x5_rand_ldpc_8",
        "1200_rho_x5_rand_ldpc_9"
    ],
    "wer": {
        "0.35": 0.4684820265125583,
        "0.3": 0.3851786665109166,
        "0.32": 0.4080119675408328,
        "0.31": 0.3918279585242668,
        "0.4": 0.5778241426440287,
        "0.34": 0.4514278570952424,
        "0.325": 0.41728816063708984,
        "0.45": 0.8289426868451528,
        "0.475": 0.9512529481364732,
        "0.425": 0.6508561666799022,
        "0.375": 0.5252929457325911,
        "0.5": 0.998019801980198,
        "0.33": 0.4276786585911103
    },
    "ber": {
        "0.35": 0.0011064286600291798,
        "0.3": 0.0006794437087110558,
        "0.32": 0.0007390329880475591,
        "0.31": 0.0007239174282298748,
        "0.4": 0.002894468376625997,
        "0.34": 0.001033507162036043,
        "0.325": 0.0008089041157096711,
        "0.45": 0.06779943723379497,
        "0.475": 0.20873141884939242,
        "0.425": 0.007534099016733178,
        "0.375": 0.0016003228243240387,
        "0.5": 0.37259562706270627,
        "0.33": 0.0009061200448931961
    }
}