{
    "channel": "bec",
    "code": "7_4_hamming",
    "decoder": "LP",
    "max_iter": "10",
    "codeword": "1",
    "tot": {
        "0.5": 560.0,
        "0.4": 906.0,
        "0.3": 1574.0,
        "0.2": 5176.0,
        "0.1": 35712.0,
        "0.08": 66657.0,
        "0.06": 136065.0,
        "0.04": 479121.0,
        "0.02": 873257.0,
        "0.01": 296339.0
    },
    "wec": {
        "0.5": 300.0,
        "0.4": 300.0,
        "0.3": 300.0,
        "0.2": 300.0,
        "0.1": 300.0,
        "0.08": 300.0,
        "0.06": 272.0,
        "0.04": 287.0,
        "0.02": 65.0,
        "0.01": 4.0
    },
    "wer": {
        "0.5": 0.5357142857142857,
        "0.4": 0.33112582781456956,
        "0.3": 0.1905972045743329,
        "0.2": 0.05795981452859351,
        "0.1": 0.008400537634408602,
        "0.08": 0.004500652594626221,
        "0.06": 0.0019990445742843494,
        "0.04": 0.000599013610340603,
        "0.02": 7.443398678739478e-05,
        "0.01": 1.34980545928818e-05
    },
    "bec": {
        "0.5": 1109.0,
        "0.4": 1042.0,
        "0.3": 1011.0,
        "0.2": 963.0,
        "0.1": 932.0,
        "0.08": 926.0,
        "0.06": 834.0,
        "0.04": 875.0,
        "0.02": 196.0,
        "0.01": 12.0
    },
    "ber": {
        "0.5": 0.2829081632653061,
        "0.4": 0.1643014821822769,
        "0.3": 0.09175893991650028,
        "0.2": 0.026578714948112165,
        "0.1": 0.003728238607270865,
        "0.08": 0.001984573477439943,
        "0.06": 0.0008756319196182497,
        "0.04": 0.0002608944295908549,
        "0.02": 3.206387123149313e-05,
        "0.01": 5.7848805398064864e-06
    }
}