{
    "channel": "bec",
    "code": "1200_3_6_rand_ldpc_6",
    "decoder": "SPA",
    "max_iter": "10",
    "codeword": "0",
    "tot": {
        "0.5": 100.0,
        "0.475": 100.0,
        "0.45": 100.0,
        "0.425": 100.0,
        "0.4": 107.0,
        "0.375": 231.0,
        "0.35": 1180.0,
        "0.34": 3835.0,
        "0.33": 18958.0,
        "0.325": 55785.0,
        "0.32": 131171.0,
        "0.31": 1007244.0,
        "0.3": 4642266.0
    },
    "wec": {
        "0.5": 100.0,
        "0.475": 100.0,
        "0.45": 100.0,
        "0.425": 100.0,
        "0.4": 100.0,
        "0.375": 100.0,
        "0.35": 100.0,
        "0.34": 100.0,
        "0.33": 100.0,
        "0.325": 100.0,
        "0.32": 100.0,
        "0.31": 100.0,
        "0.3": 52.0
    },
    "wer": {
        "0.5": 1.0,
        "0.475": 1.0,
        "0.45": 1.0,
        "0.425": 1.0,
        "0.4": 0.9345794392523364,
        "0.375": 0.4329004329004329,
        "0.35": 0.0847457627118644,
        "0.34": 0.02607561929595828,
        "0.33": 0.005274818018778352,
        "0.325": 0.0017925965761405396,
        "0.32": 0.0007623636322052893,
        "0.31": 9.928080981370948e-05,
        "0.3": 1.1201426200049718e-05
    },
    "bec": {
        "0.5": 51301.0,
        "0.475": 44465.0,
        "0.45": 39038.0,
        "0.425": 26461.0,
        "0.4": 11581.0,
        "0.375": 4134.0,
        "0.35": 1142.0,
        "0.34": 878.0,
        "0.33": 601.0,
        "0.325": 315.0,
        "0.32": 400.0,
        "0.31": 262.0,
        "0.3": 83.0
    },
    "ber": {
        "0.5": 0.4275083333333333,
        "0.475": 0.37054166666666666,
        "0.45": 0.32531666666666664,
        "0.425": 0.22050833333333333,
        "0.4": 0.09019470404984424,
        "0.375": 0.014913419913419913,
        "0.35": 0.000806497175141243,
        "0.34": 0.00019078661451542807,
        "0.33": 2.6418046910714913e-05,
        "0.325": 4.705566012368916e-06,
        "0.32": 2.541212107350964e-06,
        "0.31": 2.1676310142659905e-07,
        "0.3": 1.4899332926348181e-08
    }
}