{
    "channel": "bec",
    "code": "1200_3_6_ldpc",
    "decoder": "SPA",
    "max_iter": "40",
    "codeword": "0",
    "tot": {
        "0.5": 500.0,
        "0.475": 500.0,
        "0.45": 519.0,
        "0.425": 798.0,
        "0.4": 2497.0,
        "0.375": 3653.0,
        "0.35": 4207.0,
        "0.34": 4285.0,
        "0.33": 4762.0,
        "0.325": 4851.0,
        "0.32": 4705.0,
        "0.31": 5348.0,
        "0.3": 5649.0,
        "0.44": 568.0,
        "0.43": 684.0,
        "0.42": 1015.0,
        "0.41": 1462.0,
        "0.39": 3112.0,
        "0.38": 3452.0,
        "0.37": 3604.0,
        "0.36": 3825.0,
        "0.355": 4039.0,
        "0.345": 4220.0,
        "0.29": 6251.0,
        "0.28": 6624.0,
        "0.27": 6938.0,
        "0.26": 6954.0,
        "0.25": 8172.0,
        "0.24": 7954.0,
        "0.23": 9683.0,
        "0.21": 11325.0,
        "0.2": 13158.0,
        "0.19": 14373.0,
        "0.18": 16907.0,
        "0.17": 18565.0,
        "0.16": 19666.0,
        "0.15": 23241.0,
        "0.14": 26130.0,
        "0.13": 31550.0,
        "0.12": 33937.0,
        "0.11": 41444.0,
        "0.1": 49002.0
    },
    "wec": {
        "0.5": 500.0,
        "0.475": 500.0,
        "0.45": 500.0,
        "0.425": 500.0,
        "0.4": 500.0,
        "0.375": 500.0,
        "0.35": 500.0,
        "0.34": 500.0,
        "0.33": 500.0,
        "0.325": 500.0,
        "0.32": 500.0,
        "0.31": 500.0,
        "0.3": 500.0,
        "0.44": 500.0,
        "0.43": 500.0,
        "0.42": 500.0,
        "0.41": 500.0,
        "0.39": 500.0,
        "0.38": 500.0,
        "0.37": 500.0,
        "0.36": 500.0,
        "0.355": 500.0,
        "0.345": 500.0,
        "0.29": 500.0,
        "0.28": 500.0,
        "0.27": 500.0,
        "0.26": 500.0,
        "0.25": 500.0,
        "0.24": 500.0,
        "0.23": 500.0,
        "0.21": 500.0,
        "0.2": 500.0,
        "0.19": 500.0,
        "0.18": 500.0,
        "0.17": 500.0,
        "0.16": 500.0,
        "0.15": 500.0,
        "0.14": 500.0,
        "0.13": 500.0,
        "0.12": 500.0,
        "0.11": 500.0,
        "0.1": 500.0
    },
    "wer": {
        "0.5": 1.0,
        "0.475": 1.0,
        "0.45": 0.9633911368015414,
        "0.425": 0.6265664160401002,
        "0.4": 0.2002402883460152,
        "0.375": 0.1368738023542294,
        "0.35": 0.1188495364868077,
        "0.34": 0.11668611435239207,
        "0.33": 0.10499790004199916,
        "0.325": 0.10307153164296022,
        "0.32": 0.10626992561105207,
        "0.31": 0.09349289454001496,
        "0.3": 0.08851124092759781,
        "0.44": 0.8802816901408451,
        "0.43": 0.7309941520467836,
        "0.42": 0.49261083743842365,
        "0.41": 0.34199726402188785,
        "0.39": 0.16066838046272494,
        "0.38": 0.14484356894553882,
        "0.37": 0.13873473917869034,
        "0.36": 0.13071895424836602,
        "0.355": 0.12379301807378064,
        "0.345": 0.11848341232227488,
        "0.29": 0.07998720204767237,
        "0.28": 0.07548309178743962,
        "0.27": 0.07206687806284232,
        "0.26": 0.0719010641357492,
        "0.25": 0.06118453255017132,
        "0.24": 0.06286145335680161,
        "0.23": 0.05163688939378292,
        "0.21": 0.04415011037527594,
        "0.2": 0.03799969600243198,
        "0.19": 0.03478744868851318,
        "0.18": 0.029573549417401077,
        "0.17": 0.026932399676811204,
        "0.16": 0.025424590664090307,
        "0.15": 0.02151370422959425,
        "0.14": 0.019135093761959432,
        "0.13": 0.01584786053882726,
        "0.12": 0.014733182072664055,
        "0.11": 0.012064472541260496,
        "0.1": 0.010203665156524223
    },
    "bec": {
        "0.5": 256678.0,
        "0.475": 226160.0,
        "0.45": 186399.0,
        "0.425": 130965.0,
        "0.4": 45775.0,
        "0.375": 2314.0,
        "0.35": 1000.0,
        "0.34": 1000.0,
        "0.33": 1000.0,
        "0.325": 1000.0,
        "0.32": 1000.0,
        "0.31": 1000.0,
        "0.3": 1000.0,
        "0.44": 167113.0,
        "0.43": 144562.0,
        "0.42": 119386.0,
        "0.41": 88409.0,
        "0.39": 12935.0,
        "0.38": 3769.0,
        "0.37": 1556.0,
        "0.36": 1265.0,
        "0.355": 1000.0,
        "0.345": 1000.0,
        "0.29": 1000.0,
        "0.28": 1000.0,
        "0.27": 1000.0,
        "0.26": 1000.0,
        "0.25": 1000.0,
        "0.24": 1000.0,
        "0.23": 1000.0,
        "0.21": 1000.0,
        "0.2": 1000.0,
        "0.19": 1000.0,
        "0.18": 1000.0,
        "0.17": 1000.0,
        "0.16": 1000.0,
        "0.15": 1000.0,
        "0.14": 1000.0,
        "0.13": 1000.0,
        "0.12": 1000.0,
        "0.11": 1000.0,
        "0.1": 1000.0
    },
    "ber": {
        "0.5": 0.42779666666666666,
        "0.475": 0.37693333333333334,
        "0.45": 0.2992919075144509,
        "0.425": 0.1367637844611529,
        "0.4": 0.015276665331731411,
        "0.375": 0.0005278766310794781,
        "0.35": 0.00019808256081134618,
        "0.34": 0.00019447685725398678,
        "0.33": 0.0001749965000699986,
        "0.325": 0.00017178588607160035,
        "0.32": 0.00017711654268508679,
        "0.31": 0.00015582149090002492,
        "0.3": 0.00014751873487932966,
        "0.44": 0.2451775234741784,
        "0.43": 0.17612329434697857,
        "0.42": 0.09801806239737275,
        "0.41": 0.05039272685818513,
        "0.39": 0.003463742502142245,
        "0.38": 0.0009098590189262263,
        "0.37": 0.0003597854236034036,
        "0.36": 0.000275599128540305,
        "0.355": 0.0002063216967896344,
        "0.345": 0.00019747235387045813,
        "0.29": 0.0001333120034127873,
        "0.28": 0.000125805152979066,
        "0.27": 0.00012011146343807053,
        "0.26": 0.00011983510689291534,
        "0.25": 0.0001019742209169522,
        "0.24": 0.00010476908892800268,
        "0.23": 8.606148232297154e-05,
        "0.21": 7.358351729212656e-05,
        "0.2": 6.333282667071997e-05,
        "0.19": 5.797908114752197e-05,
        "0.18": 4.9289249029001795e-05,
        "0.17": 4.488733279468534e-05,
        "0.16": 4.237431777348385e-05,
        "0.15": 3.585617371599042e-05,
        "0.14": 3.189182293659906e-05,
        "0.13": 2.641310089804543e-05,
        "0.12": 2.455530345444009e-05,
        "0.11": 2.010745423543416e-05,
        "0.1": 1.7006108594207038e-05
    }
}