{
    "channel": "bec",
    "code": "1200_rho_x5_rand_ldpc_10",
    "decoder": "SPA",
    "codeword": "0",
    "max_iter": "100",
    "tot": {
        "0.5": 100.0,
        "0.475": 105.0,
        "0.45": 112.0,
        "0.425": 116.0,
        "0.4": 128.0,
        "0.375": 126.0,
        "0.35": 141.0,
        "0.34": 132.0,
        "0.33": 141.0,
        "0.325": 159.0,
        "0.32": 143.0,
        "0.31": 151.0,
        "0.3": 172.0
    },
    "wec": {
        "0.5": 100.0,
        "0.475": 100.0,
        "0.45": 100.0,
        "0.425": 100.0,
        "0.4": 100.0,
        "0.375": 100.0,
        "0.35": 100.0,
        "0.34": 100.0,
        "0.33": 100.0,
        "0.325": 100.0,
        "0.32": 100.0,
        "0.31": 100.0,
        "0.3": 100.0
    },
    "wer": {
        "0.5": 1.0,
        "0.475": 0.9523809523809523,
        "0.45": 0.8928571428571429,
        "0.425": 0.8620689655172413,
        "0.4": 0.78125,
        "0.375": 0.7936507936507936,
        "0.35": 0.7092198581560284,
        "0.34": 0.7575757575757576,
        "0.33": 0.7092198581560284,
        "0.325": 0.6289308176100629,
        "0.32": 0.6993006993006993,
        "0.31": 0.6622516556291391,
        "0.3": 0.5813953488372093
    },
    "bec": {
        "0.5": 44992.0,
        "0.475": 25359.0,
        "0.45": 8713.0,
        "0.425": 866.0,
        "0.4": 533.0,
        "0.375": 309.0,
        "0.35": 264.0,
        "0.34": 269.0,
        "0.33": 242.0,
        "0.325": 253.0,
        "0.32": 200.0,
        "0.31": 207.0,
        "0.3": 209.0
    },
    "ber": {
        "0.5": 0.37493333333333334,
        "0.475": 0.20126190476190475,
        "0.45": 0.06482886904761904,
        "0.425": 0.006221264367816092,
        "0.4": 0.0034700520833333332,
        "0.375": 0.0020436507936507937,
        "0.35": 0.0015602836879432625,
        "0.34": 0.0016982323232323233,
        "0.33": 0.0014302600472813239,
        "0.325": 0.0013259958071278825,
        "0.32": 0.0011655011655011655,
        "0.31": 0.0011423841059602648,
        "0.3": 0.001012596899224806
    }
}