{
    "channel": "bec",
    "code": "7_4_hamming",
    "decoder": "ADMM",
    "codeword": "1",
    "mu": "3.0",
    "eps": "1e-05",
    "tot": {
        "0.5": 527.0,
        "0.4": 796.0,
        "0.3": 1511.0,
        "0.2": 4904.0,
        "0.1": 32301.0,
        "0.08": 59879.0,
        "0.06": 138924.0,
        "0.04": 450422.0,
        "0.02": 4008864.0
    },
    "wec": {
        "0.5": 300.0,
        "0.4": 300.0,
        "0.3": 300.0,
        "0.2": 300.0,
        "0.1": 300.0,
        "0.08": 300.0,
        "0.06": 300.0,
        "0.04": 300.0,
        "0.02": 300.0
    },
    "wer": {
        "0.5": 0.5692599620493358,
        "0.4": 0.3768844221105528,
        "0.3": 0.1985440105890139,
        "0.2": 0.061174551386623165,
        "0.1": 0.009287638153617534,
        "0.08": 0.00501010370914678,
        "0.06": 0.0021594540900060463,
        "0.04": 0.0006660420672169654,
        "0.02": 7.483416748485356e-05
    },
    "bec": {
        "0.5": 1163.0,
        "0.4": 1092.0,
        "0.3": 1042.0,
        "0.2": 978.0,
        "0.1": 940.0,
        "0.08": 942.0,
        "0.06": 919.0,
        "0.04": 923.0,
        "0.02": 911.0
    },
    "ber": {
        "0.5": 0.3152615885063703,
        "0.4": 0.19597989949748743,
        "0.3": 0.09851564715892976,
        "0.2": 0.028489862502913074,
        "0.1": 0.004157323744952611,
        "0.08": 0.002247389378102984,
        "0.06": 0.0009450182422455032,
        "0.04": 0.00029274134668631383,
        "0.02": 3.246377456128647e-05
    }
}