{
    "channel": "bec",
    "code": "1200_3_6_rand_ldpc_8",
    "decoder": "SPA",
    "max_iter": "10",
    "codeword": "0",
    "tot": {
        "0.5": 100.0,
        "0.475": 100.0,
        "0.45": 100.0,
        "0.425": 100.0,
        "0.4": 108.0,
        "0.375": 216.0,
        "0.35": 1171.0,
        "0.34": 4643.0,
        "0.33": 24632.0,
        "0.325": 46248.0,
        "0.32": 155133.0,
        "0.31": 1029763.0,
        "0.3": 4573159.0
    },
    "wec": {
        "0.5": 100.0,
        "0.475": 100.0,
        "0.45": 100.0,
        "0.425": 100.0,
        "0.4": 100.0,
        "0.375": 100.0,
        "0.35": 100.0,
        "0.34": 100.0,
        "0.33": 100.0,
        "0.325": 100.0,
        "0.32": 100.0,
        "0.31": 100.0,
        "0.3": 42.0
    },
    "wer": {
        "0.5": 1.0,
        "0.475": 1.0,
        "0.45": 1.0,
        "0.425": 1.0,
        "0.4": 0.9259259259259259,
        "0.375": 0.46296296296296297,
        "0.35": 0.08539709649871904,
        "0.34": 0.021537798836958864,
        "0.33": 0.004059759662227996,
        "0.325": 0.0021622556651098427,
        "0.32": 0.0006446081749208743,
        "0.31": 9.710972330526538e-05,
        "0.3": 9.184023560081773e-06
    },
    "bec": {
        "0.5": 51183.0,
        "0.475": 44697.0,
        "0.45": 38641.0,
        "0.425": 27158.0,
        "0.4": 12163.0,
        "0.375": 3687.0,
        "0.35": 1516.0,
        "0.34": 760.0,
        "0.33": 603.0,
        "0.325": 345.0,
        "0.32": 302.0,
        "0.31": 266.0,
        "0.3": 68.0
    },
    "ber": {
        "0.5": 0.426525,
        "0.475": 0.372475,
        "0.45": 0.32200833333333334,
        "0.425": 0.22631666666666667,
        "0.4": 0.09385030864197531,
        "0.375": 0.014224537037037037,
        "0.35": 0.0010788499857671506,
        "0.34": 0.00013640605930073947,
        "0.33": 2.040029230269568e-05,
        "0.325": 6.216485037190797e-06,
        "0.32": 1.6222639068842004e-06,
        "0.31": 2.1525988666000494e-07,
        "0.3": 1.2391142898523027e-08
    }
}