{
    "channel": "bec",
    "code": "1200_3_6_rand_ldpc_10",
    "decoder": "SPA",
    "max_iter": "10",
    "codeword": "0",
    "tot": {
        "0.5": 100.0,
        "0.475": 100.0,
        "0.45": 100.0,
        "0.425": 100.0,
        "0.4": 106.0,
        "0.375": 213.0,
        "0.35": 1232.0,
        "0.34": 4602.0,
        "0.33": 19278.0,
        "0.325": 53917.0,
        "0.32": 110205.0,
        "0.31": 823455.0,
        "0.3": 4911811.0
    },
    "wec": {
        "0.5": 100.0,
        "0.475": 100.0,
        "0.45": 100.0,
        "0.425": 100.0,
        "0.4": 100.0,
        "0.375": 100.0,
        "0.35": 100.0,
        "0.34": 100.0,
        "0.33": 100.0,
        "0.325": 100.0,
        "0.32": 100.0,
        "0.31": 100.0,
        "0.3": 53.0
    },
    "wer": {
        "0.5": 1.0,
        "0.475": 1.0,
        "0.45": 1.0,
        "0.425": 1.0,
        "0.4": 0.9433962264150944,
        "0.375": 0.4694835680751174,
        "0.35": 0.08116883116883117,
        "0.34": 0.0217296827466319,
        "0.33": 0.005187260089220874,
        "0.325": 0.0018547025984383405,
        "0.32": 0.0009073998457420262,
        "0.31": 0.00012143954435882957,
        "0.3": 1.0790317461319256e-05
    },
    "bec": {
        "0.5": 51409.0,
        "0.475": 44542.0,
        "0.45": 39018.0,
        "0.425": 26271.0,
        "0.4": 12358.0,
        "0.375": 3598.0,
        "0.35": 1384.0,
        "0.34": 661.0,
        "0.33": 423.0,
        "0.325": 324.0,
        "0.32": 421.0,
        "0.31": 328.0,
        "0.3": 108.0
    },
    "ber": {
        "0.5": 0.42840833333333334,
        "0.475": 0.3711833333333333,
        "0.45": 0.32515,
        "0.425": 0.218925,
        "0.4": 0.09715408805031446,
        "0.375": 0.014076682316118937,
        "0.35": 0.0009361471861471861,
        "0.34": 0.00011969433579603071,
        "0.33": 1.828509181450358e-05,
        "0.325": 5.007697015783519e-06,
        "0.32": 3.1834611254782755e-06,
        "0.31": 3.319347545808008e-07,
        "0.3": 1.8323180594693077e-08
    }
}