{
    "channel": "bec",
    "code": "1200_rho_x5_rand_ldpc_1",
    "decoder": "SPA",
    "codeword": "0",
    "max_iter": "100",
    "tot": {
        "0.5": 100.0,
        "0.475": 111.0,
        "0.45": 132.0,
        "0.425": 315.0,
        "0.4": 475.0,
        "0.375": 735.0,
        "0.35": 912.0,
        "0.34": 1133.0,
        "0.33": 1313.0,
        "0.325": 1423.0,
        "0.32": 1529.0,
        "0.31": 1893.0,
        "0.3": 2184.0
    },
    "wec": {
        "0.5": 100.0,
        "0.475": 100.0,
        "0.45": 100.0,
        "0.425": 100.0,
        "0.4": 100.0,
        "0.375": 100.0,
        "0.35": 100.0,
        "0.34": 100.0,
        "0.33": 100.0,
        "0.325": 100.0,
        "0.32": 100.0,
        "0.31": 100.0,
        "0.3": 100.0
    },
    "wer": {
        "0.5": 1.0,
        "0.475": 0.9009009009009009,
        "0.45": 0.7575757575757576,
        "0.425": 0.31746031746031744,
        "0.4": 0.21052631578947367,
        "0.375": 0.1360544217687075,
        "0.35": 0.10964912280701754,
        "0.34": 0.088261253309797,
        "0.33": 0.07616146230007616,
        "0.325": 0.07027406886858749,
        "0.32": 0.06540222367560497,
        "0.31": 0.05282620179609086,
        "0.3": 0.045787545787545784
    },
    "bec": {
        "0.5": 45063.0,
        "0.475": 29256.0,
        "0.45": 13840.0,
        "0.425": 2039.0,
        "0.4": 1290.0,
        "0.375": 810.0,
        "0.35": 662.0,
        "0.34": 583.0,
        "0.33": 584.0,
        "0.325": 574.0,
        "0.32": 582.0,
        "0.31": 564.0,
        "0.3": 520.0
    },
    "ber": {
        "0.5": 0.375525,
        "0.475": 0.21963963963963964,
        "0.45": 0.08737373737373737,
        "0.425": 0.005394179894179894,
        "0.4": 0.002263157894736842,
        "0.375": 0.0009183673469387755,
        "0.35": 0.0006048976608187134,
        "0.34": 0.00042880258899676373,
        "0.33": 0.00037065244986037065,
        "0.325": 0.0003361442960880768,
        "0.32": 0.0003172007848266841,
        "0.31": 0.00024828314844162707,
        "0.3": 0.0001984126984126984
    }
}