{
    "channel": "bec",
    "code": "1200_3_6_rand_ldpc_5",
    "decoder": "SPA",
    "max_iter": "10",
    "codeword": "0",
    "tot": {
        "0.5": 100.0,
        "0.475": 100.0,
        "0.45": 100.0,
        "0.425": 100.0,
        "0.4": 106.0,
        "0.375": 204.0,
        "0.35": 1372.0,
        "0.34": 4088.0,
        "0.33": 18585.0,
        "0.325": 50044.0,
        "0.32": 105357.0,
        "0.31": 834827.0,
        "0.3": 4854774.0
    },
    "wec": {
        "0.5": 100.0,
        "0.475": 100.0,
        "0.45": 100.0,
        "0.425": 100.0,
        "0.4": 100.0,
        "0.375": 100.0,
        "0.35": 100.0,
        "0.34": 100.0,
        "0.33": 100.0,
        "0.325": 100.0,
        "0.32": 100.0,
        "0.31": 100.0,
        "0.3": 93.0
    },
    "wer": {
        "0.5": 1.0,
        "0.475": 1.0,
        "0.45": 1.0,
        "0.425": 1.0,
        "0.4": 0.9433962264150944,
        "0.375": 0.49019607843137253,
        "0.35": 0.0728862973760933,
        "0.34": 0.02446183953033268,
        "0.33": 0.0053806833467850415,
        "0.325": 0.0019982415474382544,
        "0.32": 0.0009491538293611246,
        "0.31": 0.00011978529683395482,
        "0.3": 1.915640151323213e-05
    },
    "bec": {
        "0.5": 51460.0,
        "0.475": 44562.0,
        "0.45": 38415.0,
        "0.425": 26829.0,
        "0.4": 12302.0,
        "0.375": 3564.0,
        "0.35": 1448.0,
        "0.34": 625.0,
        "0.33": 505.0,
        "0.325": 423.0,
        "0.32": 361.0,
        "0.31": 224.0,
        "0.3": 182.0
    },
    "ber": {
        "0.5": 0.42883333333333334,
        "0.475": 0.37135,
        "0.45": 0.320125,
        "0.425": 0.223575,
        "0.4": 0.09671383647798742,
        "0.375": 0.014558823529411765,
        "0.35": 0.000879494655004859,
        "0.34": 0.0001274054142204827,
        "0.33": 2.264370908438705e-05,
        "0.325": 7.0438014547198465e-06,
        "0.32": 2.8553711033280496e-06,
        "0.31": 2.2359922075671567e-07,
        "0.3": 3.124072648215276e-08
    }
}