{
    "channel": "bec",
    "code": "1200_rho_x5_rand_ldpc_2",
    "decoder": "SPA",
    "codeword": "0",
    "max_iter": "100",
    "tot": {
        "0.5": 101.0,
        "0.475": 107.0,
        "0.45": 153.0,
        "0.425": 254.0,
        "0.4": 310.0,
        "0.375": 473.0,
        "0.35": 693.0,
        "0.34": 884.0,
        "0.33": 830.0,
        "0.325": 1012.0,
        "0.32": 1222.0,
        "0.31": 1331.0,
        "0.3": 1619.0
    },
    "wec": {
        "0.5": 100.0,
        "0.475": 100.0,
        "0.45": 100.0,
        "0.425": 100.0,
        "0.4": 100.0,
        "0.375": 100.0,
        "0.35": 100.0,
        "0.34": 100.0,
        "0.33": 100.0,
        "0.325": 100.0,
        "0.32": 100.0,
        "0.31": 100.0,
        "0.3": 100.0
    },
    "wer": {
        "0.5": 0.9900990099009901,
        "0.475": 0.9345794392523364,
        "0.45": 0.6535947712418301,
        "0.425": 0.3937007874015748,
        "0.4": 0.3225806451612903,
        "0.375": 0.21141649048625794,
        "0.35": 0.1443001443001443,
        "0.34": 0.11312217194570136,
        "0.33": 0.12048192771084337,
        "0.325": 0.09881422924901186,
        "0.32": 0.08183306055646482,
        "0.31": 0.07513148009015777,
        "0.3": 0.06176652254478073
    },
    "bec": {
        "0.5": 44302.0,
        "0.475": 27834.0,
        "0.45": 11007.0,
        "0.425": 2331.0,
        "0.4": 819.0,
        "0.375": 581.0,
        "0.35": 531.0,
        "0.34": 505.0,
        "0.33": 512.0,
        "0.325": 465.0,
        "0.32": 504.0,
        "0.31": 440.0,
        "0.3": 434.0
    },
    "ber": {
        "0.5": 0.3655280528052805,
        "0.475": 0.21677570093457943,
        "0.45": 0.059950980392156863,
        "0.425": 0.007647637795275591,
        "0.4": 0.0022016129032258066,
        "0.375": 0.0010236081747709656,
        "0.35": 0.0006385281385281386,
        "0.34": 0.00047605580693815987,
        "0.33": 0.0005140562248995984,
        "0.325": 0.00038290513833992096,
        "0.32": 0.0003436988543371522,
        "0.31": 0.0002754820936639118,
        "0.3": 0.00022338892320362364
    }
}