{
    "channel": "bec",
    "code": "1200_rho_x5_rand_ldpc_3",
    "decoder": "SPA",
    "codeword": "0",
    "max_iter": "100",
    "tot": {
        "0.5": 101.0,
        "0.475": 106.0,
        "0.45": 128.0,
        "0.425": 208.0,
        "0.4": 250.0,
        "0.375": 288.0,
        "0.35": 341.0,
        "0.34": 339.0,
        "0.33": 424.0,
        "0.325": 438.0,
        "0.32": 411.0,
        "0.31": 404.0,
        "0.3": 547.0
    },
    "wec": {
        "0.5": 100.0,
        "0.475": 100.0,
        "0.45": 100.0,
        "0.425": 100.0,
        "0.4": 100.0,
        "0.375": 100.0,
        "0.35": 100.0,
        "0.34": 100.0,
        "0.33": 100.0,
        "0.325": 100.0,
        "0.32": 100.0,
        "0.31": 100.0,
        "0.3": 100.0
    },
    "wer": {
        "0.5": 0.9900990099009901,
        "0.475": 0.9433962264150944,
        "0.45": 0.78125,
        "0.425": 0.4807692307692308,
        "0.4": 0.4,
        "0.375": 0.3472222222222222,
        "0.35": 0.2932551319648094,
        "0.34": 0.2949852507374631,
        "0.33": 0.2358490566037736,
        "0.325": 0.228310502283105,
        "0.32": 0.24330900243309003,
        "0.31": 0.24752475247524752,
        "0.3": 0.18281535648994515
    },
    "bec": {
        "0.5": 44805.0,
        "0.475": 28900.0,
        "0.45": 9609.0,
        "0.425": 1854.0,
        "0.4": 502.0,
        "0.375": 404.0,
        "0.35": 325.0,
        "0.34": 306.0,
        "0.33": 275.0,
        "0.325": 269.0,
        "0.32": 286.0,
        "0.31": 266.0,
        "0.3": 309.0
    },
    "ber": {
        "0.5": 0.3696782178217822,
        "0.475": 0.22720125786163523,
        "0.45": 0.06255859375,
        "0.425": 0.007427884615384616,
        "0.4": 0.0016733333333333333,
        "0.375": 0.0011689814814814816,
        "0.35": 0.0007942326490713588,
        "0.34": 0.000752212389380531,
        "0.33": 0.0005404874213836478,
        "0.325": 0.0005117960426179604,
        "0.32": 0.0005798864557988645,
        "0.31": 0.0005486798679867987,
        "0.3": 0.0004707495429616088
    }
}