{
    "channel": "bec",
    "code": "1200_3_6_rand_ldpc_4",
    "decoder": "SPA",
    "max_iter": "10",
    "codeword": "0",
    "tot": {
        "0.5": 100.0,
        "0.475": 100.0,
        "0.45": 100.0,
        "0.425": 100.0,
        "0.4": 108.0,
        "0.375": 217.0,
        "0.35": 1371.0,
        "0.34": 5525.0,
        "0.33": 18290.0,
        "0.325": 54585.0,
        "0.32": 123487.0,
        "0.31": 1106474.0,
        "0.3": 4595766.0
    },
    "wec": {
        "0.5": 100.0,
        "0.475": 100.0,
        "0.45": 100.0,
        "0.425": 100.0,
        "0.4": 100.0,
        "0.375": 100.0,
        "0.35": 100.0,
        "0.34": 100.0,
        "0.33": 100.0,
        "0.325": 100.0,
        "0.32": 100.0,
        "0.31": 100.0,
        "0.3": 48.0
    },
    "wer": {
        "0.5": 1.0,
        "0.475": 1.0,
        "0.45": 1.0,
        "0.425": 1.0,
        "0.4": 0.9259259259259259,
        "0.375": 0.4608294930875576,
        "0.35": 0.07293946024799416,
        "0.34": 0.01809954751131222,
        "0.33": 0.005467468562055768,
        "0.325": 0.001832005129614363,
        "0.32": 0.0008098018414893876,
        "0.31": 9.037718012352754e-05,
        "0.3": 1.0444395994051916e-05
    },
    "bec": {
        "0.5": 51305.0,
        "0.475": 44734.0,
        "0.45": 38794.0,
        "0.425": 26741.0,
        "0.4": 12921.0,
        "0.375": 3515.0,
        "0.35": 1004.0,
        "0.34": 630.0,
        "0.33": 514.0,
        "0.325": 533.0,
        "0.32": 393.0,
        "0.31": 209.0,
        "0.3": 95.0
    },
    "ber": {
        "0.5": 0.42754166666666665,
        "0.475": 0.37278333333333336,
        "0.45": 0.3232833333333333,
        "0.425": 0.22284166666666666,
        "0.4": 0.09969907407407408,
        "0.375": 0.013498463901689708,
        "0.35": 0.0006102601507415511,
        "0.34": 9.502262443438914e-05,
        "0.33": 2.341899034080554e-05,
        "0.325": 8.137156117370462e-06,
        "0.32": 2.6521010308777444e-06,
        "0.31": 1.574069220484771e-07,
        "0.3": 1.7226000337412016e-08
    }
}