{
    "channel": "bec",
    "code": "1200_3_6_rand_ldpc_3",
    "decoder": "SPA",
    "max_iter": "10",
    "codeword": "0",
    "tot": {
        "0.5": 100.0,
        "0.475": 100.0,
        "0.45": 100.0,
        "0.425": 100.0,
        "0.4": 107.0,
        "0.375": 180.0,
        "0.35": 536.0,
        "0.34": 736.0,
        "0.33": 990.0,
        "0.325": 1041.0,
        "0.32": 988.0,
        "0.31": 1139.0,
        "0.3": 1006.0
    },
    "wec": {
        "0.5": 100.0,
        "0.475": 100.0,
        "0.45": 100.0,
        "0.425": 100.0,
        "0.4": 100.0,
        "0.375": 100.0,
        "0.35": 100.0,
        "0.34": 100.0,
        "0.33": 100.0,
        "0.325": 100.0,
        "0.32": 100.0,
        "0.31": 100.0,
        "0.3": 100.0
    },
    "wer": {
        "0.5": 1.0,
        "0.475": 1.0,
        "0.45": 1.0,
        "0.425": 1.0,
        "0.4": 0.9345794392523364,
        "0.375": 0.5555555555555556,
        "0.35": 0.1865671641791045,
        "0.34": 0.1358695652173913,
        "0.33": 0.10101010101010101,
        "0.325": 0.09606147934678194,
        "0.32": 0.10121457489878542,
        "0.31": 0.08779631255487269,
        "0.3": 0.09940357852882704
    },
    "bec": {
        "0.5": 51412.0,
        "0.475": 44709.0,
        "0.45": 38977.0,
        "0.425": 25971.0,
        "0.4": 11711.0,
        "0.375": 3193.0,
        "0.35": 560.0,
        "0.34": 307.0,
        "0.33": 200.0,
        "0.325": 204.0,
        "0.32": 200.0,
        "0.31": 200.0,
        "0.3": 200.0
    },
    "ber": {
        "0.5": 0.42843333333333333,
        "0.475": 0.372575,
        "0.45": 0.3248083333333333,
        "0.425": 0.216425,
        "0.4": 0.09120716510903427,
        "0.375": 0.014782407407407407,
        "0.35": 0.0008706467661691543,
        "0.34": 0.0003475996376811594,
        "0.33": 0.00016835016835016836,
        "0.325": 0.0001633045148895293,
        "0.32": 0.00016869095816464237,
        "0.31": 0.0001463271875914545,
        "0.3": 0.0001656726308813784
    }
}