{
    "channel": "bec",
    "code": "1200_rho_x5_rand_ldpc_9",
    "decoder": "SPA",
    "codeword": "0",
    "max_iter": "100",
    "tot": {
        "0.5": 100.0,
        "0.475": 104.0,
        "0.45": 109.0,
        "0.425": 135.0,
        "0.4": 141.0,
        "0.375": 163.0,
        "0.35": 167.0,
        "0.34": 187.0,
        "0.33": 187.0,
        "0.325": 171.0,
        "0.32": 194.0,
        "0.31": 206.0,
        "0.3": 195.0
    },
    "wec": {
        "0.5": 100.0,
        "0.475": 100.0,
        "0.45": 100.0,
        "0.425": 100.0,
        "0.4": 100.0,
        "0.375": 100.0,
        "0.35": 100.0,
        "0.34": 100.0,
        "0.33": 100.0,
        "0.325": 100.0,
        "0.32": 100.0,
        "0.31": 100.0,
        "0.3": 100.0
    },
    "wer": {
        "0.5": 1.0,
        "0.475": 0.9615384615384616,
        "0.45": 0.9174311926605505,
        "0.425": 0.7407407407407407,
        "0.4": 0.7092198581560284,
        "0.375": 0.6134969325153374,
        "0.35": 0.5988023952095808,
        "0.34": 0.5347593582887701,
        "0.33": 0.5347593582887701,
        "0.325": 0.5847953216374269,
        "0.32": 0.5154639175257731,
        "0.31": 0.4854368932038835,
        "0.3": 0.5128205128205128
    },
    "bec": {
        "0.5": 45372.0,
        "0.475": 24013.0,
        "0.45": 9296.0,
        "0.425": 837.0,
        "0.4": 672.0,
        "0.375": 319.0,
        "0.35": 248.0,
        "0.34": 235.0,
        "0.33": 230.0,
        "0.325": 186.0,
        "0.32": 195.0,
        "0.31": 211.0,
        "0.3": 203.0
    },
    "ber": {
        "0.5": 0.3781,
        "0.475": 0.19241185897435897,
        "0.45": 0.07107033639143731,
        "0.425": 0.005166666666666667,
        "0.4": 0.003971631205673759,
        "0.375": 0.001630879345603272,
        "0.35": 0.0012375249500998003,
        "0.34": 0.0010472370766488413,
        "0.33": 0.0010249554367201426,
        "0.325": 0.0009064327485380117,
        "0.32": 0.0008376288659793814,
        "0.31": 0.0008535598705501618,
        "0.3": 0.0008675213675213675
    }
}