{
    "channel": "biawgn",
    "code": "1200_3_6_rand_ldpc_9",
    "decoder": "MSA",
    "max_iter": "10",
    "codeword": "1",
    "tot": {
        "0.5": 100.0,
        "0.75": 100.0,
        "1.0": 100.0,
        "1.25": 100.0,
        "1.5": 103.0,
        "1.75": 112.0,
        "2.0": 140.0,
        "2.25": 257.0,
        "2.5": 604.0,
        "2.75": 1985.0,
        "3.0": 12266.0
    },
    "wec": {
        "0.5": 100.0,
        "0.75": 100.0,
        "1.0": 100.0,
        "1.25": 100.0,
        "1.5": 100.0,
        "1.75": 100.0,
        "2.0": 100.0,
        "2.25": 100.0,
        "2.5": 100.0,
        "2.75": 100.0,
        "3.0": 100.0
    },
    "wer": {
        "0.5": 1.0,
        "0.75": 1.0,
        "1.0": 1.0,
        "1.25": 1.0,
        "1.5": 0.970873786407767,
        "1.75": 0.8928571428571429,
        "2.0": 0.7142857142857143,
        "2.25": 0.38910505836575876,
        "2.5": 0.16556291390728478,
        "2.75": 0.05037783375314862,
        "3.0": 0.008152616990053808
    },
    "bec": {
        "0.5": 16771.0,
        "0.75": 15308.0,
        "1.0": 13669.0,
        "1.25": 10972.0,
        "1.5": 8269.0,
        "1.75": 6739.0,
        "2.0": 3660.0,
        "2.25": 2356.0,
        "2.5": 1668.0,
        "2.75": 917.0,
        "3.0": 654.0
    },
    "ber": {
        "0.5": 0.13975833333333335,
        "0.75": 0.12756666666666666,
        "1.0": 0.11390833333333333,
        "1.25": 0.09143333333333334,
        "1.5": 0.06690129449838188,
        "1.75": 0.050141369047619046,
        "2.0": 0.021785714285714287,
        "2.25": 0.007639429312581063,
        "2.5": 0.002301324503311258,
        "2.75": 0.00038497061293031067,
        "3.0": 4.443176259579325e-05
    }
}