{
    "channel": "biawgn",
    "code": "1200_3_6_ldpc",
    "decoder": "SPA",
    "max_iter": "2",
    "codeword": "0",
    "tot": {
        "0.5": 100.0,
        "0.75": 100.0,
        "1.0": 100.0,
        "1.25": 100.0,
        "1.5": 100.0,
        "1.75": 100.0,
        "2.0": 100.0,
        "2.25": 100.0,
        "2.5": 100.0,
        "2.75": 100.0,
        "3.0": 100.0
    },
    "wec": {
        "0.5": 100.0,
        "0.75": 100.0,
        "1.0": 100.0,
        "1.25": 100.0,
        "1.5": 100.0,
        "1.75": 100.0,
        "2.0": 100.0,
        "2.25": 100.0,
        "2.5": 100.0,
        "2.75": 100.0,
        "3.0": 100.0
    },
    "wer": {
        "0.5": 1.0,
        "0.75": 1.0,
        "1.0": 1.0,
        "1.25": 1.0,
        "1.5": 1.0,
        "1.75": 1.0,
        "2.0": 1.0,
        "2.25": 1.0,
        "2.5": 1.0,
        "2.75": 1.0,
        "3.0": 1.0
    },
    "bec": {
        "0.5": 13591.0,
        "0.75": 12551.0,
        "1.0": 10974.0,
        "1.25": 10044.0,
        "1.5": 8735.0,
        "1.75": 7269.0,
        "2.0": 6025.0,
        "2.25": 5194.0,
        "2.5": 4169.0,
        "2.75": 3163.0,
        "3.0": 2308.0
    },
    "ber": {
        "0.5": 0.11325833333333334,
        "0.75": 0.10459166666666667,
        "1.0": 0.09145,
        "1.25": 0.0837,
        "1.5": 0.07279166666666667,
        "1.75": 0.060575,
        "2.0": 0.050208333333333334,
        "2.25": 0.04328333333333333,
        "2.5": 0.034741666666666664,
        "2.75": 0.026358333333333334,
        "3.0": 0.019233333333333335
    }
}