{
    "channel": "biawgn",
    "code": "1200_3_6_ldpc",
    "decoder": "MSA",
    "max_iter": "2",
    "codeword": "1",
    "tot": {
        "0.5": 100.0,
        "0.75": 100.0,
        "1.0": 100.0,
        "1.25": 100.0,
        "1.5": 100.0,
        "1.75": 100.0,
        "2.0": 100.0,
        "2.25": 100.0,
        "2.5": 100.0,
        "2.75": 100.0,
        "3.0": 100.0
    },
    "wec": {
        "0.5": 100.0,
        "0.75": 100.0,
        "1.0": 100.0,
        "1.25": 100.0,
        "1.5": 100.0,
        "1.75": 100.0,
        "2.0": 100.0,
        "2.25": 100.0,
        "2.5": 100.0,
        "2.75": 100.0,
        "3.0": 100.0
    },
    "wer": {
        "0.5": 1.0,
        "0.75": 1.0,
        "1.0": 1.0,
        "1.25": 1.0,
        "1.5": 1.0,
        "1.75": 1.0,
        "2.0": 1.0,
        "2.25": 1.0,
        "2.5": 1.0,
        "2.75": 1.0,
        "3.0": 1.0
    },
    "bec": {
        "0.5": 15381.0,
        "0.75": 14162.0,
        "1.0": 12782.0,
        "1.25": 11317.0,
        "1.5": 9646.0,
        "1.75": 8710.0,
        "2.0": 7215.0,
        "2.25": 6070.0,
        "2.5": 4665.0,
        "2.75": 3732.0,
        "3.0": 2631.0
    },
    "ber": {
        "0.5": 0.128175,
        "0.75": 0.11801666666666667,
        "1.0": 0.10651666666666666,
        "1.25": 0.09430833333333333,
        "1.5": 0.08038333333333333,
        "1.75": 0.07258333333333333,
        "2.0": 0.060125,
        "2.25": 0.050583333333333334,
        "2.5": 0.038875,
        "2.75": 0.0311,
        "3.0": 0.021925
    }
}