{
    "channel": "biawgn",
    "code": "1200_3_6_rand_ldpc_10",
    "decoder": "MSA",
    "max_iter": "10",
    "codeword": "1",
    "tot": {
        "0.5": 100.0,
        "0.75": 100.0,
        "1.0": 100.0,
        "1.25": 100.0,
        "1.5": 105.0,
        "1.75": 109.0,
        "2.0": 143.0,
        "2.25": 244.0,
        "2.5": 652.0,
        "2.75": 2139.0,
        "3.0": 11932.0
    },
    "wec": {
        "0.5": 100.0,
        "0.75": 100.0,
        "1.0": 100.0,
        "1.25": 100.0,
        "1.5": 100.0,
        "1.75": 100.0,
        "2.0": 100.0,
        "2.25": 100.0,
        "2.5": 100.0,
        "2.75": 100.0,
        "3.0": 100.0
    },
    "wer": {
        "0.5": 1.0,
        "0.75": 1.0,
        "1.0": 1.0,
        "1.25": 1.0,
        "1.5": 0.9523809523809523,
        "1.75": 0.9174311926605505,
        "2.0": 0.6993006993006993,
        "2.25": 0.4098360655737705,
        "2.5": 0.15337423312883436,
        "2.75": 0.04675081813931744,
        "3.0": 0.008380824673147838
    },
    "bec": {
        "0.5": 16652.0,
        "0.75": 15218.0,
        "1.0": 13664.0,
        "1.25": 10836.0,
        "1.5": 8219.0,
        "1.75": 6281.0,
        "2.0": 3982.0,
        "2.25": 2935.0,
        "2.5": 1443.0,
        "2.75": 881.0,
        "3.0": 634.0
    },
    "ber": {
        "0.5": 0.13876666666666668,
        "0.75": 0.12681666666666666,
        "1.0": 0.11386666666666667,
        "1.25": 0.0903,
        "1.5": 0.06523015873015874,
        "1.75": 0.048019877675840976,
        "2.0": 0.023205128205128205,
        "2.25": 0.010023907103825136,
        "2.5": 0.0018443251533742332,
        "2.75": 0.0003432289231728222,
        "3.0": 4.427869035646441e-05
    }
}