{
    "channel": "biawgn",
    "code": "1200_rho_x5_rand_ldpc_2",
    "decoder": "MSA",
    "codeword": "1",
    "max_iter": "100",
    "tot": {
        "0.5": 103.0,
        "0.75": 112.0,
        "1.0": 143.0,
        "1.25": 210.0,
        "1.5": 276.0,
        "1.75": 444.0,
        "2.0": 917.0,
        "2.2": 1443.0,
        "2.3": 1597.0,
        "2.4": 1899.0,
        "2.5": 1879.0,
        "2.6": 2209.0,
        "2.7": 2669.0,
        "2.8": 2442.0,
        "2.9": 4065.0,
        "3.0": 3652.0
    },
    "wec": {
        "0.5": 100.0,
        "0.75": 100.0,
        "1.0": 100.0,
        "1.25": 100.0,
        "1.5": 100.0,
        "1.75": 100.0,
        "2.0": 100.0,
        "2.2": 100.0,
        "2.3": 100.0,
        "2.4": 100.0,
        "2.5": 100.0,
        "2.6": 100.0,
        "2.7": 100.0,
        "2.8": 100.0,
        "2.9": 100.0,
        "3.0": 100.0
    },
    "wer": {
        "0.5": 0.970873786407767,
        "0.75": 0.8928571428571429,
        "1.0": 0.6993006993006993,
        "1.25": 0.47619047619047616,
        "1.5": 0.36231884057971014,
        "1.75": 0.22522522522522523,
        "2.0": 0.10905125408942203,
        "2.2": 0.0693000693000693,
        "2.3": 0.06261740763932373,
        "2.4": 0.0526592943654555,
        "2.5": 0.05321979776476849,
        "2.6": 0.04526935264825713,
        "2.7": 0.03746721618583739,
        "2.8": 0.04095004095004095,
        "2.9": 0.024600246002460024,
        "3.0": 0.027382256297918947
    },
    "bec": {
        "0.5": 15694.0,
        "0.75": 12439.0,
        "1.0": 8449.0,
        "1.25": 6506.0,
        "1.5": 3596.0,
        "1.75": 1902.0,
        "2.0": 1428.0,
        "2.2": 1020.0,
        "2.3": 951.0,
        "2.4": 830.0,
        "2.5": 794.0,
        "2.6": 729.0,
        "2.7": 786.0,
        "2.8": 533.0,
        "2.9": 629.0,
        "3.0": 513.0
    },
    "ber": {
        "0.5": 0.12697411003236245,
        "0.75": 0.09255208333333333,
        "1.0": 0.049236596736596736,
        "1.25": 0.02581746031746032,
        "1.5": 0.010857487922705314,
        "1.75": 0.00356981981981982,
        "2.0": 0.0012977099236641222,
        "2.2": 0.000589050589050589,
        "2.3": 0.0004962429555416405,
        "2.4": 0.0003642267860277339,
        "2.5": 0.0003521376618768849,
        "2.6": 0.00027501131733816207,
        "2.7": 0.00024541026601723493,
        "2.8": 0.0001818864318864319,
        "2.9": 0.00012894628946289463,
        "3.0": 0.0001170591456736035
    }
}