{
    "channel": "biawgn",
    "code": "1200_3_6_rand_ldpc_9",
    "decoder": "SPA",
    "max_iter": "10",
    "codeword": "0",
    "tot": {
        "0.5": 100.0,
        "0.75": 100.0,
        "1.0": 101.0,
        "1.25": 102.0,
        "1.5": 123.0,
        "1.75": 174.0,
        "2.0": 306.0,
        "2.25": 760.0,
        "2.5": 2440.0,
        "2.75": 8072.0,
        "3.0": 52066.0
    },
    "wec": {
        "0.5": 100.0,
        "0.75": 100.0,
        "1.0": 100.0,
        "1.25": 100.0,
        "1.5": 100.0,
        "1.75": 100.0,
        "2.0": 100.0,
        "2.25": 100.0,
        "2.5": 100.0,
        "2.75": 100.0,
        "3.0": 100.0
    },
    "wer": {
        "0.5": 1.0,
        "0.75": 1.0,
        "1.0": 0.9900990099009901,
        "1.25": 0.9803921568627451,
        "1.5": 0.8130081300813008,
        "1.75": 0.5747126436781609,
        "2.0": 0.32679738562091504,
        "2.25": 0.13157894736842105,
        "2.5": 0.040983606557377046,
        "2.75": 0.012388503468780971,
        "3.0": 0.0019206391887220066
    },
    "bec": {
        "0.5": 12342.0,
        "0.75": 10699.0,
        "1.0": 8468.0,
        "1.25": 6335.0,
        "1.5": 4780.0,
        "1.75": 2564.0,
        "2.0": 1550.0,
        "2.25": 927.0,
        "2.5": 734.0,
        "2.75": 494.0,
        "3.0": 402.0
    },
    "ber": {
        "0.5": 0.10285,
        "0.75": 0.08915833333333334,
        "1.0": 0.06986798679867987,
        "1.25": 0.051756535947712415,
        "1.5": 0.03238482384823848,
        "1.75": 0.012279693486590039,
        "2.0": 0.004221132897603486,
        "2.25": 0.0010164473684210525,
        "2.5": 0.00025068306010928964,
        "2.75": 5.0999339279815e-05,
        "3.0": 6.434141282218722e-06
    }
}