{
    "channel": "biawgn",
    "code": "1200_3_6_rand_ldpc_5",
    "decoder": "MSA",
    "max_iter": "10",
    "codeword": "1",
    "tot": {
        "0.5": 100.0,
        "0.75": 100.0,
        "1.0": 100.0,
        "1.25": 100.0,
        "1.5": 102.0,
        "1.75": 109.0,
        "2.0": 154.0,
        "2.25": 275.0,
        "2.5": 638.0,
        "2.75": 2167.0,
        "3.0": 12757.0
    },
    "wec": {
        "0.5": 100.0,
        "0.75": 100.0,
        "1.0": 100.0,
        "1.25": 100.0,
        "1.5": 100.0,
        "1.75": 100.0,
        "2.0": 100.0,
        "2.25": 100.0,
        "2.5": 100.0,
        "2.75": 100.0,
        "3.0": 100.0
    },
    "wer": {
        "0.5": 1.0,
        "0.75": 1.0,
        "1.0": 1.0,
        "1.25": 1.0,
        "1.5": 0.9803921568627451,
        "1.75": 0.9174311926605505,
        "2.0": 0.6493506493506493,
        "2.25": 0.36363636363636365,
        "2.5": 0.15673981191222572,
        "2.75": 0.046146746654360866,
        "3.0": 0.007838833581563063
    },
    "bec": {
        "0.5": 16486.0,
        "0.75": 15268.0,
        "1.0": 13504.0,
        "1.25": 11341.0,
        "1.5": 8054.0,
        "1.75": 6104.0,
        "2.0": 4347.0,
        "2.25": 2212.0,
        "2.5": 1661.0,
        "2.75": 936.0,
        "3.0": 574.0
    },
    "ber": {
        "0.5": 0.13738333333333333,
        "0.75": 0.12723333333333334,
        "1.0": 0.11253333333333333,
        "1.25": 0.09450833333333333,
        "1.5": 0.06580065359477125,
        "1.75": 0.04666666666666667,
        "2.0": 0.02352272727272727,
        "2.25": 0.006703030303030303,
        "2.5": 0.0021695402298850574,
        "2.75": 0.0003599446239040148,
        "3.0": 3.749575396514332e-05
    }
}