{
    "channel": "biawgn",
    "code": "1200_rho_x5_rand_ldpc_5",
    "decoder": "MSA",
    "codeword": "1",
    "max_iter": "100",
    "tot": {
        "0.5": 103.0,
        "0.75": 104.0,
        "1.0": 126.0,
        "1.25": 148.0,
        "1.5": 189.0,
        "1.75": 202.0,
        "2.0": 253.0,
        "2.2": 242.0,
        "2.3": 274.0,
        "2.4": 321.0,
        "2.5": 280.0,
        "2.6": 313.0,
        "2.7": 366.0,
        "2.8": 321.0,
        "2.9": 337.0,
        "3.0": 346.0
    },
    "wec": {
        "0.5": 100.0,
        "0.75": 100.0,
        "1.0": 100.0,
        "1.25": 100.0,
        "1.5": 100.0,
        "1.75": 100.0,
        "2.0": 100.0,
        "2.2": 100.0,
        "2.3": 100.0,
        "2.4": 100.0,
        "2.5": 100.0,
        "2.6": 100.0,
        "2.7": 100.0,
        "2.8": 100.0,
        "2.9": 100.0,
        "3.0": 100.0
    },
    "wer": {
        "0.5": 0.970873786407767,
        "0.75": 0.9615384615384616,
        "1.0": 0.7936507936507936,
        "1.25": 0.6756756756756757,
        "1.5": 0.5291005291005291,
        "1.75": 0.49504950495049505,
        "2.0": 0.3952569169960474,
        "2.2": 0.4132231404958678,
        "2.3": 0.36496350364963503,
        "2.4": 0.3115264797507788,
        "2.5": 0.35714285714285715,
        "2.6": 0.3194888178913738,
        "2.7": 0.273224043715847,
        "2.8": 0.3115264797507788,
        "2.9": 0.29673590504451036,
        "3.0": 0.28901734104046245
    },
    "bec": {
        "0.5": 14790.0,
        "0.75": 11736.0,
        "1.0": 7292.0,
        "1.25": 4871.0,
        "1.5": 2327.0,
        "1.75": 836.0,
        "2.0": 520.0,
        "2.2": 310.0,
        "2.3": 187.0,
        "2.4": 325.0,
        "2.5": 173.0,
        "2.6": 277.0,
        "2.7": 192.0,
        "2.8": 187.0,
        "2.9": 157.0,
        "3.0": 147.0
    },
    "ber": {
        "0.5": 0.11966019417475728,
        "0.75": 0.09403846153846154,
        "1.0": 0.04822751322751323,
        "1.25": 0.027426801801801803,
        "1.5": 0.010260141093474427,
        "1.75": 0.003448844884488449,
        "2.0": 0.0017127799736495388,
        "2.2": 0.0010674931129476585,
        "2.3": 0.0005687347931873479,
        "2.4": 0.0008437175493250259,
        "2.5": 0.0005148809523809524,
        "2.6": 0.0007374866879659212,
        "2.7": 0.0004371584699453552,
        "2.8": 0.00048546209761163035,
        "2.9": 0.00038822947576656777,
        "3.0": 0.00035404624277456646
    }
}