{
    "channel": "biawgn",
    "code": "1200_rho_x5_rand_ldpc_9",
    "decoder": "SPA",
    "codeword": "0",
    "max_iter": "100",
    "tot": {
        "0.5": 108.0,
        "0.75": 120.0,
        "1.0": 124.0,
        "1.25": 244.0,
        "1.5": 295.0,
        "1.75": 387.0,
        "2.0": 517.0,
        "2.25": 513.0,
        "2.5": 642.0,
        "2.75": 677.0,
        "3.0": 793.0
    },
    "wec": {
        "0.5": 100.0,
        "0.75": 100.0,
        "1.0": 100.0,
        "1.25": 100.0,
        "1.5": 100.0,
        "1.75": 100.0,
        "2.0": 100.0,
        "2.25": 100.0,
        "2.5": 100.0,
        "2.75": 100.0,
        "3.0": 100.0
    },
    "wer": {
        "0.5": 0.9259259259259259,
        "0.75": 0.8333333333333334,
        "1.0": 0.8064516129032258,
        "1.25": 0.4098360655737705,
        "1.5": 0.3389830508474576,
        "1.75": 0.25839793281653745,
        "2.0": 0.19342359767891681,
        "2.25": 0.1949317738791423,
        "2.5": 0.1557632398753894,
        "2.75": 0.14771048744460857,
        "3.0": 0.12610340479192939
    },
    "bec": {
        "0.5": 8369.0,
        "0.75": 5816.0,
        "1.0": 4342.0,
        "1.25": 2864.0,
        "1.5": 1282.0,
        "1.75": 572.0,
        "2.0": 303.0,
        "2.25": 250.0,
        "2.5": 203.0,
        "2.75": 180.0,
        "3.0": 169.0
    },
    "ber": {
        "0.5": 0.06457561728395061,
        "0.75": 0.04038888888888889,
        "1.0": 0.02918010752688172,
        "1.25": 0.009781420765027322,
        "1.5": 0.0036214689265536724,
        "1.75": 0.001231696813092162,
        "2.0": 0.000488394584139265,
        "2.25": 0.0004061078622482131,
        "2.5": 0.00026349948078920044,
        "2.75": 0.00022156573116691286,
        "3.0": 0.00017759562841530055
    }
}