{
    "channel": "biawgn",
    "code": "1200_3_6_rand_ldpc_1",
    "decoder": "SPA",
    "max_iter": "10",
    "codeword": "0",
    "tot": {
        "0.5": 100.0,
        "0.75": 100.0,
        "1.0": 101.0,
        "1.25": 102.0,
        "1.5": 118.0,
        "1.75": 173.0,
        "2.0": 295.0,
        "2.25": 787.0,
        "2.5": 2631.0,
        "2.75": 8974.0,
        "3.0": 62736.0
    },
    "wec": {
        "0.5": 100.0,
        "0.75": 100.0,
        "1.0": 100.0,
        "1.25": 100.0,
        "1.5": 100.0,
        "1.75": 100.0,
        "2.0": 100.0,
        "2.25": 100.0,
        "2.5": 100.0,
        "2.75": 100.0,
        "3.0": 100.0
    },
    "wer": {
        "0.5": 1.0,
        "0.75": 1.0,
        "1.0": 0.9900990099009901,
        "1.25": 0.9803921568627451,
        "1.5": 0.847457627118644,
        "1.75": 0.5780346820809249,
        "2.0": 0.3389830508474576,
        "2.25": 0.12706480304955528,
        "2.5": 0.03800836183960471,
        "2.75": 0.011143302874972142,
        "3.0": 0.0015939811272634532
    },
    "bec": {
        "0.5": 12288.0,
        "0.75": 10745.0,
        "1.0": 8560.0,
        "1.25": 6441.0,
        "1.5": 4329.0,
        "1.75": 2587.0,
        "2.0": 1291.0,
        "2.25": 1061.0,
        "2.5": 653.0,
        "2.75": 635.0,
        "3.0": 429.0
    },
    "ber": {
        "0.5": 0.1024,
        "0.75": 0.08954166666666667,
        "1.0": 0.07062706270627063,
        "1.25": 0.05262254901960784,
        "1.5": 0.030572033898305085,
        "1.75": 0.012461464354527938,
        "2.0": 0.0036468926553672315,
        "2.25": 0.001123464633629818,
        "2.5": 0.0002068288356771823,
        "2.75": 5.896664438006092e-05,
        "3.0": 5.698482529966845e-06
    }
}