{
    "channel": "biawgn",
    "code": "1200_rho_x5_rand_ldpc_10",
    "decoder": "SPA",
    "codeword": "0",
    "max_iter": "100",
    "tot": {
        "0.5": 112.0,
        "0.75": 129.0,
        "1.0": 141.0,
        "1.25": 182.0,
        "1.5": 274.0,
        "1.75": 271.0,
        "2.0": 394.0,
        "2.25": 406.0,
        "2.5": 349.0,
        "2.75": 458.0,
        "3.0": 530.0
    },
    "wec": {
        "0.5": 100.0,
        "0.75": 100.0,
        "1.0": 100.0,
        "1.25": 100.0,
        "1.5": 100.0,
        "1.75": 100.0,
        "2.0": 100.0,
        "2.25": 100.0,
        "2.5": 100.0,
        "2.75": 100.0,
        "3.0": 100.0
    },
    "wer": {
        "0.5": 0.8928571428571429,
        "0.75": 0.7751937984496124,
        "1.0": 0.7092198581560284,
        "1.25": 0.5494505494505495,
        "1.5": 0.36496350364963503,
        "1.75": 0.36900369003690037,
        "2.0": 0.25380710659898476,
        "2.25": 0.24630541871921183,
        "2.5": 0.28653295128939826,
        "2.75": 0.2183406113537118,
        "3.0": 0.18867924528301888
    },
    "bec": {
        "0.5": 9210.0,
        "0.75": 6557.0,
        "1.0": 3599.0,
        "1.25": 2136.0,
        "1.5": 1185.0,
        "1.75": 451.0,
        "2.0": 215.0,
        "2.25": 192.0,
        "2.5": 189.0,
        "2.75": 147.0,
        "3.0": 156.0
    },
    "ber": {
        "0.5": 0.06852678571428572,
        "0.75": 0.0423578811369509,
        "1.0": 0.021270685579196216,
        "1.25": 0.00978021978021978,
        "1.5": 0.003604014598540146,
        "1.75": 0.001386838868388684,
        "2.0": 0.0004547377326565144,
        "2.25": 0.00039408866995073894,
        "2.5": 0.0004512893982808023,
        "2.75": 0.00026746724890829693,
        "3.0": 0.00024528301886792453
    }
}