{
    "channel": "biawgn",
    "code": "1200_rho_x5_rand_ldpc_2",
    "decoder": "SPA",
    "codeword": "0",
    "max_iter": "100",
    "tot": {
        "0.5": 107.0,
        "0.75": 130.0,
        "1.0": 188.0,
        "1.25": 292.0,
        "1.5": 654.0,
        "1.75": 1528.0,
        "2.0": 2780.0,
        "2.25": 3704.0,
        "2.5": 3673.0,
        "2.75": 5789.0,
        "3.0": 6611.0
    },
    "wec": {
        "0.5": 100.0,
        "0.75": 100.0,
        "1.0": 100.0,
        "1.25": 100.0,
        "1.5": 100.0,
        "1.75": 100.0,
        "2.0": 100.0,
        "2.25": 100.0,
        "2.5": 100.0,
        "2.75": 100.0,
        "3.0": 100.0
    },
    "wer": {
        "0.5": 0.9345794392523364,
        "0.75": 0.7692307692307693,
        "1.0": 0.5319148936170213,
        "1.25": 0.3424657534246575,
        "1.5": 0.1529051987767584,
        "1.75": 0.06544502617801047,
        "2.0": 0.03597122302158273,
        "2.25": 0.026997840172786176,
        "2.5": 0.027225701061802342,
        "2.75": 0.017274140611504576,
        "3.0": 0.015126304643775526
    },
    "bec": {
        "0.5": 8406.0,
        "0.75": 6466.0,
        "1.0": 5217.0,
        "1.25": 3751.0,
        "1.5": 2193.0,
        "1.75": 1582.0,
        "2.0": 797.0,
        "2.25": 723.0,
        "2.5": 473.0,
        "2.75": 416.0,
        "3.0": 379.0
    },
    "ber": {
        "0.5": 0.06546728971962616,
        "0.75": 0.04144871794871795,
        "1.0": 0.023125,
        "1.25": 0.010704908675799086,
        "1.5": 0.00279434250764526,
        "1.75": 0.000862783595113438,
        "2.0": 0.00023890887290167867,
        "2.25": 0.00016266198704103672,
        "2.5": 0.00010731463835193756,
        "2.75": 5.988368745321587e-05,
        "3.0": 4.777391216659104e-05
    }
}