{
    "channel": "biawgn",
    "code": "1200_3_6_rand_ldpc_5",
    "decoder": "SPA",
    "max_iter": "10",
    "codeword": "0",
    "tot": {
        "0.5": 100.0,
        "0.75": 100.0,
        "1.0": 101.0,
        "1.25": 102.0,
        "1.5": 117.0,
        "1.75": 167.0,
        "2.0": 280.0,
        "2.25": 793.0,
        "2.5": 2665.0,
        "2.75": 10546.0,
        "3.0": 51230.0
    },
    "wec": {
        "0.5": 100.0,
        "0.75": 100.0,
        "1.0": 100.0,
        "1.25": 100.0,
        "1.5": 100.0,
        "1.75": 100.0,
        "2.0": 100.0,
        "2.25": 100.0,
        "2.5": 100.0,
        "2.75": 100.0,
        "3.0": 100.0
    },
    "wer": {
        "0.5": 1.0,
        "0.75": 1.0,
        "1.0": 0.9900990099009901,
        "1.25": 0.9803921568627451,
        "1.5": 0.8547008547008547,
        "1.75": 0.5988023952095808,
        "2.0": 0.35714285714285715,
        "2.25": 0.12610340479192939,
        "2.5": 0.0375234521575985,
        "2.75": 0.009482268158543524,
        "3.0": 0.0019519812609798946
    },
    "bec": {
        "0.5": 12392.0,
        "0.75": 10655.0,
        "1.0": 8566.0,
        "1.25": 6626.0,
        "1.5": 4072.0,
        "1.75": 2742.0,
        "2.0": 1302.0,
        "2.25": 871.0,
        "2.5": 573.0,
        "2.75": 622.0,
        "3.0": 377.0
    },
    "ber": {
        "0.5": 0.10326666666666667,
        "0.75": 0.08879166666666667,
        "1.0": 0.07067656765676568,
        "1.25": 0.054133986928104574,
        "1.5": 0.029002849002849003,
        "1.75": 0.013682634730538922,
        "2.0": 0.003875,
        "2.25": 0.0009153005464480875,
        "2.5": 0.00017917448405253283,
        "2.75": 4.914975662178393e-05,
        "3.0": 6.132474461578502e-06
    }
}