{
    "channel": "biawgn",
    "code": "7_4_hamming",
    "decoder": "SPA",
    "max_iter": "10",
    "codeword": "1",
    "tot": {
        "2.0": 2467.0,
        "2.5": 2981.0,
        "3.0": 4215.0,
        "3.5": 6772.0,
        "4.0": 11559.0,
        "4.5": 3562.0,
        "5.0": 25098.0,
        "5.5": 49570.0,
        "6.0": 89951.0,
        "6.6": 238715.0,
        "7.0": 452281.0
    },
    "wec": {
        "2.0": 300.0,
        "2.5": 300.0,
        "3.0": 300.0,
        "3.5": 300.0,
        "4.0": 300.0,
        "4.5": 68.0,
        "5.0": 300.0,
        "5.5": 300.0,
        "6.0": 300.0,
        "6.6": 300.0,
        "7.0": 300.0
    },
    "wer": {
        "2.0": 0.12160518848804215,
        "2.5": 0.10063737001006373,
        "3.0": 0.0711743772241993,
        "3.5": 0.044300059066745424,
        "4.0": 0.025953802232026993,
        "4.5": 0.01909039865244245,
        "5.0": 0.011953143676786996,
        "5.5": 0.006052047609441194,
        "6.0": 0.003335149136752232,
        "6.6": 0.001256728735102528,
        "7.0": 0.0006633044501095558
    },
    "bec": {
        "2.0": 746.0,
        "2.5": 761.0,
        "3.0": 779.0,
        "3.5": 765.0,
        "4.0": 799.0,
        "4.5": 176.0,
        "5.0": 779.0,
        "5.5": 796.0,
        "6.0": 805.0,
        "6.6": 797.0,
        "7.0": 777.0
    },
    "ber": {
        "2.0": 0.04319879552956164,
        "2.5": 0.03646906598936119,
        "3.0": 0.02640230469411964,
        "3.5": 0.01613787866002869,
        "4.0": 0.009874803801614079,
        "4.5": 0.0070586347958610735,
        "5.0": 0.004434047106770033,
        "5.5": 0.002294014236721519,
        "6.0": 0.0012784738357550223,
        "6.6": 0.00047695847708414995,
        "7.0": 0.00024542264654053565
    }
}