{
    "channel": "biawgn",
    "code": "1200_rho_x5_rand_ldpc_7",
    "decoder": "SPA",
    "codeword": "0",
    "max_iter": "100",
    "tot": {
        "0.5": 105.0,
        "0.75": 126.0,
        "1.0": 140.0,
        "1.25": 219.0,
        "1.5": 304.0,
        "1.75": 526.0,
        "2.0": 548.0,
        "2.25": 679.0,
        "2.5": 778.0,
        "2.75": 802.0,
        "3.0": 710.0
    },
    "wec": {
        "0.5": 100.0,
        "0.75": 100.0,
        "1.0": 100.0,
        "1.25": 100.0,
        "1.5": 100.0,
        "1.75": 100.0,
        "2.0": 100.0,
        "2.25": 100.0,
        "2.5": 100.0,
        "2.75": 100.0,
        "3.0": 100.0
    },
    "wer": {
        "0.5": 0.9523809523809523,
        "0.75": 0.7936507936507936,
        "1.0": 0.7142857142857143,
        "1.25": 0.45662100456621,
        "1.5": 0.32894736842105265,
        "1.75": 0.19011406844106463,
        "2.0": 0.18248175182481752,
        "2.25": 0.14727540500736377,
        "2.5": 0.12853470437017994,
        "2.75": 0.12468827930174564,
        "3.0": 0.14084507042253522
    },
    "bec": {
        "0.5": 8418.0,
        "0.75": 6185.0,
        "1.0": 4269.0,
        "1.25": 3057.0,
        "1.5": 1124.0,
        "1.75": 765.0,
        "2.0": 298.0,
        "2.25": 212.0,
        "2.5": 193.0,
        "2.75": 164.0,
        "3.0": 146.0
    },
    "ber": {
        "0.5": 0.0668095238095238,
        "0.75": 0.040906084656084654,
        "1.0": 0.025410714285714286,
        "1.25": 0.011632420091324201,
        "1.5": 0.003081140350877193,
        "1.75": 0.0012119771863117871,
        "2.0": 0.00045316301703163015,
        "2.25": 0.00026018654884634265,
        "2.5": 0.0002067266495287061,
        "2.75": 0.00017040731504571903,
        "3.0": 0.00017136150234741784
    }
}