{
    "channel": "biawgn",
    "code": "7_4_hamming",
    "decoder": "ADMM",
    "codeword": "1",
    "mu": "3.0",
    "eps": "1e-05",
    "tot": {
        "2.0": 2583.0,
        "2.5": 3094.0,
        "3.0": 4275.0,
        "3.5": 6617.0,
        "4.0": 10959.0,
        "4.5": 15475.0,
        "5.0": 24150.0,
        "5.5": 44241.0,
        "6.0": 80943.0,
        "6.6": 209045.0,
        "7.0": 420999.0
    },
    "wec": {
        "2.0": 300.0,
        "2.5": 300.0,
        "3.0": 300.0,
        "3.5": 300.0,
        "4.0": 300.0,
        "4.5": 300.0,
        "5.0": 300.0,
        "5.5": 300.0,
        "6.0": 300.0,
        "6.6": 300.0,
        "7.0": 300.0
    },
    "wer": {
        "2.0": 0.11614401858304298,
        "2.5": 0.09696186166774402,
        "3.0": 0.07017543859649122,
        "3.5": 0.04533776635937736,
        "4.0": 0.02737476047084588,
        "4.5": 0.01938610662358643,
        "5.0": 0.012422360248447204,
        "5.5": 0.006781040211568455,
        "6.0": 0.0037063118490789815,
        "6.6": 0.0014350977062354995,
        "7.0": 0.000712590766248851
    },
    "bec": {
        "2.0": 790.0,
        "2.5": 803.0,
        "3.0": 797.0,
        "3.5": 788.0,
        "4.0": 783.0,
        "4.5": 797.0,
        "5.0": 778.0,
        "5.5": 772.0,
        "6.0": 791.0,
        "6.6": 774.0,
        "7.0": 764.0
    },
    "ber": {
        "2.0": 0.043692273657430454,
        "2.5": 0.037076369009142116,
        "3.0": 0.02663324979114453,
        "3.5": 0.017012457091042554,
        "4.0": 0.01020687497555825,
        "4.5": 0.007357489037618278,
        "5.0": 0.004602188701567584,
        "5.5": 0.0024928395444432606,
        "6.0": 0.0013960441298197497,
        "6.6": 0.0005289360117267984,
        "7.0": 0.00025924730734005813
    }
}