{
    "channel": "biawgn",
    "code": "7_4_hamming",
    "decoder": "ML",
    "max_iter": "10",
    "codeword": "1",
    "tot": {
        "2.0": 3636.0,
        "2.5": 4227.0,
        "3.0": 6793.0,
        "3.5": 10516.0,
        "4.0": 15898.0,
        "4.5": 22734.0,
        "5.0": 43486.0,
        "5.5": 72506.0,
        "6.0": 82360.0,
        "6.6": 378386.0,
        "7.0": 848117.0
    },
    "wec": {
        "2.0": 300.0,
        "2.5": 300.0,
        "3.0": 300.0,
        "3.5": 300.0,
        "4.0": 300.0,
        "4.5": 300.0,
        "5.0": 300.0,
        "5.5": 300.0,
        "6.0": 169.0,
        "6.6": 300.0,
        "7.0": 300.0
    },
    "wer": {
        "2.0": 0.08250825082508251,
        "2.5": 0.07097232079488999,
        "3.0": 0.04416310908287943,
        "3.5": 0.028527957398250287,
        "4.0": 0.01887029815071078,
        "4.5": 0.013196093956188967,
        "5.0": 0.006898772018580693,
        "5.5": 0.004137588613356136,
        "6.0": 0.002051966974259349,
        "6.6": 0.0007928411727706628,
        "7.0": 0.0003537247808969753
    },
    "bec": {
        "2.0": 946.0,
        "2.5": 951.0,
        "3.0": 946.0,
        "3.5": 959.0,
        "4.0": 935.0,
        "4.5": 933.0,
        "5.0": 942.0,
        "5.5": 928.0,
        "6.0": 520.0,
        "6.6": 916.0,
        "7.0": 917.0
    },
    "ber": {
        "2.0": 0.03716800251453717,
        "2.5": 0.03214032241711447,
        "3.0": 0.019894429139239975,
        "3.5": 0.01302776721186763,
        "4.0": 0.008401775605197418,
        "4.5": 0.005862836029106813,
        "5.0": 0.003094592019763339,
        "5.5": 0.0018284201110449973,
        "6.0": 0.0009019635051689447,
        "6.6": 0.000345829768694251,
        "7.0": 0.0001544598209916792
    }
}