{
    "channel": "biawgn",
    "code": "1200_rho_x5_rand_ldpc_8",
    "decoder": "SPA",
    "codeword": "0",
    "max_iter": "100",
    "tot": {
        "0.5": 109.0,
        "0.75": 127.0,
        "1.0": 147.0,
        "1.25": 217.0,
        "1.5": 380.0,
        "1.75": 512.0,
        "2.0": 525.0,
        "2.25": 572.0,
        "2.5": 817.0,
        "2.75": 805.0,
        "3.0": 1030.0
    },
    "wec": {
        "0.5": 100.0,
        "0.75": 100.0,
        "1.0": 100.0,
        "1.25": 100.0,
        "1.5": 100.0,
        "1.75": 100.0,
        "2.0": 100.0,
        "2.25": 100.0,
        "2.5": 100.0,
        "2.75": 100.0,
        "3.0": 100.0
    },
    "wer": {
        "0.5": 0.9174311926605505,
        "0.75": 0.7874015748031497,
        "1.0": 0.6802721088435374,
        "1.25": 0.4608294930875576,
        "1.5": 0.2631578947368421,
        "1.75": 0.1953125,
        "2.0": 0.19047619047619047,
        "2.25": 0.17482517482517482,
        "2.5": 0.12239902080783353,
        "2.75": 0.12422360248447205,
        "3.0": 0.0970873786407767
    },
    "bec": {
        "0.5": 9475.0,
        "0.75": 5724.0,
        "1.0": 4431.0,
        "1.25": 2689.0,
        "1.5": 1165.0,
        "1.75": 545.0,
        "2.0": 293.0,
        "2.25": 214.0,
        "2.5": 213.0,
        "2.75": 198.0,
        "3.0": 153.0
    },
    "ber": {
        "0.5": 0.0724388379204893,
        "0.75": 0.03755905511811024,
        "1.0": 0.02511904761904762,
        "1.25": 0.01032642089093702,
        "1.5": 0.0025548245614035086,
        "1.75": 0.0008870442708333333,
        "2.0": 0.0004650793650793651,
        "2.25": 0.0003117715617715618,
        "2.5": 0.00021725826193390454,
        "2.75": 0.0002049689440993789,
        "3.0": 0.00012378640776699028
    }
}