{
    "channel": "biawgn",
    "code": "1200_3_6_ldpc",
    "decoder": "MSA",
    "max_iter": "1",
    "codeword": "1",
    "tot": {
        "0.5": 100.0,
        "0.75": 100.0,
        "1.0": 100.0,
        "1.25": 100.0,
        "1.5": 100.0,
        "1.75": 100.0,
        "2.0": 100.0,
        "2.25": 100.0,
        "2.5": 100.0,
        "2.75": 100.0,
        "3.0": 100.0
    },
    "wec": {
        "0.5": 100.0,
        "0.75": 100.0,
        "1.0": 100.0,
        "1.25": 100.0,
        "1.5": 100.0,
        "1.75": 100.0,
        "2.0": 100.0,
        "2.25": 100.0,
        "2.5": 100.0,
        "2.75": 100.0,
        "3.0": 100.0
    },
    "wer": {
        "0.5": 1.0,
        "0.75": 1.0,
        "1.0": 1.0,
        "1.25": 1.0,
        "1.5": 1.0,
        "1.75": 1.0,
        "2.0": 1.0,
        "2.25": 1.0,
        "2.5": 1.0,
        "2.75": 1.0,
        "3.0": 1.0
    },
    "bec": {
        "0.5": 15543.0,
        "0.75": 14507.0,
        "1.0": 13331.0,
        "1.25": 12177.0,
        "1.5": 10937.0,
        "1.75": 10082.0,
        "2.0": 8964.0,
        "2.25": 8020.0,
        "2.5": 6814.0,
        "2.75": 5932.0,
        "3.0": 4922.0
    },
    "ber": {
        "0.5": 0.129525,
        "0.75": 0.12089166666666666,
        "1.0": 0.11109166666666667,
        "1.25": 0.101475,
        "1.5": 0.09114166666666666,
        "1.75": 0.08401666666666667,
        "2.0": 0.0747,
        "2.25": 0.06683333333333333,
        "2.5": 0.05678333333333333,
        "2.75": 0.049433333333333336,
        "3.0": 0.04101666666666667
    }
}