{
    "channel": "biawgn",
    "code": "1200_3_6_rand_ldpc_3",
    "decoder": "MSA",
    "max_iter": "10",
    "codeword": "1",
    "tot": {
        "0.5": 100.0,
        "0.75": 100.0,
        "1.0": 100.0,
        "1.25": 101.0,
        "1.5": 103.0,
        "1.75": 112.0,
        "2.0": 139.0,
        "2.25": 256.0,
        "2.5": 445.0,
        "2.75": 1406.0,
        "3.0": 2305.0
    },
    "wec": {
        "0.5": 100.0,
        "0.75": 100.0,
        "1.0": 100.0,
        "1.25": 100.0,
        "1.5": 100.0,
        "1.75": 100.0,
        "2.0": 100.0,
        "2.25": 100.0,
        "2.5": 100.0,
        "2.75": 100.0,
        "3.0": 100.0
    },
    "wer": {
        "0.5": 1.0,
        "0.75": 1.0,
        "1.0": 1.0,
        "1.25": 0.9900990099009901,
        "1.5": 0.970873786407767,
        "1.75": 0.8928571428571429,
        "2.0": 0.7194244604316546,
        "2.25": 0.390625,
        "2.5": 0.2247191011235955,
        "2.75": 0.07112375533428165,
        "3.0": 0.04338394793926247
    },
    "bec": {
        "0.5": 16793.0,
        "0.75": 15276.0,
        "1.0": 13501.0,
        "1.25": 10493.0,
        "1.5": 7845.0,
        "1.75": 6035.0,
        "2.0": 3589.0,
        "2.25": 2479.0,
        "2.5": 1057.0,
        "2.75": 615.0,
        "3.0": 249.0
    },
    "ber": {
        "0.5": 0.13994166666666666,
        "0.75": 0.1273,
        "1.0": 0.11250833333333334,
        "1.25": 0.08657590759075907,
        "1.5": 0.06347087378640777,
        "1.75": 0.04490327380952381,
        "2.0": 0.021516786570743407,
        "2.25": 0.008069661458333334,
        "2.5": 0.0019794007490636705,
        "2.75": 0.00036450924608819345,
        "3.0": 9.002169197396963e-05
    }
}