{
    "channel": "biawgn",
    "code": "7_4_hamming",
    "decoder": "LP",
    "max_iter": "10",
    "codeword": "1",
    "tot": {
        "2.0": 2583.0,
        "2.5": 3094.0,
        "3.0": 4275.0,
        "3.5": 6617.0,
        "4.0": 10959.0,
        "4.5": 15475.0,
        "5.0": 24150.0,
        "5.5": 44241.0,
        "6.0": 80943.0,
        "6.6": 209045.0,
        "7.0": 177225.0
    },
    "wec": {
        "2.0": 300.0,
        "2.5": 300.0,
        "3.0": 300.0,
        "3.5": 300.0,
        "4.0": 300.0,
        "4.5": 300.0,
        "5.0": 300.0,
        "5.5": 300.0,
        "6.0": 300.0,
        "6.6": 300.0,
        "7.0": 124.0
    },
    "wer": {
        "2.0": 0.11614401858304298,
        "2.5": 0.09696186166774402,
        "3.0": 0.07017543859649122,
        "3.5": 0.04533776635937736,
        "4.0": 0.02737476047084588,
        "4.5": 0.01938610662358643,
        "5.0": 0.012422360248447204,
        "5.5": 0.006781040211568455,
        "6.0": 0.0037063118490789815,
        "6.6": 0.0014350977062354995,
        "7.0": 0.0006996755536747073
    },
    "bec": {
        "2.0": 1041.0,
        "2.5": 1054.0,
        "3.0": 1050.0,
        "3.5": 1036.0,
        "4.0": 1051.0,
        "4.5": 1029.0,
        "5.0": 1019.0,
        "5.5": 1035.0,
        "6.0": 1019.0,
        "6.6": 1017.0,
        "7.0": 431.0
    },
    "ber": {
        "2.0": 0.057574249211879876,
        "2.5": 0.04866562009419152,
        "3.0": 0.03508771929824561,
        "3.5": 0.0223666314039595,
        "4.0": 0.013700415835647153,
        "4.5": 0.00949919224555735,
        "5.0": 0.006027802425317953,
        "5.5": 0.003342084104273024,
        "6.0": 0.0017984437020054677,
        "6.6": 0.0006949973177340491,
        "7.0": 0.00034741954335691113
    }
}