{
    "channel": "biawgn",
    "code": "1200_3_6_rand_ldpc_4",
    "decoder": "SPA",
    "max_iter": "10",
    "codeword": "0",
    "tot": {
        "0.5": 100.0,
        "0.75": 100.0,
        "1.0": 100.0,
        "1.25": 104.0,
        "1.5": 125.0,
        "1.75": 166.0,
        "2.0": 333.0,
        "2.25": 905.0,
        "2.5": 3256.0,
        "2.75": 12258.0,
        "3.0": 80879.0
    },
    "wec": {
        "0.5": 100.0,
        "0.75": 100.0,
        "1.0": 100.0,
        "1.25": 100.0,
        "1.5": 100.0,
        "1.75": 100.0,
        "2.0": 100.0,
        "2.25": 100.0,
        "2.5": 100.0,
        "2.75": 100.0,
        "3.0": 100.0
    },
    "wer": {
        "0.5": 1.0,
        "0.75": 1.0,
        "1.0": 1.0,
        "1.25": 0.9615384615384616,
        "1.5": 0.8,
        "1.75": 0.6024096385542169,
        "2.0": 0.3003003003003003,
        "2.25": 0.11049723756906077,
        "2.5": 0.030712530712530713,
        "2.75": 0.008157937673356175,
        "3.0": 0.0012364148913809518
    },
    "bec": {
        "0.5": 12331.0,
        "0.75": 10610.0,
        "1.0": 8727.0,
        "1.25": 6513.0,
        "1.5": 4575.0,
        "1.75": 2504.0,
        "2.0": 1588.0,
        "2.25": 975.0,
        "2.5": 757.0,
        "2.75": 534.0,
        "3.0": 651.0
    },
    "ber": {
        "0.5": 0.10275833333333333,
        "0.75": 0.08841666666666667,
        "1.0": 0.072725,
        "1.25": 0.0521875,
        "1.5": 0.0305,
        "1.75": 0.012570281124497993,
        "2.0": 0.003973973973973974,
        "2.25": 0.0008977900552486188,
        "2.5": 0.00019374488124488125,
        "2.75": 3.630282264643498e-05,
        "3.0": 6.707550785741663e-06
    }
}