{
    "channel": "biawgn",
    "code": "1200_rho_x5_rand_ldpc_1",
    "decoder": "MSA",
    "codeword": "1",
    "max_iter": "100",
    "tot": {
        "0.5": 105.0,
        "0.75": 112.0,
        "1.0": 138.0,
        "1.25": 185.0,
        "1.5": 322.0,
        "1.75": 562.0,
        "2.0": 992.0,
        "2.2": 1261.0,
        "2.3": 1903.0,
        "2.4": 2500.0,
        "2.5": 2353.0,
        "2.6": 3382.0,
        "2.7": 3790.0,
        "2.8": 4040.0,
        "2.9": 4187.0,
        "3.0": 5189.0
    },
    "wec": {
        "0.5": 100.0,
        "0.75": 100.0,
        "1.0": 100.0,
        "1.25": 100.0,
        "1.5": 100.0,
        "1.75": 100.0,
        "2.0": 100.0,
        "2.2": 100.0,
        "2.3": 100.0,
        "2.4": 100.0,
        "2.5": 100.0,
        "2.6": 100.0,
        "2.7": 100.0,
        "2.8": 100.0,
        "2.9": 100.0,
        "3.0": 100.0
    },
    "wer": {
        "0.5": 0.9523809523809523,
        "0.75": 0.8928571428571429,
        "1.0": 0.7246376811594203,
        "1.25": 0.5405405405405406,
        "1.5": 0.3105590062111801,
        "1.75": 0.17793594306049823,
        "2.0": 0.10080645161290322,
        "2.2": 0.07930214115781126,
        "2.3": 0.05254860746190226,
        "2.4": 0.04,
        "2.5": 0.042498937526561836,
        "2.6": 0.02956830277942046,
        "2.7": 0.026385224274406333,
        "2.8": 0.024752475247524754,
        "2.9": 0.02388344877000239,
        "3.0": 0.01927153594141453
    },
    "bec": {
        "0.5": 15539.0,
        "0.75": 13055.0,
        "1.0": 8036.0,
        "1.25": 6028.0,
        "1.5": 4255.0,
        "1.75": 2058.0,
        "2.0": 1393.0,
        "2.2": 1118.0,
        "2.3": 875.0,
        "2.4": 864.0,
        "2.5": 761.0,
        "2.6": 783.0,
        "2.7": 735.0,
        "2.8": 686.0,
        "2.9": 590.0,
        "3.0": 643.0
    },
    "ber": {
        "0.5": 0.12332539682539682,
        "0.75": 0.09713541666666667,
        "1.0": 0.04852657004830918,
        "1.25": 0.027153153153153153,
        "1.5": 0.011011904761904763,
        "1.75": 0.0030516014234875447,
        "2.0": 0.0011701948924731182,
        "2.2": 0.0007388316151202749,
        "2.3": 0.000383166929409704,
        "2.4": 0.000288,
        "2.5": 0.00026951409548094633,
        "2.6": 0.0001929331756357185,
        "2.7": 0.0001616094986807388,
        "2.8": 0.0001415016501650165,
        "2.9": 0.00011742695645251174,
        "3.0": 0.00010326331341941286
    }
}