{
    "channel": "biawgn",
    "code": "1200_rho_x5_rand_ldpc_7",
    "decoder": "MSA",
    "codeword": "1",
    "max_iter": "100",
    "tot": {
        "0.5": 101.0,
        "0.75": 109.0,
        "1.0": 131.0,
        "1.25": 177.0,
        "1.5": 219.0,
        "1.75": 312.0,
        "2.0": 335.0,
        "2.2": 485.0,
        "2.3": 521.0,
        "2.4": 551.0,
        "2.5": 596.0,
        "2.6": 693.0,
        "2.7": 603.0,
        "2.8": 744.0,
        "2.9": 865.0,
        "3.0": 722.0
    },
    "wec": {
        "0.5": 100.0,
        "0.75": 100.0,
        "1.0": 100.0,
        "1.25": 100.0,
        "1.5": 100.0,
        "1.75": 100.0,
        "2.0": 100.0,
        "2.2": 100.0,
        "2.3": 100.0,
        "2.4": 100.0,
        "2.5": 100.0,
        "2.6": 100.0,
        "2.7": 100.0,
        "2.8": 100.0,
        "2.9": 100.0,
        "3.0": 100.0
    },
    "wer": {
        "0.5": 0.9900990099009901,
        "0.75": 0.9174311926605505,
        "1.0": 0.7633587786259542,
        "1.25": 0.5649717514124294,
        "1.5": 0.45662100456621,
        "1.75": 0.32051282051282054,
        "2.0": 0.29850746268656714,
        "2.2": 0.20618556701030927,
        "2.3": 0.19193857965451055,
        "2.4": 0.18148820326678766,
        "2.5": 0.16778523489932887,
        "2.6": 0.1443001443001443,
        "2.7": 0.16583747927031509,
        "2.8": 0.13440860215053763,
        "2.9": 0.11560693641618497,
        "3.0": 0.13850415512465375
    },
    "bec": {
        "0.5": 14922.0,
        "0.75": 12231.0,
        "1.0": 7779.0,
        "1.25": 5596.0,
        "1.5": 2959.0,
        "1.75": 1446.0,
        "2.0": 726.0,
        "2.2": 434.0,
        "2.3": 564.0,
        "2.4": 327.0,
        "2.5": 360.0,
        "2.6": 295.0,
        "2.7": 261.0,
        "2.8": 237.0,
        "2.9": 263.0,
        "3.0": 221.0
    },
    "ber": {
        "0.5": 0.12311881188118812,
        "0.75": 0.09350917431192661,
        "1.0": 0.04948473282442748,
        "1.25": 0.026346516007532957,
        "1.5": 0.01125951293759513,
        "1.75": 0.003862179487179487,
        "2.0": 0.0018059701492537314,
        "2.2": 0.0007457044673539519,
        "2.3": 0.0009021113243761997,
        "2.4": 0.0004945553539019964,
        "2.5": 0.0005033557046979866,
        "2.6": 0.00035473785473785476,
        "2.7": 0.00036069651741293534,
        "2.8": 0.00026545698924731185,
        "2.9": 0.0002533718689788054,
        "3.0": 0.00025507848568790396
    }
}