{
    "channel": "biawgn",
    "code": "1200_3_6_rand_ldpc_3",
    "decoder": "SPA",
    "max_iter": "10",
    "codeword": "0",
    "tot": {
        "0.5": 100.0,
        "0.75": 100.0,
        "1.0": 101.0,
        "1.25": 102.0,
        "1.5": 117.0,
        "1.75": 184.0,
        "2.0": 292.0,
        "2.25": 675.0,
        "2.5": 1573.0,
        "2.75": 2389.0,
        "3.0": 4033.0
    },
    "wec": {
        "0.5": 100.0,
        "0.75": 100.0,
        "1.0": 100.0,
        "1.25": 100.0,
        "1.5": 100.0,
        "1.75": 100.0,
        "2.0": 100.0,
        "2.25": 100.0,
        "2.5": 100.0,
        "2.75": 100.0,
        "3.0": 100.0
    },
    "wer": {
        "0.5": 1.0,
        "0.75": 1.0,
        "1.0": 0.9900990099009901,
        "1.25": 0.9803921568627451,
        "1.5": 0.8547008547008547,
        "1.75": 0.5434782608695652,
        "2.0": 0.3424657534246575,
        "2.25": 0.14814814814814814,
        "2.5": 0.06357279084551812,
        "2.75": 0.041858518208455424,
        "3.0": 0.024795437639474338
    },
    "bec": {
        "0.5": 12159.0,
        "0.75": 10309.0,
        "1.0": 8415.0,
        "1.25": 6388.0,
        "1.5": 4239.0,
        "1.75": 2494.0,
        "2.0": 1508.0,
        "2.25": 835.0,
        "2.5": 371.0,
        "2.75": 359.0,
        "3.0": 207.0
    },
    "ber": {
        "0.5": 0.101325,
        "0.75": 0.08590833333333334,
        "1.0": 0.06943069306930694,
        "1.25": 0.05218954248366013,
        "1.5": 0.030192307692307692,
        "1.75": 0.011295289855072464,
        "2.0": 0.00430365296803653,
        "2.25": 0.001030864197530864,
        "2.5": 0.00019654587836406018,
        "2.75": 0.0001252267336402958,
        "3.0": 4.277212992809323e-05
    }
}