{
    "channel": "biawgn",
    "code": "1200_rho_x5_rand_ldpc_1",
    "decoder": "SPA",
    "codeword": "0",
    "max_iter": "100",
    "tot": {
        "0.5": 108.0,
        "0.75": 131.0,
        "1.0": 175.0,
        "1.25": 305.0,
        "1.5": 496.0,
        "1.75": 1100.0,
        "2.0": 2026.0,
        "2.25": 3736.0,
        "2.5": 4691.0,
        "2.75": 8177.0,
        "3.0": 11708.0
    },
    "wec": {
        "0.5": 100.0,
        "0.75": 100.0,
        "1.0": 100.0,
        "1.25": 100.0,
        "1.5": 100.0,
        "1.75": 100.0,
        "2.0": 100.0,
        "2.25": 100.0,
        "2.5": 100.0,
        "2.75": 100.0,
        "3.0": 100.0
    },
    "wer": {
        "0.5": 0.9259259259259259,
        "0.75": 0.7633587786259542,
        "1.0": 0.5714285714285714,
        "1.25": 0.32786885245901637,
        "1.5": 0.20161290322580644,
        "1.75": 0.09090909090909091,
        "2.0": 0.049358341559723594,
        "2.25": 0.02676659528907923,
        "2.5": 0.021317416329140908,
        "2.75": 0.012229423994129877,
        "3.0": 0.008541168431841476
    },
    "bec": {
        "0.5": 9483.0,
        "0.75": 6438.0,
        "1.0": 4678.0,
        "1.25": 3813.0,
        "1.5": 2155.0,
        "1.75": 1604.0,
        "2.0": 1156.0,
        "2.25": 712.0,
        "2.5": 631.0,
        "2.75": 524.0,
        "3.0": 479.0
    },
    "ber": {
        "0.5": 0.07317129629629629,
        "0.75": 0.040954198473282445,
        "1.0": 0.022276190476190477,
        "1.25": 0.010418032786885245,
        "1.5": 0.0036206317204301075,
        "1.75": 0.0012151515151515152,
        "2.0": 0.0004754853570253373,
        "2.25": 0.00015881513204853677,
        "2.5": 0.00011209408086406595,
        "2.75": 5.340181810770046e-05,
        "3.0": 3.4093497323767224e-05
    }
}