{
    "channel": "biawgn",
    "code": "1200_3_6_rand_ldpc_8",
    "decoder": "SPA",
    "max_iter": "10",
    "codeword": "0",
    "tot": {
        "0.5": 100.0,
        "0.75": 100.0,
        "1.0": 100.0,
        "1.25": 105.0,
        "1.5": 119.0,
        "1.75": 179.0,
        "2.0": 319.0,
        "2.25": 854.0,
        "2.5": 2918.0,
        "2.75": 11705.0,
        "3.0": 68424.0
    },
    "wec": {
        "0.5": 100.0,
        "0.75": 100.0,
        "1.0": 100.0,
        "1.25": 100.0,
        "1.5": 100.0,
        "1.75": 100.0,
        "2.0": 100.0,
        "2.25": 100.0,
        "2.5": 100.0,
        "2.75": 100.0,
        "3.0": 100.0
    },
    "wer": {
        "0.5": 1.0,
        "0.75": 1.0,
        "1.0": 1.0,
        "1.25": 0.9523809523809523,
        "1.5": 0.8403361344537815,
        "1.75": 0.5586592178770949,
        "2.0": 0.31347962382445144,
        "2.25": 0.117096018735363,
        "2.5": 0.03427004797806717,
        "2.75": 0.00854335753951303,
        "3.0": 0.001461475505670525
    },
    "bec": {
        "0.5": 12190.0,
        "0.75": 10821.0,
        "1.0": 8328.0,
        "1.25": 6606.0,
        "1.5": 4437.0,
        "1.75": 2759.0,
        "2.0": 1684.0,
        "2.25": 1207.0,
        "2.5": 936.0,
        "2.75": 617.0,
        "3.0": 478.0
    },
    "ber": {
        "0.5": 0.10158333333333333,
        "0.75": 0.090175,
        "1.0": 0.0694,
        "1.25": 0.05242857142857143,
        "1.5": 0.031071428571428573,
        "1.75": 0.012844506517690875,
        "2.0": 0.004399164054336468,
        "2.25": 0.0011777907884465261,
        "2.5": 0.0002673063742289239,
        "2.75": 4.392709668232949e-05,
        "3.0": 5.821544097587591e-06
    }
}