{
    "channel": "biawgn",
    "code": "1200_3_6_rand_ldpc_10",
    "decoder": "SPA",
    "max_iter": "10",
    "codeword": "0",
    "tot": {
        "0.5": 100.0,
        "0.75": 100.0,
        "1.0": 100.0,
        "1.25": 104.0,
        "1.5": 123.0,
        "1.75": 165.0,
        "2.0": 295.0,
        "2.25": 704.0,
        "2.5": 2777.0,
        "2.75": 8895.0,
        "3.0": 69558.0
    },
    "wec": {
        "0.5": 100.0,
        "0.75": 100.0,
        "1.0": 100.0,
        "1.25": 100.0,
        "1.5": 100.0,
        "1.75": 100.0,
        "2.0": 100.0,
        "2.25": 100.0,
        "2.5": 100.0,
        "2.75": 100.0,
        "3.0": 100.0
    },
    "wer": {
        "0.5": 1.0,
        "0.75": 1.0,
        "1.0": 1.0,
        "1.25": 0.9615384615384616,
        "1.5": 0.8130081300813008,
        "1.75": 0.6060606060606061,
        "2.0": 0.3389830508474576,
        "2.25": 0.14204545454545456,
        "2.5": 0.036010082823190494,
        "2.75": 0.011242270938729624,
        "3.0": 0.0014376491560999453
    },
    "bec": {
        "0.5": 12183.0,
        "0.75": 10582.0,
        "1.0": 8497.0,
        "1.25": 6219.0,
        "1.5": 4865.0,
        "1.75": 2605.0,
        "2.0": 1240.0,
        "2.25": 823.0,
        "2.5": 811.0,
        "2.75": 565.0,
        "3.0": 483.0
    },
    "ber": {
        "0.5": 0.101525,
        "0.75": 0.08818333333333334,
        "1.0": 0.07080833333333333,
        "1.25": 0.04983173076923077,
        "1.5": 0.032960704607046074,
        "1.75": 0.013156565656565656,
        "2.0": 0.0035028248587570623,
        "2.25": 0.0009741950757575757,
        "2.5": 0.0002433681430800624,
        "2.75": 5.293235900318531e-05,
        "3.0": 5.78653785330228e-06
    }
}