{
    "channel": "biawgn",
    "code": "1200_rho_x5_rand_ldpc_5",
    "decoder": "SPA",
    "codeword": "0",
    "max_iter": "100",
    "tot": {
        "0.5": 105.0,
        "0.75": 118.0,
        "1.0": 128.0,
        "1.25": 168.0,
        "1.5": 225.0,
        "1.75": 297.0,
        "2.0": 256.0,
        "2.25": 343.0,
        "2.5": 359.0,
        "2.75": 459.0,
        "3.0": 383.0
    },
    "wec": {
        "0.5": 100.0,
        "0.75": 100.0,
        "1.0": 100.0,
        "1.25": 100.0,
        "1.5": 100.0,
        "1.75": 100.0,
        "2.0": 100.0,
        "2.25": 100.0,
        "2.5": 100.0,
        "2.75": 100.0,
        "3.0": 100.0
    },
    "wer": {
        "0.5": 0.9523809523809523,
        "0.75": 0.847457627118644,
        "1.0": 0.78125,
        "1.25": 0.5952380952380952,
        "1.5": 0.4444444444444444,
        "1.75": 0.3367003367003367,
        "2.0": 0.390625,
        "2.25": 0.2915451895043732,
        "2.5": 0.2785515320334262,
        "2.75": 0.2178649237472767,
        "3.0": 0.26109660574412535
    },
    "bec": {
        "0.5": 8085.0,
        "0.75": 5435.0,
        "1.0": 4258.0,
        "1.25": 1984.0,
        "1.5": 1173.0,
        "1.75": 451.0,
        "2.0": 157.0,
        "2.25": 160.0,
        "2.5": 176.0,
        "2.75": 132.0,
        "3.0": 131.0
    },
    "ber": {
        "0.5": 0.06416666666666666,
        "0.75": 0.03838276836158192,
        "1.0": 0.027721354166666667,
        "1.25": 0.009841269841269842,
        "1.5": 0.004344444444444444,
        "1.75": 0.0012654320987654322,
        "2.0": 0.0005110677083333333,
        "2.25": 0.00038872691933916425,
        "2.5": 0.0004085422469823584,
        "2.75": 0.00023965141612200435,
        "3.0": 0.0002850304612706701
    }
}