{
    "channel": "biawgn",
    "code": "1200_3_6_ldpc",
    "decoder": "SPA",
    "max_iter": "3",
    "codeword": "0",
    "tot": {
        "0.5": 100.0,
        "0.75": 100.0,
        "1.0": 100.0,
        "1.25": 100.0,
        "1.5": 100.0,
        "1.75": 100.0,
        "2.0": 100.0,
        "2.25": 100.0,
        "2.5": 100.0,
        "2.75": 100.0,
        "3.0": 102.0
    },
    "wec": {
        "0.5": 100.0,
        "0.75": 100.0,
        "1.0": 100.0,
        "1.25": 100.0,
        "1.5": 100.0,
        "1.75": 100.0,
        "2.0": 100.0,
        "2.25": 100.0,
        "2.5": 100.0,
        "2.75": 100.0,
        "3.0": 100.0
    },
    "wer": {
        "0.5": 1.0,
        "0.75": 1.0,
        "1.0": 1.0,
        "1.25": 1.0,
        "1.5": 1.0,
        "1.75": 1.0,
        "2.0": 1.0,
        "2.25": 1.0,
        "2.5": 1.0,
        "2.75": 1.0,
        "3.0": 0.9803921568627451
    },
    "bec": {
        "0.5": 13062.0,
        "0.75": 11957.0,
        "1.0": 10218.0,
        "1.25": 9151.0,
        "1.5": 7585.0,
        "1.75": 5853.0,
        "2.0": 4541.0,
        "2.25": 3667.0,
        "2.5": 2644.0,
        "2.75": 1709.0,
        "3.0": 1061.0
    },
    "ber": {
        "0.5": 0.10885,
        "0.75": 0.09964166666666667,
        "1.0": 0.08515,
        "1.25": 0.07625833333333333,
        "1.5": 0.06320833333333334,
        "1.75": 0.048775,
        "2.0": 0.03784166666666667,
        "2.25": 0.030558333333333333,
        "2.5": 0.022033333333333332,
        "2.75": 0.014241666666666666,
        "3.0": 0.00866830065359477
    }
}