{
    "channel": "biawgn",
    "code": "1200_rho_x5_rand_ldpc_8",
    "decoder": "MSA",
    "codeword": "1",
    "max_iter": "100",
    "tot": {
        "0.5": 103.0,
        "0.75": 106.0,
        "1.0": 123.0,
        "1.25": 180.0,
        "1.5": 234.0,
        "1.75": 293.0,
        "2.0": 442.0,
        "2.2": 534.0,
        "2.3": 531.0,
        "2.4": 602.0,
        "2.5": 460.0,
        "2.6": 663.0,
        "2.7": 780.0,
        "2.8": 744.0,
        "2.9": 695.0,
        "3.0": 875.0
    },
    "wec": {
        "0.5": 100.0,
        "0.75": 100.0,
        "1.0": 100.0,
        "1.25": 100.0,
        "1.5": 100.0,
        "1.75": 100.0,
        "2.0": 100.0,
        "2.2": 100.0,
        "2.3": 100.0,
        "2.4": 100.0,
        "2.5": 100.0,
        "2.6": 100.0,
        "2.7": 100.0,
        "2.8": 100.0,
        "2.9": 100.0,
        "3.0": 100.0
    },
    "wer": {
        "0.5": 0.970873786407767,
        "0.75": 0.9433962264150944,
        "1.0": 0.8130081300813008,
        "1.25": 0.5555555555555556,
        "1.5": 0.42735042735042733,
        "1.75": 0.3412969283276451,
        "2.0": 0.22624434389140272,
        "2.2": 0.18726591760299627,
        "2.3": 0.18832391713747645,
        "2.4": 0.16611295681063123,
        "2.5": 0.21739130434782608,
        "2.6": 0.15082956259426847,
        "2.7": 0.1282051282051282,
        "2.8": 0.13440860215053763,
        "2.9": 0.14388489208633093,
        "3.0": 0.11428571428571428
    },
    "bec": {
        "0.5": 15316.0,
        "0.75": 11671.0,
        "1.0": 7653.0,
        "1.25": 4985.0,
        "1.5": 2578.0,
        "1.75": 1171.0,
        "2.0": 708.0,
        "2.2": 537.0,
        "2.3": 434.0,
        "2.4": 317.0,
        "2.5": 334.0,
        "2.6": 320.0,
        "2.7": 325.0,
        "2.8": 299.0,
        "2.9": 299.0,
        "3.0": 229.0
    },
    "ber": {
        "0.5": 0.123915857605178,
        "0.75": 0.09175314465408806,
        "1.0": 0.05184959349593496,
        "1.25": 0.023078703703703702,
        "1.5": 0.009180911680911681,
        "1.75": 0.0033304891922639364,
        "2.0": 0.001334841628959276,
        "2.2": 0.0008380149812734082,
        "2.3": 0.0006811048336472066,
        "2.4": 0.00043881506090808414,
        "2.5": 0.0006050724637681159,
        "2.6": 0.00040221216691804925,
        "2.7": 0.00034722222222222224,
        "2.8": 0.00033490143369175625,
        "2.9": 0.00035851318944844123,
        "3.0": 0.0002180952380952381
    }
}