{
    "channel": "biawgn",
    "code": "1200_rho_x5_rand_ldpc_6",
    "decoder": "MSA",
    "codeword": "1",
    "max_iter": "100",
    "tot": {
        "0.5": 100.0,
        "0.75": 107.0,
        "1.0": 145.0,
        "1.25": 169.0,
        "1.5": 274.0,
        "1.75": 411.0,
        "2.0": 496.0,
        "2.2": 795.0,
        "2.3": 666.0,
        "2.4": 739.0,
        "2.5": 991.0,
        "2.6": 791.0,
        "2.7": 1016.0,
        "2.8": 1197.0,
        "2.9": 1190.0,
        "3.0": 1168.0
    },
    "wec": {
        "0.5": 100.0,
        "0.75": 100.0,
        "1.0": 100.0,
        "1.25": 100.0,
        "1.5": 100.0,
        "1.75": 100.0,
        "2.0": 100.0,
        "2.2": 100.0,
        "2.3": 100.0,
        "2.4": 100.0,
        "2.5": 100.0,
        "2.6": 100.0,
        "2.7": 100.0,
        "2.8": 100.0,
        "2.9": 100.0,
        "3.0": 100.0
    },
    "wer": {
        "0.5": 1.0,
        "0.75": 0.9345794392523364,
        "1.0": 0.6896551724137931,
        "1.25": 0.591715976331361,
        "1.5": 0.36496350364963503,
        "1.75": 0.24330900243309003,
        "2.0": 0.20161290322580644,
        "2.2": 0.12578616352201258,
        "2.3": 0.15015015015015015,
        "2.4": 0.13531799729364005,
        "2.5": 0.10090817356205853,
        "2.6": 0.1264222503160556,
        "2.7": 0.0984251968503937,
        "2.8": 0.0835421888053467,
        "2.9": 0.08403361344537816,
        "3.0": 0.08561643835616438
    },
    "bec": {
        "0.5": 14806.0,
        "0.75": 12700.0,
        "1.0": 8508.0,
        "1.25": 4929.0,
        "1.5": 2973.0,
        "1.75": 1471.0,
        "2.0": 734.0,
        "2.2": 617.0,
        "2.3": 556.0,
        "2.4": 465.0,
        "2.5": 402.0,
        "2.6": 346.0,
        "2.7": 406.0,
        "2.8": 322.0,
        "2.9": 355.0,
        "3.0": 295.0
    },
    "ber": {
        "0.5": 0.12338333333333333,
        "0.75": 0.09890965732087227,
        "1.0": 0.048896551724137934,
        "1.25": 0.02430473372781065,
        "1.5": 0.009041970802919708,
        "1.75": 0.0029825628548256285,
        "2.0": 0.0012331989247311827,
        "2.2": 0.0006467505241090146,
        "2.3": 0.0006956956956956957,
        "2.4": 0.0005243572395128552,
        "2.5": 0.00033804238143289605,
        "2.6": 0.00036451748841129374,
        "2.7": 0.00033300524934383203,
        "2.8": 0.00022417153996101365,
        "2.9": 0.00024859943977591036,
        "3.0": 0.00021047374429223744
    }
}