{
    "channel": "biawgn",
    "prefix": "1200_3_6_rand_ldpc",
    "decoder": "SPA",
    "sources": [
        "1200_3_6_rand_ldpc_1",
        "1200_3_6_rand_ldpc_10",
        "1200_3_6_rand_ldpc_2",
        "1200_3_6_rand_ldpc_3",
        "1200_3_6_rand_ldpc_4",
        "1200_3_6_rand_ldpc_5",
        "1200_3_6_rand_ldpc_6",
        "1200_3_6_rand_ldpc_7",
        "1200_3_6_rand_ldpc_8",
        "1200_3_6_rand_ldpc_9"
    ],
    "ber": {
        "0.5": 0.10255166666666668,
        "0.75": 0.08878666666666668,
        "1.25": 0.05215582309847015,
        "2.0": 0.003966849650240844,
        "2.75": 5.681741105532278e-05,
        "2.25": 0.0011454034910511619,
        "2.5": 0.00022318433212250725,
        "1.5": 0.03095173737182469,
        "3.0": 1.3582740078366432e-05,
        "1.0": 0.07046504125412542,
        "1.75": 0.012686876080930132
    },
    "wer": {
        "0.5": 1.0,
        "0.75": 1.0,
        "1.25": 0.9663326869209221,
        "2.0": 0.3334513382395387,
        "2.75": 0.015725964870467325,
        "2.25": 0.13453292332720307,
        "2.5": 0.04050599746209582,
        "1.5": 0.8409931306228762,
        "3.0": 0.006268016357501116,
        "1.0": 0.9950495049504952,
        "1.75": 0.5796154076740656
    }
}