{
    "channel": "biawgn",
    "code": "1200_3_6_ldpc",
    "decoder": "MSA",
    "max_iter": "40",
    "codeword": "1",
    "tot": {
        "2.25": 346.0,
        "2.3": 6020.0,
        "2.4": 7180.0,
        "2.5": 9625.0,
        "2.6": 11545.0,
        "2.7": 12081.0,
        "2.75": 2255.0,
        "2.8": 13492.0,
        "2.9": 13698.0,
        "0.5": 500.0,
        "0.75": 501.0,
        "1.0": 509.0,
        "1.25": 547.0,
        "1.5": 710.0,
        "1.75": 1095.0,
        "2.0": 2301.0,
        "2.2": 4414.0,
        "3.0": 14025.0
    },
    "wec": {
        "2.25": 30.0,
        "2.3": 500.0,
        "2.4": 500.0,
        "2.5": 500.0,
        "2.6": 500.0,
        "2.7": 500.0,
        "2.75": 100.0,
        "2.8": 500.0,
        "2.9": 500.0,
        "0.5": 500.0,
        "0.75": 500.0,
        "1.0": 500.0,
        "1.25": 500.0,
        "1.5": 500.0,
        "1.75": 500.0,
        "2.0": 500.0,
        "2.2": 500.0,
        "3.0": 500.0
    },
    "wer": {
        "2.25": 0.08670520231213873,
        "2.3": 0.08305647840531562,
        "2.4": 0.06963788300835655,
        "2.5": 0.05194805194805195,
        "2.6": 0.043308791684711995,
        "2.7": 0.04138730237563116,
        "2.75": 0.04434589800443459,
        "2.8": 0.037058997924696115,
        "2.9": 0.03650167907723755,
        "0.5": 1.0,
        "0.75": 0.998003992015968,
        "1.0": 0.9823182711198428,
        "1.25": 0.9140767824497258,
        "1.5": 0.704225352112676,
        "1.75": 0.45662100456621,
        "2.0": 0.21729682746631898,
        "2.2": 0.11327594019030358,
        "3.0": 0.035650623885918005
    },
    "bec": {
        "2.25": 2125.0,
        "2.3": 26780.0,
        "2.4": 26412.0,
        "2.5": 21928.0,
        "2.6": 28460.0,
        "2.7": 28192.0,
        "2.75": 7398.0,
        "2.8": 22751.0,
        "2.9": 29473.0,
        "0.5": 84122.0,
        "0.75": 78129.0,
        "1.0": 68604.0,
        "1.25": 59948.0,
        "1.5": 51774.0,
        "1.75": 44403.0,
        "2.0": 38634.0,
        "2.2": 29037.0,
        "3.0": 23981.0
    },
    "ber": {
        "2.25": 0.005118015414258189,
        "2.3": 0.0037070874861572537,
        "2.4": 0.003065459610027855,
        "2.5": 0.0018985281385281386,
        "2.6": 0.002054280352244839,
        "2.7": 0.0019446513809563226,
        "2.75": 0.0027339246119733925,
        "2.8": 0.0014052154363079356,
        "2.9": 0.001793023312405704,
        "0.5": 0.14020333333333335,
        "0.75": 0.12995508982035928,
        "1.0": 0.11231827111984283,
        "1.25": 0.09132845825716027,
        "1.5": 0.06076760563380282,
        "1.75": 0.033792237442922375,
        "2.0": 0.01399174272055628,
        "2.2": 0.005481989125509742,
        "3.0": 0.001424896019013666
    }
}