{
    "channel": "biawgn",
    "code": "1200_3_6_rand_ldpc_7",
    "decoder": "SPA",
    "max_iter": "10",
    "codeword": "0",
    "tot": {
        "0.5": 100.0,
        "0.75": 100.0,
        "1.0": 101.0,
        "1.25": 104.0,
        "1.5": 116.0,
        "1.75": 167.0,
        "2.0": 313.0,
        "2.25": 751.0,
        "2.5": 3032.0,
        "2.75": 9519.0,
        "3.0": 62080.0
    },
    "wec": {
        "0.5": 100.0,
        "0.75": 100.0,
        "1.0": 100.0,
        "1.25": 100.0,
        "1.5": 100.0,
        "1.75": 100.0,
        "2.0": 100.0,
        "2.25": 100.0,
        "2.5": 100.0,
        "2.75": 100.0,
        "3.0": 100.0
    },
    "wer": {
        "0.5": 1.0,
        "0.75": 1.0,
        "1.0": 0.9900990099009901,
        "1.25": 0.9615384615384616,
        "1.5": 0.8620689655172413,
        "1.75": 0.5988023952095808,
        "2.0": 0.3194888178913738,
        "2.25": 0.13315579227696406,
        "2.5": 0.032981530343007916,
        "2.75": 0.010505305179115453,
        "3.0": 0.0016108247422680412
    },
    "bec": {
        "0.5": 12299.0,
        "0.75": 10725.0,
        "1.0": 8507.0,
        "1.25": 6696.0,
        "1.5": 4203.0,
        "1.75": 2760.0,
        "2.0": 1543.0,
        "2.25": 1356.0,
        "2.5": 1014.0,
        "2.75": 486.0,
        "3.0": 401.0
    },
    "ber": {
        "0.5": 0.10249166666666666,
        "0.75": 0.089375,
        "1.0": 0.07018976897689769,
        "1.25": 0.053653846153846156,
        "1.5": 0.030193965517241378,
        "1.75": 0.013772455089820359,
        "2.0": 0.0041080937167199145,
        "2.25": 0.0015046604527296937,
        "2.5": 0.0002786939313984169,
        "2.75": 4.2546485975417584e-05,
        "3.0": 5.3828393470790375e-06
    }
}