{
    "channel": "biawgn",
    "prefix": "1200_rho_x5_rand_ldpc",
    "decoder": "SPA",
    "sources": [
        "1200_rho_x5_rand_ldpc_1",
        "1200_rho_x5_rand_ldpc_10",
        "1200_rho_x5_rand_ldpc_2",
        "1200_rho_x5_rand_ldpc_3",
        "1200_rho_x5_rand_ldpc_4",
        "1200_rho_x5_rand_ldpc_5",
        "1200_rho_x5_rand_ldpc_6",
        "1200_rho_x5_rand_ldpc_7",
        "1200_rho_x5_rand_ldpc_8",
        "1200_rho_x5_rand_ldpc_9"
    ],
    "ber": {
        "0.5": 0.06822162025960236,
        "3.0": 0.000147579170879747,
        "0.75": 0.04013245255027916,
        "1.5": 0.003341659717368007,
        "1.75": 0.0011661398212012392,
        "2.75": 0.00017445720278426755,
        "2.25": 0.00028462054935021123,
        "2.0": 0.0004367594025423873,
        "1.0": 0.024834391112930773,
        "1.25": 0.01026923781196155,
        "2.5": 0.00023075601678290675
    },
    "wer": {
        "0.5": 0.9279259309161564,
        "3.0": 0.11022740196210981,
        "0.75": 0.7955239594223756,
        "1.5": 0.29013358282280544,
        "1.75": 0.2081016338059889,
        "2.75": 0.11853045262142792,
        "2.25": 0.153528770449655,
        "2.0": 0.1721645876723284,
        "1.0": 0.6806964908719815,
        "1.25": 0.4487036172720362,
        "2.5": 0.13402265039843628
    }
}