{
    "channel": "biawgn",
    "code": "1200_3_6_rand_ldpc_1",
    "decoder": "MSA",
    "max_iter": "10",
    "codeword": "1",
    "tot": {
        "0.5": 100.0,
        "0.75": 100.0,
        "1.0": 100.0,
        "1.25": 100.0,
        "1.5": 104.0,
        "1.75": 113.0,
        "2.0": 140.0,
        "2.25": 239.0,
        "2.5": 626.0,
        "2.75": 2173.0,
        "3.0": 10079.0
    },
    "wec": {
        "0.5": 100.0,
        "0.75": 100.0,
        "1.0": 100.0,
        "1.25": 100.0,
        "1.5": 100.0,
        "1.75": 100.0,
        "2.0": 100.0,
        "2.25": 100.0,
        "2.5": 100.0,
        "2.75": 100.0,
        "3.0": 100.0
    },
    "wer": {
        "0.5": 1.0,
        "0.75": 1.0,
        "1.0": 1.0,
        "1.25": 1.0,
        "1.5": 0.9615384615384616,
        "1.75": 0.8849557522123894,
        "2.0": 0.7142857142857143,
        "2.25": 0.41841004184100417,
        "2.5": 0.1597444089456869,
        "2.75": 0.04601932811780948,
        "3.0": 0.009921619208254788
    },
    "bec": {
        "0.5": 17112.0,
        "0.75": 15542.0,
        "1.0": 13410.0,
        "1.25": 10808.0,
        "1.5": 8350.0,
        "1.75": 6718.0,
        "2.0": 3664.0,
        "2.25": 2703.0,
        "2.5": 1777.0,
        "2.75": 1051.0,
        "3.0": 518.0
    },
    "ber": {
        "0.5": 0.1426,
        "0.75": 0.12951666666666667,
        "1.0": 0.11175,
        "1.25": 0.09006666666666667,
        "1.5": 0.06690705128205128,
        "1.75": 0.04954277286135693,
        "2.0": 0.02180952380952381,
        "2.25": 0.009424686192468619,
        "2.5": 0.0023655484558040467,
        "2.75": 0.0004030526154318147,
        "3.0": 4.282832291563317e-05
    }
}