{
    "channel": "biawgn",
    "code": "1200_3_6_ldpc",
    "decoder": "MSA",
    "max_iter": "6",
    "codeword": "1",
    "tot": {
        "0.5": 100.0,
        "0.75": 100.0,
        "1.0": 100.0,
        "1.25": 100.0,
        "1.5": 100.0,
        "1.75": 100.0,
        "2.0": 101.0,
        "2.25": 103.0,
        "2.5": 137.0,
        "2.75": 201.0,
        "3.0": 370.0
    },
    "wec": {
        "0.5": 100.0,
        "0.75": 100.0,
        "1.0": 100.0,
        "1.25": 100.0,
        "1.5": 100.0,
        "1.75": 100.0,
        "2.0": 100.0,
        "2.25": 100.0,
        "2.5": 100.0,
        "2.75": 100.0,
        "3.0": 100.0
    },
    "wer": {
        "0.5": 1.0,
        "0.75": 1.0,
        "1.0": 1.0,
        "1.25": 1.0,
        "1.5": 1.0,
        "1.75": 1.0,
        "2.0": 0.9900990099009901,
        "2.25": 0.970873786407767,
        "2.5": 0.7299270072992701,
        "2.75": 0.4975124378109453,
        "3.0": 0.2702702702702703
    },
    "bec": {
        "0.5": 16363.0,
        "0.75": 15073.0,
        "1.0": 13168.0,
        "1.25": 11063.0,
        "1.5": 8350.0,
        "1.75": 6419.0,
        "2.0": 4244.0,
        "2.25": 2389.0,
        "2.5": 1290.0,
        "2.75": 678.0,
        "3.0": 388.0
    },
    "ber": {
        "0.5": 0.13635833333333333,
        "0.75": 0.12560833333333332,
        "1.0": 0.10973333333333334,
        "1.25": 0.09219166666666667,
        "1.5": 0.06958333333333333,
        "1.75": 0.053491666666666667,
        "2.0": 0.03501650165016502,
        "2.25": 0.019328478964401295,
        "2.5": 0.007846715328467153,
        "2.75": 0.0028109452736318407,
        "3.0": 0.0008738738738738739
    }
}