{
    "channel": "biawgn",
    "code": "1200_rho_x5_rand_ldpc_3",
    "decoder": "MSA",
    "codeword": "1",
    "max_iter": "100",
    "tot": {
        "0.5": 102.0,
        "0.75": 106.0,
        "1.0": 122.0,
        "1.25": 188.0,
        "1.5": 289.0,
        "1.75": 482.0,
        "2.0": 688.0,
        "2.2": 772.0,
        "2.3": 929.0,
        "2.4": 924.0,
        "2.5": 1286.0,
        "2.6": 1244.0,
        "2.7": 1347.0,
        "2.8": 1217.0,
        "2.9": 1402.0,
        "3.0": 1500.0
    },
    "wec": {
        "0.5": 100.0,
        "0.75": 100.0,
        "1.0": 100.0,
        "1.25": 100.0,
        "1.5": 100.0,
        "1.75": 100.0,
        "2.0": 100.0,
        "2.2": 100.0,
        "2.3": 100.0,
        "2.4": 100.0,
        "2.5": 100.0,
        "2.6": 100.0,
        "2.7": 100.0,
        "2.8": 100.0,
        "2.9": 100.0,
        "3.0": 100.0
    },
    "wer": {
        "0.5": 0.9803921568627451,
        "0.75": 0.9433962264150944,
        "1.0": 0.819672131147541,
        "1.25": 0.5319148936170213,
        "1.5": 0.3460207612456747,
        "1.75": 0.2074688796680498,
        "2.0": 0.14534883720930233,
        "2.2": 0.12953367875647667,
        "2.3": 0.10764262648008611,
        "2.4": 0.10822510822510822,
        "2.5": 0.07776049766718507,
        "2.6": 0.08038585209003216,
        "2.7": 0.07423904974016332,
        "2.8": 0.08216926869350863,
        "2.9": 0.07132667617689016,
        "3.0": 0.06666666666666667
    },
    "bec": {
        "0.5": 15156.0,
        "0.75": 12574.0,
        "1.0": 7873.0,
        "1.25": 6242.0,
        "1.5": 3271.0,
        "1.75": 1601.0,
        "2.0": 834.0,
        "2.2": 684.0,
        "2.3": 547.0,
        "2.4": 501.0,
        "2.5": 392.0,
        "2.6": 408.0,
        "2.7": 363.0,
        "2.8": 314.0,
        "2.9": 364.0,
        "3.0": 273.0
    },
    "ber": {
        "0.5": 0.12382352941176471,
        "0.75": 0.09885220125786164,
        "1.0": 0.05377732240437159,
        "1.25": 0.027668439716312058,
        "1.5": 0.009431949250288351,
        "1.75": 0.0027679806362378976,
        "2.0": 0.0010101744186046511,
        "2.2": 0.0007383419689119171,
        "2.3": 0.0004906709723717259,
        "2.4": 0.00045183982683982685,
        "2.5": 0.0002540176257128046,
        "2.6": 0.00027331189710610933,
        "2.7": 0.00022457312546399406,
        "2.8": 0.00021500958641468092,
        "2.9": 0.00021635758440323346,
        "3.0": 0.00015166666666666668
    }
}