{
    "channel": "biawgn",
    "code": "1200_3_6_rand_ldpc_4",
    "decoder": "MSA",
    "max_iter": "10",
    "codeword": "1",
    "tot": {
        "0.5": 100.0,
        "0.75": 100.0,
        "1.0": 100.0,
        "1.25": 100.0,
        "1.5": 106.0,
        "1.75": 108.0,
        "2.0": 147.0,
        "2.25": 253.0,
        "2.5": 693.0,
        "2.75": 2085.0,
        "3.0": 13636.0
    },
    "wec": {
        "0.5": 100.0,
        "0.75": 100.0,
        "1.0": 100.0,
        "1.25": 100.0,
        "1.5": 100.0,
        "1.75": 100.0,
        "2.0": 100.0,
        "2.25": 100.0,
        "2.5": 100.0,
        "2.75": 100.0,
        "3.0": 100.0
    },
    "wer": {
        "0.5": 1.0,
        "0.75": 1.0,
        "1.0": 1.0,
        "1.25": 1.0,
        "1.5": 0.9433962264150944,
        "1.75": 0.9259259259259259,
        "2.0": 0.6802721088435374,
        "2.25": 0.3952569169960474,
        "2.5": 0.1443001443001443,
        "2.75": 0.047961630695443645,
        "3.0": 0.007333528894103843
    },
    "bec": {
        "0.5": 16866.0,
        "0.75": 15368.0,
        "1.0": 13468.0,
        "1.25": 10776.0,
        "1.5": 8700.0,
        "1.75": 6223.0,
        "2.0": 3705.0,
        "2.25": 2799.0,
        "2.5": 1686.0,
        "2.75": 1024.0,
        "3.0": 548.0
    },
    "ber": {
        "0.5": 0.14055,
        "0.75": 0.12806666666666666,
        "1.0": 0.11223333333333334,
        "1.25": 0.0898,
        "1.5": 0.06839622641509434,
        "1.75": 0.048016975308641976,
        "2.0": 0.021003401360544217,
        "2.25": 0.009219367588932806,
        "2.5": 0.0020274170274170275,
        "2.75": 0.0004092725819344524,
        "3.0": 3.348978194974088e-05
    }
}