{
    "channel": "biawgn",
    "code": "1200_3_6_ldpc",
    "decoder": "SPA",
    "max_iter": "1",
    "codeword": "0",
    "tot": {
        "0.5": 100.0,
        "0.75": 100.0,
        "1.0": 100.0,
        "1.25": 100.0,
        "1.5": 100.0,
        "1.75": 100.0,
        "2.0": 100.0,
        "2.25": 100.0,
        "2.5": 100.0,
        "2.75": 100.0,
        "3.0": 100.0
    },
    "wec": {
        "0.5": 100.0,
        "0.75": 100.0,
        "1.0": 100.0,
        "1.25": 100.0,
        "1.5": 100.0,
        "1.75": 100.0,
        "2.0": 100.0,
        "2.25": 100.0,
        "2.5": 100.0,
        "2.75": 100.0,
        "3.0": 100.0
    },
    "wer": {
        "0.5": 1.0,
        "0.75": 1.0,
        "1.0": 1.0,
        "1.25": 1.0,
        "1.5": 1.0,
        "1.75": 1.0,
        "2.0": 1.0,
        "2.25": 1.0,
        "2.5": 1.0,
        "2.75": 1.0,
        "3.0": 1.0
    },
    "bec": {
        "0.5": 14588.0,
        "0.75": 13618.0,
        "1.0": 12503.0,
        "1.25": 11647.0,
        "1.5": 10520.0,
        "1.75": 9181.0,
        "2.0": 8210.0,
        "2.25": 7535.0,
        "2.5": 6418.0,
        "2.75": 5423.0,
        "3.0": 4568.0
    },
    "ber": {
        "0.5": 0.12156666666666667,
        "0.75": 0.11348333333333334,
        "1.0": 0.10419166666666667,
        "1.25": 0.09705833333333333,
        "1.5": 0.08766666666666667,
        "1.75": 0.07650833333333333,
        "2.0": 0.06841666666666667,
        "2.25": 0.06279166666666666,
        "2.5": 0.053483333333333334,
        "2.75": 0.045191666666666665,
        "3.0": 0.038066666666666665
    }
}