{
    "channel": "biawgn",
    "code": "7_4_hamming",
    "decoder": "MSA",
    "max_iter": "10",
    "codeword": "1",
    "tot": {
        "2.0": 2826.0,
        "2.5": 3177.0,
        "3.0": 4613.0,
        "3.5": 7031.0,
        "4.0": 11714.0,
        "4.5": 16981.0,
        "5.0": 26136.0,
        "5.5": 49082.0,
        "6.0": 86327.0,
        "6.6": 216235.0,
        "7.0": 424153.0
    },
    "wec": {
        "2.0": 300.0,
        "2.5": 300.0,
        "3.0": 300.0,
        "3.5": 300.0,
        "4.0": 300.0,
        "4.5": 300.0,
        "5.0": 300.0,
        "5.5": 300.0,
        "6.0": 300.0,
        "6.6": 300.0,
        "7.0": 300.0
    },
    "wer": {
        "2.0": 0.10615711252653928,
        "2.5": 0.09442870632672333,
        "3.0": 0.06503360069369174,
        "3.5": 0.042668183757644716,
        "4.0": 0.02561038074099368,
        "4.5": 0.017666804075142806,
        "5.0": 0.01147842056932966,
        "5.5": 0.006112220365918259,
        "6.0": 0.0034751584093041573,
        "6.6": 0.0013873794714084214,
        "7.0": 0.0007072919441805198
    },
    "bec": {
        "2.0": 892.0,
        "2.5": 895.0,
        "3.0": 897.0,
        "3.5": 879.0,
        "4.0": 870.0,
        "4.5": 881.0,
        "5.0": 868.0,
        "5.5": 873.0,
        "6.0": 858.0,
        "6.6": 842.0,
        "7.0": 823.0
    },
    "ber": {
        "2.0": 0.04509149732079668,
        "2.5": 0.04024461531543685,
        "3.0": 0.027778638010591186,
        "3.5": 0.017859682629985572,
        "4.0": 0.010610014878411669,
        "4.5": 0.007411644947714673,
        "5.0": 0.0047444138353229266,
        "5.5": 0.002540937323546019,
        "6.0": 0.0014198504358014128,
        "6.6": 0.0005562731023456623,
        "7.0": 0.00027719108098122274
    }
}