{
    "channel": "biawgn",
    "code": "1200_3_6_rand_ldpc_8",
    "decoder": "MSA",
    "max_iter": "10",
    "codeword": "1",
    "tot": {
        "0.5": 100.0,
        "0.75": 100.0,
        "1.0": 100.0,
        "1.25": 101.0,
        "1.5": 100.0,
        "1.75": 118.0,
        "2.0": 145.0,
        "2.25": 239.0,
        "2.5": 613.0,
        "2.75": 2253.0,
        "3.0": 14768.0
    },
    "wec": {
        "0.5": 100.0,
        "0.75": 100.0,
        "1.0": 100.0,
        "1.25": 100.0,
        "1.5": 100.0,
        "1.75": 100.0,
        "2.0": 100.0,
        "2.25": 100.0,
        "2.5": 100.0,
        "2.75": 100.0,
        "3.0": 100.0
    },
    "wer": {
        "0.5": 1.0,
        "0.75": 1.0,
        "1.0": 1.0,
        "1.25": 0.9900990099009901,
        "1.5": 1.0,
        "1.75": 0.847457627118644,
        "2.0": 0.6896551724137931,
        "2.25": 0.41841004184100417,
        "2.5": 0.1631321370309951,
        "2.75": 0.04438526409232135,
        "3.0": 0.006771397616468039
    },
    "bec": {
        "0.5": 16927.0,
        "0.75": 15307.0,
        "1.0": 13551.0,
        "1.25": 11195.0,
        "1.5": 8712.0,
        "1.75": 6698.0,
        "2.0": 4306.0,
        "2.25": 2456.0,
        "2.5": 1466.0,
        "2.75": 1164.0,
        "3.0": 526.0
    },
    "ber": {
        "0.5": 0.14105833333333334,
        "0.75": 0.12755833333333333,
        "1.0": 0.112925,
        "1.25": 0.09236798679867987,
        "1.5": 0.0726,
        "1.75": 0.04730225988700565,
        "2.0": 0.02474712643678161,
        "2.25": 0.008563458856345886,
        "2.5": 0.001992930940728657,
        "2.75": 0.00043053706169551706,
        "3.0": 2.9681292885518236e-05
    }
}