{
    "channel": "biawgn",
    "code": "1200_3_6_rand_ldpc_6",
    "decoder": "SPA",
    "max_iter": "10",
    "codeword": "0",
    "tot": {
        "0.5": 100.0,
        "0.75": 100.0,
        "1.0": 100.0,
        "1.25": 105.0,
        "1.5": 114.0,
        "1.75": 184.0,
        "2.0": 305.0,
        "2.25": 715.0,
        "2.5": 3056.0,
        "2.75": 12867.0,
        "3.0": 71424.0
    },
    "wec": {
        "0.5": 100.0,
        "0.75": 100.0,
        "1.0": 100.0,
        "1.25": 100.0,
        "1.5": 100.0,
        "1.75": 100.0,
        "2.0": 100.0,
        "2.25": 100.0,
        "2.5": 100.0,
        "2.75": 100.0,
        "3.0": 100.0
    },
    "wer": {
        "0.5": 1.0,
        "0.75": 1.0,
        "1.0": 1.0,
        "1.25": 0.9523809523809523,
        "1.5": 0.8771929824561403,
        "1.75": 0.5434782608695652,
        "2.0": 0.32786885245901637,
        "2.25": 0.13986013986013987,
        "2.5": 0.032722513089005235,
        "2.75": 0.007771819382917541,
        "3.0": 0.001400089605734767
    },
    "bec": {
        "0.5": 12503.0,
        "0.75": 10710.0,
        "1.0": 8530.0,
        "1.25": 6548.0,
        "1.5": 4267.0,
        "1.75": 2740.0,
        "2.0": 1464.0,
        "2.25": 1228.0,
        "2.5": 733.0,
        "2.75": 534.0,
        "3.0": 408.0
    },
    "ber": {
        "0.5": 0.10419166666666667,
        "0.75": 0.08925,
        "1.0": 0.07108333333333333,
        "1.25": 0.05196825396825397,
        "1.5": 0.031191520467836256,
        "1.75": 0.012409420289855073,
        "2.0": 0.004,
        "2.25": 0.0014312354312354311,
        "2.5": 0.00019988001745200698,
        "2.75": 3.4584596253983056e-05,
        "3.0": 4.760304659498208e-06
    }
}