{
    "channel": "biawgn",
    "code": "1200_3_6_ldpc",
    "decoder": "MSA",
    "max_iter": "10",
    "codeword": "1",
    "tot": {
        "0.5": 100.0,
        "0.75": 100.0,
        "1.0": 100.0,
        "1.25": 100.0,
        "1.5": 106.0,
        "1.75": 108.0,
        "2.0": 139.0,
        "2.25": 225.0,
        "2.5": 536.0,
        "2.75": 1203.0,
        "3.0": 2740.0
    },
    "wec": {
        "0.5": 100.0,
        "0.75": 100.0,
        "1.0": 100.0,
        "1.25": 100.0,
        "1.5": 100.0,
        "1.75": 100.0,
        "2.0": 100.0,
        "2.25": 100.0,
        "2.5": 100.0,
        "2.75": 100.0,
        "3.0": 100.0
    },
    "wer": {
        "0.5": 1.0,
        "0.75": 1.0,
        "1.0": 1.0,
        "1.25": 1.0,
        "1.5": 0.9433962264150944,
        "1.75": 0.9259259259259259,
        "2.0": 0.7194244604316546,
        "2.25": 0.4444444444444444,
        "2.5": 0.1865671641791045,
        "2.75": 0.0831255195344971,
        "3.0": 0.0364963503649635
    },
    "bec": {
        "0.5": 16681.0,
        "0.75": 15074.0,
        "1.0": 13398.0,
        "1.25": 11171.0,
        "1.5": 8256.0,
        "1.75": 6118.0,
        "2.0": 3892.0,
        "2.25": 2376.0,
        "2.5": 1284.0,
        "2.75": 707.0,
        "3.0": 234.0
    },
    "ber": {
        "0.5": 0.13900833333333334,
        "0.75": 0.12561666666666665,
        "1.0": 0.11165,
        "1.25": 0.09309166666666667,
        "1.5": 0.0649056603773585,
        "1.75": 0.04720679012345679,
        "2.0": 0.023333333333333334,
        "2.25": 0.0088,
        "2.5": 0.001996268656716418,
        "2.75": 0.0004897478525907454,
        "3.0": 7.116788321167883e-05
    }
}