{
    "channel": "biawgn",
    "code": "1200_3_6_ldpc",
    "decoder": "MSA",
    "max_iter": "100",
    "codeword": "1",
    "tot": {
        "2.25": 241.0,
        "2.3": 7947.0,
        "2.4": 10505.0,
        "2.5": 12355.0,
        "2.6": 13045.0,
        "2.7": 14858.0,
        "2.75": 2808.0,
        "2.8": 15317.0,
        "2.9": 14836.0,
        "0.5": 501.0,
        "0.75": 501.0,
        "1.0": 513.0,
        "1.25": 567.0,
        "1.5": 785.0,
        "1.75": 1322.0,
        "2.0": 3030.0,
        "2.2": 6111.0,
        "3.0": 16784.0
    },
    "wec": {
        "2.25": 19.0,
        "2.3": 500.0,
        "2.4": 500.0,
        "2.5": 500.0,
        "2.6": 500.0,
        "2.7": 500.0,
        "2.75": 100.0,
        "2.8": 500.0,
        "2.9": 500.0,
        "0.5": 500.0,
        "0.75": 500.0,
        "1.0": 500.0,
        "1.25": 500.0,
        "1.5": 500.0,
        "1.75": 500.0,
        "2.0": 500.0,
        "2.2": 500.0,
        "3.0": 500.0
    },
    "wer": {
        "2.25": 0.07883817427385892,
        "2.3": 0.06291682395872657,
        "2.4": 0.047596382674916705,
        "2.5": 0.04046944556859571,
        "2.6": 0.038328861632809505,
        "2.7": 0.03365190469780589,
        "2.75": 0.03561253561253561,
        "2.8": 0.032643468042044786,
        "2.9": 0.033701806416823944,
        "0.5": 0.998003992015968,
        "0.75": 0.998003992015968,
        "1.0": 0.9746588693957114,
        "1.25": 0.8818342151675485,
        "1.5": 0.6369426751592356,
        "1.75": 0.37821482602118,
        "2.0": 0.16501650165016502,
        "2.2": 0.08181966944853543,
        "3.0": 0.02979027645376549
    },
    "bec": {
        "2.25": 306.0,
        "2.3": 22378.0,
        "2.4": 19121.0,
        "2.5": 17274.0,
        "2.6": 19552.0,
        "2.7": 13440.0,
        "2.75": 2625.0,
        "2.8": 16359.0,
        "2.9": 14926.0,
        "0.5": 84180.0,
        "0.75": 77767.0,
        "1.0": 68533.0,
        "1.25": 61176.0,
        "1.5": 53054.0,
        "1.75": 47172.0,
        "2.0": 38205.0,
        "2.2": 27710.0,
        "3.0": 13552.0
    },
    "ber": {
        "2.25": 0.001058091286307054,
        "2.3": 0.0023465878109139716,
        "2.4": 0.0015168173885451372,
        "2.5": 0.0011651153379198705,
        "2.6": 0.0012490098377411524,
        "2.7": 0.0007538026652308521,
        "2.75": 0.0007790242165242165,
        "2.8": 0.0008900241561663511,
        "2.9": 0.000838388604295857,
        "0.5": 0.14001996007984033,
        "0.75": 0.12935296074517633,
        "1.0": 0.11132716049382715,
        "1.25": 0.08991181657848324,
        "1.5": 0.05632059447983015,
        "1.75": 0.029735249621785174,
        "2.0": 0.010507425742574258,
        "2.2": 0.0037787050673648613,
        "3.0": 0.0006728630441690499
    }
}