{
    "channel": "biawgn",
    "code": "1200_3_6_rand_ldpc_7",
    "decoder": "MSA",
    "max_iter": "10",
    "codeword": "1",
    "tot": {
        "0.5": 100.0,
        "0.75": 100.0,
        "1.0": 100.0,
        "1.25": 101.0,
        "1.5": 103.0,
        "1.75": 113.0,
        "2.0": 147.0,
        "2.25": 236.0,
        "2.5": 660.0,
        "2.75": 1921.0,
        "3.0": 12845.0
    },
    "wec": {
        "0.5": 100.0,
        "0.75": 100.0,
        "1.0": 100.0,
        "1.25": 100.0,
        "1.5": 100.0,
        "1.75": 100.0,
        "2.0": 100.0,
        "2.25": 100.0,
        "2.5": 100.0,
        "2.75": 100.0,
        "3.0": 100.0
    },
    "wer": {
        "0.5": 1.0,
        "0.75": 1.0,
        "1.0": 1.0,
        "1.25": 0.9900990099009901,
        "1.5": 0.970873786407767,
        "1.75": 0.8849557522123894,
        "2.0": 0.6802721088435374,
        "2.25": 0.423728813559322,
        "2.5": 0.15151515151515152,
        "2.75": 0.052056220718375845,
        "3.0": 0.007785130400934216
    },
    "bec": {
        "0.5": 16483.0,
        "0.75": 15447.0,
        "1.0": 13666.0,
        "1.25": 11066.0,
        "1.5": 7763.0,
        "1.75": 6377.0,
        "2.0": 3873.0,
        "2.25": 2227.0,
        "2.5": 1601.0,
        "2.75": 1099.0,
        "3.0": 632.0
    },
    "ber": {
        "0.5": 0.13735833333333333,
        "0.75": 0.128725,
        "1.0": 0.11388333333333334,
        "1.25": 0.0913036303630363,
        "1.5": 0.0628074433656958,
        "1.75": 0.04702802359882006,
        "2.0": 0.02195578231292517,
        "2.25": 0.007863700564971751,
        "2.5": 0.0020214646464646463,
        "2.75": 0.00047674822141245877,
        "3.0": 4.100168677825354e-05
    }
}