{
    "channel": "biawgn",
    "code": "1200_rho_x5_rand_ldpc_9",
    "decoder": "MSA",
    "codeword": "1",
    "max_iter": "100",
    "tot": {
        "0.5": 102.0,
        "0.75": 109.0,
        "1.0": 121.0,
        "1.25": 167.0,
        "1.5": 219.0,
        "1.75": 296.0,
        "2.0": 374.0,
        "2.2": 460.0,
        "2.3": 475.0,
        "2.4": 403.0,
        "2.5": 541.0,
        "2.6": 599.0,
        "2.7": 565.0,
        "2.8": 724.0,
        "2.9": 652.0,
        "3.0": 684.0
    },
    "wec": {
        "0.5": 100.0,
        "0.75": 100.0,
        "1.0": 100.0,
        "1.25": 100.0,
        "1.5": 100.0,
        "1.75": 100.0,
        "2.0": 100.0,
        "2.2": 100.0,
        "2.3": 100.0,
        "2.4": 100.0,
        "2.5": 100.0,
        "2.6": 100.0,
        "2.7": 100.0,
        "2.8": 100.0,
        "2.9": 100.0,
        "3.0": 100.0
    },
    "wer": {
        "0.5": 0.9803921568627451,
        "0.75": 0.9174311926605505,
        "1.0": 0.8264462809917356,
        "1.25": 0.5988023952095808,
        "1.5": 0.45662100456621,
        "1.75": 0.33783783783783783,
        "2.0": 0.26737967914438504,
        "2.2": 0.21739130434782608,
        "2.3": 0.21052631578947367,
        "2.4": 0.24813895781637718,
        "2.5": 0.18484288354898337,
        "2.6": 0.1669449081803005,
        "2.7": 0.17699115044247787,
        "2.8": 0.13812154696132597,
        "2.9": 0.15337423312883436,
        "3.0": 0.14619883040935672
    },
    "bec": {
        "0.5": 15268.0,
        "0.75": 12779.0,
        "1.0": 7610.0,
        "1.25": 5168.0,
        "1.5": 2657.0,
        "1.75": 1475.0,
        "2.0": 595.0,
        "2.2": 383.0,
        "2.3": 369.0,
        "2.4": 273.0,
        "2.5": 343.0,
        "2.6": 303.0,
        "2.7": 263.0,
        "2.8": 293.0,
        "2.9": 225.0,
        "3.0": 208.0
    },
    "ber": {
        "0.5": 0.12473856209150327,
        "0.75": 0.09769877675840978,
        "1.0": 0.05241046831955923,
        "1.25": 0.025788423153692615,
        "1.5": 0.0101103500761035,
        "1.75": 0.00415259009009009,
        "2.0": 0.0013257575757575758,
        "2.2": 0.0006938405797101449,
        "2.3": 0.0006473684210526316,
        "2.4": 0.0005645161290322581,
        "2.5": 0.0005283425754775108,
        "2.6": 0.00042153589315525875,
        "2.7": 0.00038790560471976403,
        "2.8": 0.0003372467771639042,
        "2.9": 0.00028757668711656444,
        "3.0": 0.000253411306042885
    }
}