{
    "channel": "biawgn",
    "code": "1200_3_6_rand_ldpc_2",
    "decoder": "SPA",
    "max_iter": "10",
    "codeword": "0",
    "tot": {
        "0.5": 100.0,
        "0.75": 100.0,
        "1.0": 100.0,
        "1.25": 105.0,
        "1.5": 118.0,
        "1.75": 169.0,
        "2.0": 271.0,
        "2.25": 589.0,
        "2.5": 1716.0,
        "2.75": 2765.0,
        "3.0": 3957.0
    },
    "wec": {
        "0.5": 100.0,
        "0.75": 100.0,
        "1.0": 100.0,
        "1.25": 100.0,
        "1.5": 100.0,
        "1.75": 100.0,
        "2.0": 100.0,
        "2.25": 100.0,
        "2.5": 100.0,
        "2.75": 100.0,
        "3.0": 100.0
    },
    "wer": {
        "0.5": 1.0,
        "0.75": 1.0,
        "1.0": 1.0,
        "1.25": 0.9523809523809523,
        "1.5": 0.847457627118644,
        "1.75": 0.591715976331361,
        "2.0": 0.36900369003690037,
        "2.25": 0.1697792869269949,
        "2.5": 0.05827505827505827,
        "2.75": 0.03616636528028933,
        "3.0": 0.025271670457417236
    },
    "bec": {
        "0.5": 12375.0,
        "0.75": 10688.0,
        "1.0": 8381.0,
        "1.25": 6399.0,
        "1.5": 4453.0,
        "1.75": 2514.0,
        "2.0": 1183.0,
        "2.25": 977.0,
        "2.5": 444.0,
        "2.75": 244.0,
        "3.0": 220.0
    },
    "ber": {
        "0.5": 0.103125,
        "0.75": 0.08906666666666667,
        "1.0": 0.06984166666666666,
        "1.25": 0.05078571428571429,
        "1.5": 0.03144774011299435,
        "1.75": 0.012396449704142012,
        "2.0": 0.003637761377613776,
        "2.25": 0.0013822863610639502,
        "2.5": 0.00021561771561771562,
        "2.75": 7.353827606992164e-05,
        "3.0": 4.633139583859826e-05
    }
}