{
    "channel": "bsc",
    "code": "1200_rho_x5_rand_ldpc_8",
    "decoder": "SPA",
    "codeword": "0",
    "max_iter": "100",
    "tot": {
        "0.1": 101.0,
        "0.09": 122.0,
        "0.08": 180.0,
        "0.07": 440.0,
        "0.06": 947.0,
        "0.05": 1850.0,
        "0.04": 2020.0
    },
    "wec": {
        "0.1": 100.0,
        "0.09": 100.0,
        "0.08": 100.0,
        "0.07": 100.0,
        "0.06": 100.0,
        "0.05": 100.0,
        "0.04": 100.0
    },
    "wer": {
        "0.1": 0.9900990099009901,
        "0.09": 0.819672131147541,
        "0.08": 0.5555555555555556,
        "0.07": 0.22727272727272727,
        "0.06": 0.10559662090813093,
        "0.05": 0.05405405405405406,
        "0.04": 0.04950495049504951
    },
    "bec": {
        "0.1": 7799.0,
        "0.09": 4889.0,
        "0.08": 2963.0,
        "0.07": 1428.0,
        "0.06": 696.0,
        "0.05": 220.0,
        "0.04": 147.0
    },
    "ber": {
        "0.1": 0.06434818481848185,
        "0.09": 0.0333948087431694,
        "0.08": 0.013717592592592592,
        "0.07": 0.0027045454545454547,
        "0.06": 0.0006124604012671595,
        "0.05": 9.909909909909909e-05,
        "0.04": 6.064356435643564e-05
    }
}