{
    "channel": "bsc",
    "code": "1200_3_6_rand_ldpc_9",
    "decoder": "MSA",
    "max_iter": "10",
    "tot": {
        "0.081": 100.0,
        "0.071": 100.0,
        "0.061": 100.0,
        "0.051": 101.0,
        "0.0451": 121.0,
        "0.031": 1037.0,
        "0.0251": 12595.0,
        "0.021": 219018.0,
        "0.0151": 279747.0
    },
    "wec": {
        "0.081": 100.0,
        "0.071": 100.0,
        "0.061": 100.0,
        "0.051": 100.0,
        "0.0451": 100.0,
        "0.031": 100.0,
        "0.0251": 100.0,
        "0.021": 100.0,
        "0.0151": 2.0
    },
    "wer": {
        "0.081": 1.0,
        "0.071": 1.0,
        "0.061": 1.0,
        "0.051": 0.9900990099009901,
        "0.0451": 0.8264462809917356,
        "0.031": 0.09643201542912247,
        "0.0251": 0.007939658594680429,
        "0.021": 0.00045658347715712863,
        "0.0151": 7.1493170614877015e-06
    },
    "bec": {
        "0.081": 24420.0,
        "0.071": 22904.0,
        "0.061": 21591.0,
        "0.051": 19479.0,
        "0.0451": 18222.0,
        "0.031": 7602.0,
        "0.0251": 5321.0,
        "0.021": 2878.0,
        "0.0151": 3.0
    },
    "ber": {
        "0.081": 0.2035,
        "0.071": 0.19086666666666666,
        "0.061": 0.179925,
        "0.051": 0.16071782178217822,
        "0.0451": 0.12549586776859503,
        "0.031": 0.006108968177434908,
        "0.0251": 0.0003520576948524547,
        "0.021": 1.0950393727151802e-05,
        "0.0151": 8.936646326859627e-09
    }
}