{
    "channel": "bsc",
    "code": "1200_3_6_ldpc",
    "decoder": "SPA",
    "max_iter": "100",
    "codeword": "0",
    "tot": {
        "0.1": 101.0,
        "0.09": 119.0,
        "0.08": 219.0,
        "0.07": 1208.0,
        "0.06": 7646.0,
        "0.05": 21647.0,
        "0.04": 23293.0
    },
    "wec": {
        "0.1": 100.0,
        "0.09": 100.0,
        "0.08": 100.0,
        "0.07": 100.0,
        "0.06": 100.0,
        "0.05": 100.0,
        "0.04": 100.0
    },
    "wer": {
        "0.1": 0.9900990099009901,
        "0.09": 0.8403361344537815,
        "0.08": 0.45662100456621,
        "0.07": 0.08278145695364239,
        "0.06": 0.013078733978550876,
        "0.05": 0.004619577770591768,
        "0.04": 0.004293135276692568
    },
    "bec": {
        "0.1": 10444.0,
        "0.09": 8645.0,
        "0.08": 7132.0,
        "0.07": 6180.0,
        "0.06": 2952.0,
        "0.05": 461.0,
        "0.04": 200.0
    },
    "ber": {
        "0.1": 0.08617161716171617,
        "0.09": 0.06053921568627451,
        "0.08": 0.027138508371385085,
        "0.07": 0.004263245033112583,
        "0.06": 0.00032173685587235154,
        "0.05": 1.774687793535671e-05,
        "0.04": 7.155225461154281e-06
    }
}