{
    "channel": "bsc",
    "code": "7_4_hamming",
    "decoder": "ADMM",
    "codeword": "1",
    "mu": "3.0",
    "eps": "1e-05",
    "tot": {
        "0.5": 300.0,
        "0.4": 329.0,
        "0.3": 373.0,
        "0.2": 483.0,
        "0.1": 878.0,
        "0.08": 1142.0,
        "0.06": 1608.0,
        "0.04": 2409.0,
        "0.02": 5065.0,
        "0.25": 419.0,
        "0.15": 700.0,
        "0.01": 9869.0,
        "0.008": 11852.0,
        "0.006": 16423.0,
        "0.004": 24461.0,
        "0.002": 49267.0
    },
    "wec": {
        "0.5": 300.0,
        "0.4": 300.0,
        "0.3": 300.0,
        "0.2": 300.0,
        "0.1": 300.0,
        "0.08": 300.0,
        "0.06": 300.0,
        "0.04": 300.0,
        "0.02": 300.0,
        "0.25": 300.0,
        "0.15": 300.0,
        "0.01": 300.0,
        "0.008": 300.0,
        "0.006": 300.0,
        "0.004": 300.0,
        "0.002": 300.0
    },
    "wer": {
        "0.5": 1.0,
        "0.4": 0.9118541033434651,
        "0.3": 0.8042895442359249,
        "0.2": 0.6211180124223602,
        "0.1": 0.3416856492027335,
        "0.08": 0.2626970227670753,
        "0.06": 0.1865671641791045,
        "0.04": 0.12453300124533001,
        "0.02": 0.059230009871668314,
        "0.25": 0.7159904534606205,
        "0.15": 0.42857142857142855,
        "0.01": 0.03039821663795724,
        "0.008": 0.02531218359770503,
        "0.006": 0.018267064482737624,
        "0.004": 0.0122644209149258,
        "0.002": 0.006089268678831672
    },
    "bec": {
        "0.5": 2100.0,
        "0.4": 988.0,
        "0.3": 876.0,
        "0.2": 721.0,
        "0.1": 565.0,
        "0.08": 515.0,
        "0.06": 452.0,
        "0.04": 385.0,
        "0.02": 358.0,
        "0.25": 772.0,
        "0.15": 624.0,
        "0.01": 330.0,
        "0.008": 325.0,
        "0.006": 318.0,
        "0.004": 318.0,
        "0.002": 309.0
    },
    "ber": {
        "0.5": 1.0,
        "0.4": 0.4290056448111159,
        "0.3": 0.3355036384527001,
        "0.2": 0.21325051759834368,
        "0.1": 0.09192971038073544,
        "0.08": 0.06442331748811608,
        "0.06": 0.04015636105188344,
        "0.04": 0.0228310502283105,
        "0.02": 0.01009730644478917,
        "0.25": 0.26321172860552333,
        "0.15": 0.1273469387755102,
        "0.01": 0.004776862614536138,
        "0.008": 0.0039173617472638735,
        "0.006": 0.0027661554788145546,
        "0.004": 0.0018571837385459068,
        "0.002": 0.0008959923913138032
    }
}