{
    "channel": "bsc",
    "code": "1200_rho_x5_rand_ldpc_7",
    "decoder": "MSA",
    "codeword": "1",
    "max_iter": "100",
    "tot": {
        "0.081": 124.0,
        "0.0751": 142.0,
        "0.071": 178.0,
        "0.0651": 216.0,
        "0.061": 272.0,
        "0.0551": 350.0,
        "0.051": 361.0,
        "0.0451": 451.0,
        "0.041": 542.0,
        "0.0351": 670.0,
        "0.031": 895.0,
        "0.0251": 1091.0,
        "0.021": 1417.0,
        "0.0151": 2446.0,
        "0.01": 2474.0
    },
    "wec": {
        "0.081": 100.0,
        "0.0751": 100.0,
        "0.071": 100.0,
        "0.0651": 100.0,
        "0.061": 100.0,
        "0.0551": 100.0,
        "0.051": 100.0,
        "0.0451": 100.0,
        "0.041": 100.0,
        "0.0351": 100.0,
        "0.031": 100.0,
        "0.0251": 100.0,
        "0.021": 100.0,
        "0.0151": 100.0,
        "0.01": 100.0
    },
    "wer": {
        "0.081": 0.8064516129032258,
        "0.0751": 0.704225352112676,
        "0.071": 0.5617977528089888,
        "0.0651": 0.46296296296296297,
        "0.061": 0.36764705882352944,
        "0.0551": 0.2857142857142857,
        "0.051": 0.2770083102493075,
        "0.0451": 0.22172949002217296,
        "0.041": 0.18450184501845018,
        "0.0351": 0.14925373134328357,
        "0.031": 0.11173184357541899,
        "0.0251": 0.09165902841429881,
        "0.021": 0.07057163020465773,
        "0.0151": 0.04088307440719542,
        "0.01": 0.04042037186742118
    },
    "bec": {
        "0.081": 5880.0,
        "0.0751": 3914.0,
        "0.071": 2714.0,
        "0.0651": 1235.0,
        "0.061": 1183.0,
        "0.0551": 1124.0,
        "0.051": 380.0,
        "0.0451": 351.0,
        "0.041": 347.0,
        "0.0351": 212.0,
        "0.031": 193.0,
        "0.0251": 157.0,
        "0.021": 138.0,
        "0.0151": 121.0,
        "0.01": 115.0
    },
    "ber": {
        "0.081": 0.03951612903225806,
        "0.0751": 0.022969483568075117,
        "0.071": 0.012705992509363296,
        "0.0651": 0.00476466049382716,
        "0.061": 0.003624387254901961,
        "0.0551": 0.002676190476190476,
        "0.051": 0.0008771929824561404,
        "0.0451": 0.0006485587583148559,
        "0.041": 0.0005335178351783518,
        "0.0351": 0.000263681592039801,
        "0.031": 0.0001797020484171322,
        "0.0251": 0.00011992056217537428,
        "0.021": 8.115737473535639e-05,
        "0.0151": 4.122376669392205e-05,
        "0.01": 3.873618970627863e-05
    }
}