{
    "channel": "bsc",
    "code": "1200_rho_x5_rand_ldpc_4",
    "decoder": "MSA",
    "codeword": "1",
    "max_iter": "100",
    "tot": {
        "0.081": 131.0,
        "0.0751": 145.0,
        "0.071": 172.0,
        "0.0651": 223.0,
        "0.061": 303.0,
        "0.0551": 306.0,
        "0.051": 414.0,
        "0.0451": 464.0,
        "0.041": 600.0,
        "0.0351": 805.0,
        "0.031": 803.0,
        "0.0251": 1073.0,
        "0.021": 1095.0,
        "0.0151": 1573.0,
        "0.01": 2402.0
    },
    "wec": {
        "0.081": 100.0,
        "0.0751": 100.0,
        "0.071": 100.0,
        "0.0651": 100.0,
        "0.061": 100.0,
        "0.0551": 100.0,
        "0.051": 100.0,
        "0.0451": 100.0,
        "0.041": 100.0,
        "0.0351": 100.0,
        "0.031": 100.0,
        "0.0251": 100.0,
        "0.021": 100.0,
        "0.0151": 100.0,
        "0.01": 100.0
    },
    "wer": {
        "0.081": 0.7633587786259542,
        "0.0751": 0.6896551724137931,
        "0.071": 0.5813953488372093,
        "0.0651": 0.4484304932735426,
        "0.061": 0.33003300330033003,
        "0.0551": 0.32679738562091504,
        "0.051": 0.24154589371980675,
        "0.0451": 0.21551724137931033,
        "0.041": 0.16666666666666666,
        "0.0351": 0.12422360248447205,
        "0.031": 0.12453300124533001,
        "0.0251": 0.09319664492078285,
        "0.021": 0.091324200913242,
        "0.0151": 0.06357279084551812,
        "0.01": 0.041631973355537054
    },
    "bec": {
        "0.081": 5587.0,
        "0.0751": 3997.0,
        "0.071": 2300.0,
        "0.0651": 1035.0,
        "0.061": 988.0,
        "0.0551": 826.0,
        "0.051": 324.0,
        "0.0451": 340.0,
        "0.041": 202.0,
        "0.0351": 161.0,
        "0.031": 130.0,
        "0.0251": 137.0,
        "0.021": 116.0,
        "0.0151": 102.0,
        "0.01": 104.0
    },
    "ber": {
        "0.081": 0.03554071246819338,
        "0.0751": 0.022971264367816092,
        "0.071": 0.011143410852713179,
        "0.0651": 0.003867713004484305,
        "0.061": 0.0027172717271727173,
        "0.0551": 0.002249455337690632,
        "0.051": 0.0006521739130434783,
        "0.0451": 0.000610632183908046,
        "0.041": 0.00028055555555555554,
        "0.0351": 0.00016666666666666666,
        "0.031": 0.00013491075134910752,
        "0.0251": 0.00010639950295122709,
        "0.021": 8.82800608828006e-05,
        "0.0151": 5.40368722186904e-05,
        "0.01": 3.608104357479878e-05
    }
}