{
    "channel": "bsc",
    "code": "1200_rho_x5_rand_ldpc_9",
    "decoder": "SPA",
    "codeword": "0",
    "max_iter": "100",
    "tot": {
        "0.1": 103.0,
        "0.09": 127.0,
        "0.08": 163.0,
        "0.07": 424.0,
        "0.06": 837.0,
        "0.05": 1492.0,
        "0.04": 2255.0
    },
    "wec": {
        "0.1": 100.0,
        "0.09": 100.0,
        "0.08": 100.0,
        "0.07": 100.0,
        "0.06": 100.0,
        "0.05": 100.0,
        "0.04": 100.0
    },
    "wer": {
        "0.1": 0.970873786407767,
        "0.09": 0.7874015748031497,
        "0.08": 0.6134969325153374,
        "0.07": 0.2358490566037736,
        "0.06": 0.11947431302270012,
        "0.05": 0.06702412868632708,
        "0.04": 0.04434589800443459
    },
    "bec": {
        "0.1": 8120.0,
        "0.09": 4914.0,
        "0.08": 2575.0,
        "0.07": 1616.0,
        "0.06": 550.0,
        "0.05": 241.0,
        "0.04": 167.0
    },
    "ber": {
        "0.1": 0.0656957928802589,
        "0.09": 0.032244094488188976,
        "0.08": 0.013164621676891615,
        "0.07": 0.0031761006289308174,
        "0.06": 0.0005475906013540422,
        "0.05": 0.00013460679177837356,
        "0.04": 6.171470805617147e-05
    }
}