{
    "channel": "bsc",
    "code": "1200_3_6_ldpc",
    "decoder": "MSA",
    "max_iter": "1",
    "tot": {
        "0.081": 100.0,
        "0.071": 100.0,
        "0.061": 100.0,
        "0.051": 100.0,
        "0.0451": 100.0,
        "0.031": 100.0,
        "0.0251": 100.0,
        "0.021": 100.0,
        "0.0151": 100.0,
        "0.011": 102.0
    },
    "wec": {
        "0.081": 100.0,
        "0.071": 100.0,
        "0.061": 100.0,
        "0.051": 100.0,
        "0.0451": 100.0,
        "0.031": 100.0,
        "0.0251": 100.0,
        "0.021": 100.0,
        "0.0151": 100.0,
        "0.011": 100.0
    },
    "wer": {
        "0.081": 1.0,
        "0.071": 1.0,
        "0.061": 1.0,
        "0.051": 1.0,
        "0.0451": 1.0,
        "0.031": 1.0,
        "0.0251": 1.0,
        "0.021": 1.0,
        "0.0151": 1.0,
        "0.011": 0.9803921568627451
    },
    "bec": {
        "0.081": 29578.0,
        "0.071": 24737.0,
        "0.061": 20717.0,
        "0.051": 15924.0,
        "0.0451": 13265.0,
        "0.031": 7135.0,
        "0.0251": 4985.0,
        "0.021": 3892.0,
        "0.0151": 1935.0,
        "0.011": 1188.0
    },
    "ber": {
        "0.081": 0.24648333333333333,
        "0.071": 0.20614166666666667,
        "0.061": 0.17264166666666667,
        "0.051": 0.1327,
        "0.0451": 0.11054166666666666,
        "0.031": 0.059458333333333335,
        "0.0251": 0.041541666666666664,
        "0.021": 0.032433333333333335,
        "0.0151": 0.016125,
        "0.011": 0.009705882352941177
    }
}