{
    "channel": "bsc",
    "code": "1200_rho_x5_rand_ldpc_5",
    "decoder": "SPA",
    "codeword": "0",
    "max_iter": "100",
    "tot": {
        "0.1": 107.0,
        "0.09": 114.0,
        "0.08": 170.0,
        "0.07": 306.0,
        "0.06": 443.0,
        "0.05": 633.0,
        "0.04": 777.0
    },
    "wec": {
        "0.1": 100.0,
        "0.09": 100.0,
        "0.08": 100.0,
        "0.07": 100.0,
        "0.06": 100.0,
        "0.05": 100.0,
        "0.04": 100.0
    },
    "wer": {
        "0.1": 0.9345794392523364,
        "0.09": 0.8771929824561403,
        "0.08": 0.5882352941176471,
        "0.07": 0.32679738562091504,
        "0.06": 0.22573363431151242,
        "0.05": 0.1579778830963665,
        "0.04": 0.1287001287001287
    },
    "bec": {
        "0.1": 8075.0,
        "0.09": 4297.0,
        "0.08": 2421.0,
        "0.07": 972.0,
        "0.06": 437.0,
        "0.05": 167.0,
        "0.04": 141.0
    },
    "ber": {
        "0.1": 0.06288940809968847,
        "0.09": 0.03141081871345029,
        "0.08": 0.01186764705882353,
        "0.07": 0.0026470588235294116,
        "0.06": 0.0008220466516177577,
        "0.05": 0.00021985255397577672,
        "0.04": 0.00015122265122265123
    }
}