{
    "channel": "bsc",
    "code": "1200_3_6_rand_ldpc_10",
    "decoder": "MSA",
    "max_iter": "10",
    "tot": {
        "0.081": 100.0,
        "0.071": 100.0,
        "0.061": 100.0,
        "0.051": 103.0,
        "0.0451": 115.0,
        "0.031": 1092.0,
        "0.0251": 12938.0,
        "0.021": 221171.0,
        "0.0151": 267934.0
    },
    "wec": {
        "0.081": 100.0,
        "0.071": 100.0,
        "0.061": 100.0,
        "0.051": 100.0,
        "0.0451": 100.0,
        "0.031": 100.0,
        "0.0251": 100.0,
        "0.021": 100.0,
        "0.0151": 0.0
    },
    "wer": {
        "0.081": 1.0,
        "0.071": 1.0,
        "0.061": 1.0,
        "0.051": 0.970873786407767,
        "0.0451": 0.8695652173913043,
        "0.031": 0.09157509157509157,
        "0.0251": 0.007729169887154119,
        "0.021": 0.00045213884279584574,
        "0.0151": 0.0
    },
    "bec": {
        "0.081": 24517.0,
        "0.071": 22912.0,
        "0.061": 21409.0,
        "0.051": 19737.0,
        "0.0451": 17651.0,
        "0.031": 8482.0,
        "0.0251": 4431.0,
        "0.021": 2470.0,
        "0.0151": 0.0
    },
    "ber": {
        "0.081": 0.20430833333333334,
        "0.071": 0.19093333333333334,
        "0.061": 0.17840833333333334,
        "0.051": 0.15968446601941746,
        "0.0451": 0.12790579710144928,
        "0.031": 0.006472832722832723,
        "0.0251": 0.0002853995980831659,
        "0.021": 9.306524514214492e-06,
        "0.0151": 0.0
    }
}