{
    "channel": "bsc",
    "code": "1200_3_6_ldpc",
    "decoder": "MSA",
    "max_iter": "100",
    "tot": {
        "0.081": 113.0,
        "0.071": 155.0,
        "0.061": 492.0,
        "0.051": 936.0,
        "0.0451": 1074.0,
        "0.031": 1404.0,
        "0.0251": 1983.0,
        "0.021": 2320.0,
        "0.0151": 2442.0,
        "0.011": 3572.0
    },
    "wec": {
        "0.081": 100.0,
        "0.071": 100.0,
        "0.061": 100.0,
        "0.051": 100.0,
        "0.0451": 100.0,
        "0.031": 100.0,
        "0.0251": 100.0,
        "0.021": 100.0,
        "0.0151": 100.0,
        "0.011": 100.0
    },
    "wer": {
        "0.081": 0.8849557522123894,
        "0.071": 0.6451612903225806,
        "0.061": 0.2032520325203252,
        "0.051": 0.10683760683760683,
        "0.0451": 0.0931098696461825,
        "0.031": 0.07122507122507123,
        "0.0251": 0.05042864346949067,
        "0.021": 0.04310344827586207,
        "0.0151": 0.04095004095004095,
        "0.011": 0.027995520716685332
    },
    "bec": {
        "0.081": 10267.0,
        "0.071": 7936.0,
        "0.061": 5979.0,
        "0.051": 5674.0,
        "0.0451": 3216.0,
        "0.031": 6506.0,
        "0.0251": 5100.0,
        "0.021": 6453.0,
        "0.0151": 7440.0,
        "0.011": 6714.0
    },
    "ber": {
        "0.081": 0.07571533923303835,
        "0.071": 0.042666666666666665,
        "0.061": 0.010127032520325202,
        "0.051": 0.005051638176638177,
        "0.0451": 0.0024953445065176907,
        "0.031": 0.003861585944919278,
        "0.0251": 0.0021432173474533536,
        "0.021": 0.002317887931034483,
        "0.0151": 0.002538902538902539,
        "0.011": 0.0015663493840985443
    }
}