{
    "channel": "bsc",
    "code": "1200_3_6_ldpc",
    "decoder": "MSA",
    "max_iter": "40",
    "tot": {
        "0.081": 100.0,
        "0.071": 100.0,
        "0.061": 100.0,
        "0.051": 100.0,
        "0.0451": 117.0,
        "0.031": 780.0,
        "0.0251": 1706.0,
        "0.021": 2341.0,
        "0.0151": 3281.0,
        "0.011": 1163.0
    },
    "wec": {
        "0.081": 100.0,
        "0.071": 100.0,
        "0.061": 100.0,
        "0.051": 100.0,
        "0.0451": 100.0,
        "0.031": 100.0,
        "0.0251": 100.0,
        "0.021": 100.0,
        "0.0151": 100.0,
        "0.011": 38.0
    },
    "wer": {
        "0.081": 1.0,
        "0.071": 1.0,
        "0.061": 1.0,
        "0.051": 1.0,
        "0.0451": 0.8547008547008547,
        "0.031": 0.1282051282051282,
        "0.0251": 0.05861664712778429,
        "0.021": 0.042716787697565144,
        "0.0151": 0.03047851264858275,
        "0.011": 0.03267411865864144
    },
    "bec": {
        "0.081": 23983.0,
        "0.071": 22831.0,
        "0.061": 21438.0,
        "0.051": 20136.0,
        "0.0451": 19505.0,
        "0.031": 16521.0,
        "0.0251": 14526.0,
        "0.021": 11619.0,
        "0.0151": 11758.0,
        "0.011": 4628.0
    },
    "ber": {
        "0.081": 0.19985833333333333,
        "0.071": 0.19025833333333333,
        "0.061": 0.17865,
        "0.051": 0.1678,
        "0.0451": 0.1389245014245014,
        "0.031": 0.017650641025641026,
        "0.0251": 0.0070955451348182885,
        "0.021": 0.004136052968816745,
        "0.0151": 0.0029863862643502996,
        "0.011": 0.003316136428776154
    }
}