{
    "channel": "bsc",
    "code": "1200_3_6_rand_ldpc_8",
    "decoder": "SPA",
    "max_iter": "10",
    "codeword": "0",
    "tot": {
        "0.1": 100.0,
        "0.09": 100.0,
        "0.08": 110.0,
        "0.07": 175.0,
        "0.06": 571.0,
        "0.05": 3882.0,
        "0.04": 82534.0
    },
    "wec": {
        "0.1": 100.0,
        "0.09": 100.0,
        "0.08": 100.0,
        "0.07": 100.0,
        "0.06": 100.0,
        "0.05": 100.0,
        "0.04": 100.0
    },
    "wer": {
        "0.1": 1.0,
        "0.09": 1.0,
        "0.08": 0.9090909090909091,
        "0.07": 0.5714285714285714,
        "0.06": 0.17513134851138354,
        "0.05": 0.02575991756826378,
        "0.04": 0.0012116218770446118
    },
    "bec": {
        "0.1": 10510.0,
        "0.09": 7761.0,
        "0.08": 5484.0,
        "0.07": 2966.0,
        "0.06": 1620.0,
        "0.05": 712.0,
        "0.04": 540.0
    },
    "ber": {
        "0.1": 0.08758333333333333,
        "0.09": 0.064675,
        "0.08": 0.041545454545454545,
        "0.07": 0.014123809523809525,
        "0.06": 0.002364273204903678,
        "0.05": 0.00015284217757169843,
        "0.04": 5.452298446700754e-06
    }
}