{
    "channel": "bsc",
    "code": "1200_3_6_rand_ldpc_3",
    "decoder": "SPA",
    "max_iter": "10",
    "codeword": "0",
    "tot": {
        "0.1": 100.0,
        "0.09": 101.0,
        "0.08": 105.0,
        "0.07": 158.0,
        "0.06": 366.0,
        "0.05": 861.0,
        "0.04": 2901.0
    },
    "wec": {
        "0.1": 100.0,
        "0.09": 100.0,
        "0.08": 100.0,
        "0.07": 100.0,
        "0.06": 100.0,
        "0.05": 100.0,
        "0.04": 100.0
    },
    "wer": {
        "0.1": 1.0,
        "0.09": 0.9900990099009901,
        "0.08": 0.9523809523809523,
        "0.07": 0.6329113924050633,
        "0.06": 0.273224043715847,
        "0.05": 0.11614401858304298,
        "0.04": 0.03447087211306446
    },
    "bec": {
        "0.1": 10678.0,
        "0.09": 8003.0,
        "0.08": 5570.0,
        "0.07": 2392.0,
        "0.06": 855.0,
        "0.05": 298.0,
        "0.04": 221.0
    },
    "ber": {
        "0.1": 0.08898333333333333,
        "0.09": 0.06603135313531353,
        "0.08": 0.04420634920634921,
        "0.07": 0.012616033755274262,
        "0.06": 0.00194672131147541,
        "0.05": 0.0002884243128145567,
        "0.04": 6.348385614156038e-05
    }
}