{
    "channel": "bsc",
    "code": "7_4_hamming",
    "decoder": "ML",
    "max_iter": "10",
    "codeword": "1",
    "tot": {
        "0.5": 320.0,
        "0.4": 348.0,
        "0.3": 436.0,
        "0.2": 647.0,
        "0.1": 1837.0,
        "0.08": 3034.0,
        "0.06": 5024.0,
        "0.04": 9853.0,
        "0.02": 35171.0,
        "0.01": 154554.0,
        "0.008": 57621.0,
        "0.006": 144849.0,
        "0.004": 241386.0,
        "0.002": 1261722.0,
        "0.25": 534.0,
        "0.15": 1015.0
    },
    "wec": {
        "0.5": 300.0,
        "0.4": 300.0,
        "0.3": 300.0,
        "0.2": 300.0,
        "0.1": 300.0,
        "0.08": 300.0,
        "0.06": 300.0,
        "0.04": 300.0,
        "0.02": 300.0,
        "0.01": 300.0,
        "0.008": 72.0,
        "0.006": 100.0,
        "0.004": 100.0,
        "0.002": 100.0,
        "0.25": 300.0,
        "0.15": 300.0
    },
    "wer": {
        "0.5": 0.9375,
        "0.4": 0.8620689655172413,
        "0.3": 0.6880733944954128,
        "0.2": 0.46367851622874806,
        "0.1": 0.1633097441480675,
        "0.08": 0.09887936717205009,
        "0.06": 0.059713375796178345,
        "0.04": 0.030447579417436314,
        "0.02": 0.008529754627391885,
        "0.01": 0.0019410691408827982,
        "0.008": 0.0012495444369240382,
        "0.006": 0.0006903741137322315,
        "0.004": 0.00041427423297125764,
        "0.002": 7.925676179063216e-05,
        "0.25": 0.5617977528089888,
        "0.15": 0.2955665024630542
    },
    "bec": {
        "0.5": 1107.0,
        "0.4": 1052.0,
        "0.3": 1010.0,
        "0.2": 982.0,
        "0.1": 934.0,
        "0.08": 927.0,
        "0.06": 927.0,
        "0.04": 918.0,
        "0.02": 907.0,
        "0.01": 905.0,
        "0.008": 217.0,
        "0.006": 301.0,
        "0.004": 300.0,
        "0.002": 300.0,
        "0.25": 984.0,
        "0.15": 950.0
    },
    "ber": {
        "0.5": 0.4941964285714286,
        "0.4": 0.4318555008210181,
        "0.3": 0.3309305373525557,
        "0.2": 0.21682490616030028,
        "0.1": 0.07263395287347384,
        "0.08": 0.04364817779451926,
        "0.06": 0.02635919017288444,
        "0.04": 0.01330994185962216,
        "0.02": 0.0036840416414497335,
        "0.01": 0.0008365083678566345,
        "0.008": 0.000537998299231183,
        "0.006": 0.00029686086890485955,
        "0.004": 0.0001775460998448247,
        "0.002": 3.396718362455664e-05,
        "0.25": 0.26324237560192615,
        "0.15": 0.13370865587614356
    }
}