{
    "channel": "bsc",
    "code": "1200_3_6_rand_ldpc_6",
    "decoder": "SPA",
    "max_iter": "10",
    "codeword": "0",
    "tot": {
        "0.1": 100.0,
        "0.09": 100.0,
        "0.08": 108.0,
        "0.07": 175.0,
        "0.06": 555.0,
        "0.05": 3818.0,
        "0.04": 93909.0
    },
    "wec": {
        "0.1": 100.0,
        "0.09": 100.0,
        "0.08": 100.0,
        "0.07": 100.0,
        "0.06": 100.0,
        "0.05": 100.0,
        "0.04": 100.0
    },
    "wer": {
        "0.1": 1.0,
        "0.09": 1.0,
        "0.08": 0.9259259259259259,
        "0.07": 0.5714285714285714,
        "0.06": 0.18018018018018017,
        "0.05": 0.026191723415400735,
        "0.04": 0.0010648606629822487
    },
    "bec": {
        "0.1": 10458.0,
        "0.09": 7897.0,
        "0.08": 4992.0,
        "0.07": 2576.0,
        "0.06": 1364.0,
        "0.05": 748.0,
        "0.04": 451.0
    },
    "ber": {
        "0.1": 0.08715,
        "0.09": 0.06580833333333333,
        "0.08": 0.03851851851851852,
        "0.07": 0.012266666666666667,
        "0.06": 0.002048048048048048,
        "0.05": 0.00016326174262266458,
        "0.04": 4.002101325041618e-06
    }
}