{
    "channel": "bsc",
    "code": "1200_3_6_ldpc",
    "decoder": "SPA",
    "max_iter": "0",
    "codeword": "0",
    "tot": {
        "0.1": 100.0,
        "0.09": 100.0,
        "0.08": 100.0,
        "0.07": 100.0,
        "0.06": 100.0,
        "0.05": 100.0,
        "0.04": 100.0
    },
    "wec": {
        "0.1": 100.0,
        "0.09": 100.0,
        "0.08": 100.0,
        "0.07": 100.0,
        "0.06": 100.0,
        "0.05": 100.0,
        "0.04": 100.0
    },
    "wer": {
        "0.1": 1.0,
        "0.09": 1.0,
        "0.08": 1.0,
        "0.07": 1.0,
        "0.06": 1.0,
        "0.05": 1.0,
        "0.04": 1.0
    },
    "bec": {
        "0.1": 12103.0,
        "0.09": 10769.0,
        "0.08": 9722.0,
        "0.07": 8366.0,
        "0.06": 7217.0,
        "0.05": 5846.0,
        "0.04": 4649.0
    },
    "ber": {
        "0.1": 0.10085833333333333,
        "0.09": 0.08974166666666666,
        "0.08": 0.08101666666666667,
        "0.07": 0.06971666666666666,
        "0.06": 0.06014166666666667,
        "0.05": 0.048716666666666665,
        "0.04": 0.03874166666666667
    }
}