{
    "channel": "bsc",
    "code": "1200_3_6_rand_ldpc_4",
    "decoder": "SPA",
    "max_iter": "10",
    "codeword": "0",
    "tot": {
        "0.1": 100.0,
        "0.09": 101.0,
        "0.08": 103.0,
        "0.07": 179.0,
        "0.06": 543.0,
        "0.05": 4824.0,
        "0.04": 107944.0
    },
    "wec": {
        "0.1": 100.0,
        "0.09": 100.0,
        "0.08": 100.0,
        "0.07": 100.0,
        "0.06": 100.0,
        "0.05": 100.0,
        "0.04": 100.0
    },
    "wer": {
        "0.1": 1.0,
        "0.09": 0.9900990099009901,
        "0.08": 0.970873786407767,
        "0.07": 0.5586592178770949,
        "0.06": 0.1841620626151013,
        "0.05": 0.020729684908789386,
        "0.04": 0.0009264062847402357
    },
    "bec": {
        "0.1": 10615.0,
        "0.09": 7832.0,
        "0.08": 4784.0,
        "0.07": 2878.0,
        "0.06": 1144.0,
        "0.05": 1094.0,
        "0.04": 489.0
    },
    "ber": {
        "0.1": 0.08845833333333333,
        "0.09": 0.06462046204620463,
        "0.08": 0.03870550161812298,
        "0.07": 0.013398510242085661,
        "0.06": 0.0017556783302639656,
        "0.05": 0.00018898562741846323,
        "0.04": 3.7751056103164603e-06
    }
}