{
    "channel": "bsc",
    "code": "7_4_hamming",
    "decoder": "MSA",
    "max_iter": "10",
    "codeword": "1",
    "tot": {
        "0.5": 302.0,
        "0.4": 323.0,
        "0.3": 357.0,
        "0.2": 457.0,
        "0.1": 795.0,
        "0.08": 959.0,
        "0.06": 1295.0,
        "0.04": 1889.0,
        "0.02": 3822.0,
        "0.01": 7607.0,
        "0.008": 8920.0,
        "0.006": 4497.0,
        "0.004": 6491.0,
        "0.002": 14057.0,
        "0.25": 416.0,
        "0.15": 565.0
    },
    "wec": {
        "0.5": 300.0,
        "0.4": 300.0,
        "0.3": 300.0,
        "0.2": 300.0,
        "0.1": 300.0,
        "0.08": 300.0,
        "0.06": 300.0,
        "0.04": 300.0,
        "0.02": 300.0,
        "0.01": 300.0,
        "0.008": 300.0,
        "0.006": 100.0,
        "0.004": 100.0,
        "0.002": 100.0,
        "0.25": 300.0,
        "0.15": 300.0
    },
    "wer": {
        "0.5": 0.9933774834437086,
        "0.4": 0.9287925696594427,
        "0.3": 0.8403361344537815,
        "0.2": 0.6564551422319475,
        "0.1": 0.37735849056603776,
        "0.08": 0.31282586027111575,
        "0.06": 0.23166023166023167,
        "0.04": 0.15881418740074113,
        "0.02": 0.07849293563579278,
        "0.01": 0.03943736032601551,
        "0.008": 0.033632286995515695,
        "0.006": 0.022237046920169,
        "0.004": 0.015405946695424434,
        "0.002": 0.007113893433876361,
        "0.25": 0.7211538461538461,
        "0.15": 0.5309734513274337
    },
    "bec": {
        "0.5": 1994.0,
        "0.4": 1060.0,
        "0.3": 1004.0,
        "0.2": 966.0,
        "0.1": 964.0,
        "0.08": 949.0,
        "0.06": 961.0,
        "0.04": 984.0,
        "0.02": 967.0,
        "0.01": 983.0,
        "0.008": 993.0,
        "0.006": 318.0,
        "0.004": 347.0,
        "0.002": 342.0,
        "0.25": 964.0,
        "0.15": 950.0
    },
    "ber": {
        "0.5": 0.9432355723746452,
        "0.4": 0.4688191065900044,
        "0.3": 0.4017607042817127,
        "0.2": 0.30196936542669583,
        "0.1": 0.17322551662174304,
        "0.08": 0.1413674959034709,
        "0.06": 0.10601213458356315,
        "0.04": 0.07441579066777584,
        "0.02": 0.036144127980862674,
        "0.01": 0.018460440571653927,
        "0.008": 0.01590326713645099,
        "0.006": 0.010101972743733917,
        "0.004": 0.0076369478618746834,
        "0.002": 0.003475645077693879,
        "0.25": 0.33104395604395603,
        "0.15": 0.2402022756005057
    }
}