{
    "channel": "bsc",
    "code": "1200_3_6_rand_ldpc_5",
    "decoder": "MSA",
    "max_iter": "10",
    "tot": {
        "0.081": 100.0,
        "0.071": 100.0,
        "0.061": 100.0,
        "0.051": 101.0,
        "0.0451": 118.0,
        "0.031": 1154.0,
        "0.0251": 13797.0,
        "0.021": 182186.0,
        "0.0151": 328324.0
    },
    "wec": {
        "0.081": 100.0,
        "0.071": 100.0,
        "0.061": 100.0,
        "0.051": 100.0,
        "0.0451": 100.0,
        "0.031": 100.0,
        "0.0251": 100.0,
        "0.021": 100.0,
        "0.0151": 3.0
    },
    "wer": {
        "0.081": 1.0,
        "0.071": 1.0,
        "0.061": 1.0,
        "0.051": 0.9900990099009901,
        "0.0451": 0.847457627118644,
        "0.031": 0.08665511265164645,
        "0.0251": 0.007247952453431905,
        "0.021": 0.0005488895963465908,
        "0.0151": 9.137315578513907e-06
    },
    "bec": {
        "0.081": 24484.0,
        "0.071": 23085.0,
        "0.061": 21673.0,
        "0.051": 19858.0,
        "0.0451": 17552.0,
        "0.031": 7595.0,
        "0.0251": 5316.0,
        "0.021": 2507.0,
        "0.0151": 5.0
    },
    "ber": {
        "0.081": 0.20403333333333334,
        "0.071": 0.192375,
        "0.061": 0.18060833333333334,
        "0.051": 0.16384488448844883,
        "0.0451": 0.123954802259887,
        "0.031": 0.005484546504910456,
        "0.0251": 0.0003210842936870334,
        "0.021": 1.1467218483674194e-05,
        "0.0151": 1.2690716081269315e-08
    }
}