{
    "channel": "bsc",
    "code": "1200_3_6_rand_ldpc_8",
    "decoder": "MSA",
    "max_iter": "10",
    "tot": {
        "0.081": 100.0,
        "0.071": 100.0,
        "0.061": 100.0,
        "0.051": 104.0,
        "0.0451": 118.0,
        "0.031": 1151.0,
        "0.0251": 12633.0,
        "0.021": 268152.0,
        "0.0151": 232051.0
    },
    "wec": {
        "0.081": 100.0,
        "0.071": 100.0,
        "0.061": 100.0,
        "0.051": 100.0,
        "0.0451": 100.0,
        "0.031": 100.0,
        "0.0251": 100.0,
        "0.021": 100.0,
        "0.0151": 2.0
    },
    "wer": {
        "0.081": 1.0,
        "0.071": 1.0,
        "0.061": 1.0,
        "0.051": 0.9615384615384616,
        "0.0451": 0.847457627118644,
        "0.031": 0.08688097306689835,
        "0.0251": 0.007915776141850708,
        "0.021": 0.0003729228198931949,
        "0.0151": 8.618795006270174e-06
    },
    "bec": {
        "0.081": 24347.0,
        "0.071": 23062.0,
        "0.061": 21659.0,
        "0.051": 19738.0,
        "0.0451": 18016.0,
        "0.031": 7799.0,
        "0.0251": 4964.0,
        "0.021": 3618.0,
        "0.0151": 12.0
    },
    "ber": {
        "0.081": 0.20289166666666666,
        "0.071": 0.19218333333333334,
        "0.061": 0.18049166666666666,
        "0.051": 0.1581570512820513,
        "0.0451": 0.1272316384180791,
        "0.031": 0.005646539241239502,
        "0.0251": 0.000327449273067891,
        "0.021": 1.1243623019779827e-05,
        "0.0151": 4.3093975031350864e-08
    }
}