{
    "channel": "bsc",
    "code": "1200_rho_x5_rand_ldpc_4",
    "decoder": "SPA",
    "codeword": "0",
    "max_iter": "100",
    "tot": {
        "0.1": 104.0,
        "0.09": 127.0,
        "0.08": 171.0,
        "0.07": 329.0,
        "0.06": 648.0,
        "0.05": 1028.0,
        "0.04": 1324.0
    },
    "wec": {
        "0.1": 100.0,
        "0.09": 100.0,
        "0.08": 100.0,
        "0.07": 100.0,
        "0.06": 100.0,
        "0.05": 100.0,
        "0.04": 100.0
    },
    "wer": {
        "0.1": 0.9615384615384616,
        "0.09": 0.7874015748031497,
        "0.08": 0.5847953216374269,
        "0.07": 0.303951367781155,
        "0.06": 0.15432098765432098,
        "0.05": 0.09727626459143969,
        "0.04": 0.0755287009063444
    },
    "bec": {
        "0.1": 7588.0,
        "0.09": 4163.0,
        "0.08": 3048.0,
        "0.07": 1251.0,
        "0.06": 619.0,
        "0.05": 192.0,
        "0.04": 115.0
    },
    "ber": {
        "0.1": 0.06080128205128205,
        "0.09": 0.027316272965879265,
        "0.08": 0.014853801169590643,
        "0.07": 0.003168693009118541,
        "0.06": 0.0007960390946502058,
        "0.05": 0.0001556420233463035,
        "0.04": 7.23816717019134e-05
    }
}