{
    "channel": "bsc",
    "code": "1200_rho_x5_rand_ldpc_8",
    "decoder": "MSA",
    "codeword": "1",
    "max_iter": "100",
    "tot": {
        "0.081": 117.0,
        "0.0751": 147.0,
        "0.071": 190.0,
        "0.0651": 255.0,
        "0.061": 288.0,
        "0.0551": 320.0,
        "0.051": 382.0,
        "0.0451": 578.0,
        "0.041": 588.0,
        "0.0351": 731.0,
        "0.031": 830.0,
        "0.0251": 1165.0,
        "0.021": 1344.0,
        "0.0151": 1706.0,
        "0.01": 3081.0
    },
    "wec": {
        "0.081": 100.0,
        "0.0751": 100.0,
        "0.071": 100.0,
        "0.0651": 100.0,
        "0.061": 100.0,
        "0.0551": 100.0,
        "0.051": 100.0,
        "0.0451": 100.0,
        "0.041": 100.0,
        "0.0351": 100.0,
        "0.031": 100.0,
        "0.0251": 100.0,
        "0.021": 100.0,
        "0.0151": 100.0,
        "0.01": 100.0
    },
    "wer": {
        "0.081": 0.8547008547008547,
        "0.0751": 0.6802721088435374,
        "0.071": 0.5263157894736842,
        "0.0651": 0.39215686274509803,
        "0.061": 0.3472222222222222,
        "0.0551": 0.3125,
        "0.051": 0.2617801047120419,
        "0.0451": 0.17301038062283736,
        "0.041": 0.17006802721088435,
        "0.0351": 0.13679890560875513,
        "0.031": 0.12048192771084337,
        "0.0251": 0.08583690987124463,
        "0.021": 0.0744047619047619,
        "0.0151": 0.05861664712778429,
        "0.01": 0.03245699448231094
    },
    "bec": {
        "0.081": 5293.0,
        "0.0751": 4624.0,
        "0.071": 2476.0,
        "0.0651": 1006.0,
        "0.061": 889.0,
        "0.0551": 1153.0,
        "0.051": 411.0,
        "0.0451": 373.0,
        "0.041": 342.0,
        "0.0351": 237.0,
        "0.031": 222.0,
        "0.0251": 153.0,
        "0.021": 134.0,
        "0.0151": 117.0,
        "0.01": 113.0
    },
    "ber": {
        "0.081": 0.0376994301994302,
        "0.0751": 0.02621315192743764,
        "0.071": 0.010859649122807017,
        "0.0651": 0.0032875816993464054,
        "0.061": 0.002572337962962963,
        "0.0551": 0.003002604166666667,
        "0.051": 0.0008965968586387435,
        "0.0451": 0.0005377739331026528,
        "0.041": 0.0004846938775510204,
        "0.0351": 0.0002701778385772914,
        "0.031": 0.00022289156626506025,
        "0.0251": 0.00010944206008583691,
        "0.021": 8.308531746031746e-05,
        "0.0151": 5.715123094958968e-05,
        "0.01": 3.056366980417613e-05
    }
}