{
    "channel": "bsc",
    "prefix": "1200_rho_x5_rand_ldpc",
    "decoder": "SPA",
    "sources": [
        "1200_rho_x5_rand_ldpc_1",
        "1200_rho_x5_rand_ldpc_10",
        "1200_rho_x5_rand_ldpc_2",
        "1200_rho_x5_rand_ldpc_3",
        "1200_rho_x5_rand_ldpc_4",
        "1200_rho_x5_rand_ldpc_5",
        "1200_rho_x5_rand_ldpc_6",
        "1200_rho_x5_rand_ldpc_7",
        "1200_rho_x5_rand_ldpc_8",
        "1200_rho_x5_rand_ldpc_9"
    ],
    "wer": {
        "0.04": 0.048950248631760354,
        "0.05": 0.06240313651979555,
        "0.1": 0.9521625321123635,
        "0.08": 0.549955754797194,
        "0.07": 0.2407194821475759,
        "0.06": 0.11267449164706655,
        "0.09": 0.774121680538653
    },
    "ber": {
        "0.04": 6.841627536821998e-05,
        "0.05": 0.00012132945000968168,
        "0.1": 0.06257572399066202,
        "0.08": 0.014325285922625487,
        "0.07": 0.0031100191882536747,
        "0.06": 0.0006922734336936973,
        "0.09": 0.03101012183822937
    }
}