{
    "channel": "bsc",
    "code": "1200_rho_x5_rand_ldpc_10",
    "decoder": "MSA",
    "codeword": "1",
    "max_iter": "100",
    "tot": {
        "0.081": 122.0,
        "0.0751": 142.0,
        "0.071": 154.0,
        "0.0651": 194.0,
        "0.061": 241.0,
        "0.0551": 239.0,
        "0.051": 276.0,
        "0.0451": 396.0,
        "0.041": 412.0,
        "0.0351": 467.0,
        "0.031": 564.0,
        "0.0251": 682.0,
        "0.021": 687.0,
        "0.0151": 1030.0,
        "0.01": 1795.0
    },
    "wec": {
        "0.081": 100.0,
        "0.0751": 100.0,
        "0.071": 100.0,
        "0.0651": 100.0,
        "0.061": 100.0,
        "0.0551": 100.0,
        "0.051": 100.0,
        "0.0451": 100.0,
        "0.041": 100.0,
        "0.0351": 100.0,
        "0.031": 100.0,
        "0.0251": 100.0,
        "0.021": 100.0,
        "0.0151": 100.0,
        "0.01": 100.0
    },
    "wer": {
        "0.081": 0.819672131147541,
        "0.0751": 0.704225352112676,
        "0.071": 0.6493506493506493,
        "0.0651": 0.5154639175257731,
        "0.061": 0.4149377593360996,
        "0.0551": 0.41841004184100417,
        "0.051": 0.36231884057971014,
        "0.0451": 0.25252525252525254,
        "0.041": 0.24271844660194175,
        "0.0351": 0.21413276231263384,
        "0.031": 0.1773049645390071,
        "0.0251": 0.1466275659824047,
        "0.021": 0.14556040756914118,
        "0.0151": 0.0970873786407767,
        "0.01": 0.055710306406685235
    },
    "bec": {
        "0.081": 5861.0,
        "0.0751": 3794.0,
        "0.071": 2443.0,
        "0.0651": 998.0,
        "0.061": 558.0,
        "0.0551": 662.0,
        "0.051": 594.0,
        "0.0451": 231.0,
        "0.041": 272.0,
        "0.0351": 181.0,
        "0.031": 156.0,
        "0.0251": 163.0,
        "0.021": 122.0,
        "0.0151": 116.0,
        "0.01": 115.0
    },
    "ber": {
        "0.081": 0.04003415300546448,
        "0.0751": 0.022265258215962442,
        "0.071": 0.01321969696969697,
        "0.0651": 0.0042869415807560134,
        "0.061": 0.001929460580912863,
        "0.0551": 0.002308228730822873,
        "0.051": 0.0017934782608695651,
        "0.0451": 0.0004861111111111111,
        "0.041": 0.0005501618122977346,
        "0.0351": 0.0003229835831548894,
        "0.031": 0.0002304964539007092,
        "0.0251": 0.00019916911045943304,
        "0.021": 0.0001479864143619602,
        "0.0151": 9.385113268608415e-05,
        "0.01": 5.338904363974002e-05
    }
}