{
    "channel": "bsc",
    "code": "1200_rho_x5_rand_ldpc_6",
    "decoder": "MSA",
    "codeword": "1",
    "max_iter": "100",
    "tot": {
        "0.081": 118.0,
        "0.0751": 158.0,
        "0.071": 183.0,
        "0.0651": 211.0,
        "0.061": 270.0,
        "0.0551": 343.0,
        "0.051": 377.0,
        "0.0451": 462.0,
        "0.041": 524.0,
        "0.0351": 527.0,
        "0.031": 718.0,
        "0.0251": 908.0,
        "0.021": 1204.0,
        "0.0151": 1673.0,
        "0.01": 2658.0
    },
    "wec": {
        "0.081": 100.0,
        "0.0751": 100.0,
        "0.071": 100.0,
        "0.0651": 100.0,
        "0.061": 100.0,
        "0.0551": 100.0,
        "0.051": 100.0,
        "0.0451": 100.0,
        "0.041": 100.0,
        "0.0351": 100.0,
        "0.031": 100.0,
        "0.0251": 100.0,
        "0.021": 100.0,
        "0.0151": 100.0,
        "0.01": 100.0
    },
    "wer": {
        "0.081": 0.847457627118644,
        "0.0751": 0.6329113924050633,
        "0.071": 0.546448087431694,
        "0.0651": 0.47393364928909953,
        "0.061": 0.37037037037037035,
        "0.0551": 0.2915451895043732,
        "0.051": 0.26525198938992045,
        "0.0451": 0.21645021645021645,
        "0.041": 0.19083969465648856,
        "0.0351": 0.18975332068311196,
        "0.031": 0.1392757660167131,
        "0.0251": 0.11013215859030837,
        "0.021": 0.08305647840531562,
        "0.0151": 0.05977286312014345,
        "0.01": 0.03762227238525207
    },
    "bec": {
        "0.081": 5626.0,
        "0.0751": 4783.0,
        "0.071": 2355.0,
        "0.0651": 914.0,
        "0.061": 730.0,
        "0.0551": 918.0,
        "0.051": 311.0,
        "0.0451": 299.0,
        "0.041": 413.0,
        "0.0351": 192.0,
        "0.031": 169.0,
        "0.0251": 138.0,
        "0.021": 134.0,
        "0.0151": 131.0,
        "0.01": 119.0
    },
    "ber": {
        "0.081": 0.0397316384180791,
        "0.0751": 0.025226793248945147,
        "0.071": 0.010724043715846995,
        "0.0651": 0.003609794628751975,
        "0.061": 0.0022530864197530865,
        "0.0551": 0.002230320699708455,
        "0.051": 0.0006874447391688771,
        "0.0451": 0.0005393217893217893,
        "0.041": 0.0006568066157760814,
        "0.0351": 0.00030360531309297915,
        "0.031": 0.00019614670380687093,
        "0.0251": 0.00012665198237885462,
        "0.021": 9.274640088593577e-05,
        "0.0151": 6.525204223948993e-05,
        "0.01": 3.73087534487083e-05
    }
}