{
    "channel": "bsc",
    "code": "1200_3_6_ldpc",
    "decoder": "MSA",
    "max_iter": "10",
    "tot": {
        "0.081": 100.0,
        "0.071": 100.0,
        "0.061": 100.0,
        "0.051": 100.0,
        "0.0451": 113.0,
        "0.031": 653.0,
        "0.0251": 1644.0,
        "0.021": 2065.0,
        "0.0151": 3330.0,
        "0.011": 3864.0
    },
    "wec": {
        "0.081": 100.0,
        "0.071": 100.0,
        "0.061": 100.0,
        "0.051": 100.0,
        "0.0451": 100.0,
        "0.031": 100.0,
        "0.0251": 100.0,
        "0.021": 100.0,
        "0.0151": 100.0,
        "0.011": 100.0
    },
    "wer": {
        "0.081": 1.0,
        "0.071": 1.0,
        "0.061": 1.0,
        "0.051": 1.0,
        "0.0451": 0.8849557522123894,
        "0.031": 0.15313935681470137,
        "0.0251": 0.06082725060827251,
        "0.021": 0.048426150121065374,
        "0.0151": 0.03003003003003003,
        "0.011": 0.025879917184265012
    },
    "bec": {
        "0.081": 24134.0,
        "0.071": 22983.0,
        "0.061": 21598.0,
        "0.051": 19348.0,
        "0.0451": 17975.0,
        "0.031": 4215.0,
        "0.0251": 1339.0,
        "0.021": 268.0,
        "0.0151": 260.0,
        "0.011": 278.0
    },
    "ber": {
        "0.081": 0.20111666666666667,
        "0.071": 0.191525,
        "0.061": 0.17998333333333333,
        "0.051": 0.16123333333333334,
        "0.0451": 0.13255899705014748,
        "0.031": 0.0053790199081163855,
        "0.0251": 0.0006787307380373074,
        "0.021": 0.00010815173527037933,
        "0.0151": 6.506506506506506e-05,
        "0.011": 5.995514147688061e-05
    }
}