{
    "channel": "bsc",
    "code": "1200_3_6_ldpc",
    "decoder": "MSA",
    "max_iter": "3",
    "tot": {
        "0.081": 100.0,
        "0.071": 100.0,
        "0.061": 100.0,
        "0.051": 100.0,
        "0.0451": 100.0,
        "0.031": 100.0,
        "0.0251": 130.0,
        "0.021": 202.0,
        "0.0151": 437.0,
        "0.011": 1552.0
    },
    "wec": {
        "0.081": 100.0,
        "0.071": 100.0,
        "0.061": 100.0,
        "0.051": 100.0,
        "0.0451": 100.0,
        "0.031": 100.0,
        "0.0251": 100.0,
        "0.021": 100.0,
        "0.0151": 100.0,
        "0.011": 100.0
    },
    "wer": {
        "0.081": 1.0,
        "0.071": 1.0,
        "0.061": 1.0,
        "0.051": 1.0,
        "0.0451": 1.0,
        "0.031": 1.0,
        "0.0251": 0.7692307692307693,
        "0.021": 0.49504950495049505,
        "0.0151": 0.2288329519450801,
        "0.011": 0.06443298969072164
    },
    "bec": {
        "0.081": 46592.0,
        "0.071": 39722.0,
        "0.061": 19352.0,
        "0.051": 12141.0,
        "0.0451": 8231.0,
        "0.031": 2491.0,
        "0.0251": 933.0,
        "0.021": 319.0,
        "0.0151": 201.0,
        "0.011": 149.0
    },
    "ber": {
        "0.081": 0.38826666666666665,
        "0.071": 0.3310166666666667,
        "0.061": 0.16126666666666667,
        "0.051": 0.101175,
        "0.0451": 0.06859166666666666,
        "0.031": 0.020758333333333333,
        "0.0251": 0.0059807692307692305,
        "0.021": 0.001316006600660066,
        "0.0151": 0.00038329519450800917,
        "0.011": 8.000429553264605e-05
    }
}