{
    "channel": "bsc",
    "code": "1200_3_6_rand_ldpc_2",
    "decoder": "MSA",
    "max_iter": "10",
    "tot": {
        "0.081": 100.0,
        "0.071": 100.0,
        "0.061": 100.0,
        "0.051": 102.0,
        "0.0451": 116.0,
        "0.031": 613.0,
        "0.0251": 1393.0,
        "0.021": 2764.0,
        "0.0151": 2861.0,
        "0.011": 4962.0
    },
    "wec": {
        "0.081": 100.0,
        "0.071": 100.0,
        "0.061": 100.0,
        "0.051": 100.0,
        "0.0451": 100.0,
        "0.031": 100.0,
        "0.0251": 100.0,
        "0.021": 100.0,
        "0.0151": 100.0,
        "0.011": 100.0
    },
    "wer": {
        "0.081": 1.0,
        "0.071": 1.0,
        "0.061": 1.0,
        "0.051": 0.9803921568627451,
        "0.0451": 0.8620689655172413,
        "0.031": 0.1631321370309951,
        "0.0251": 0.07178750897343862,
        "0.021": 0.0361794500723589,
        "0.0151": 0.03495281370150297,
        "0.011": 0.02015316404675534
    },
    "bec": {
        "0.081": 24155.0,
        "0.071": 23156.0,
        "0.061": 21696.0,
        "0.051": 19559.0,
        "0.0451": 17283.0,
        "0.031": 5078.0,
        "0.0251": 1085.0,
        "0.021": 145.0,
        "0.0151": 124.0,
        "0.011": 119.0
    },
    "ber": {
        "0.081": 0.20129166666666667,
        "0.071": 0.19296666666666668,
        "0.061": 0.1808,
        "0.051": 0.15979575163398693,
        "0.0451": 0.1241594827586207,
        "0.031": 0.0069032082653616095,
        "0.0251": 0.0006490787269681742,
        "0.021": 4.371683550410034e-05,
        "0.0151": 3.611790749155307e-05,
        "0.011": 1.9985221013032378e-05
    }
}