{
    "channel": "bsc",
    "code": "1200_3_6_ldpc",
    "decoder": "MSA",
    "max_iter": "6",
    "tot": {
        "0.081": 100.0,
        "0.071": 100.0,
        "0.061": 100.0,
        "0.051": 100.0,
        "0.0451": 106.0,
        "0.031": 283.0,
        "0.0251": 777.0,
        "0.021": 2063.0,
        "0.0151": 3043.0,
        "0.011": 4050.0
    },
    "wec": {
        "0.081": 100.0,
        "0.071": 100.0,
        "0.061": 100.0,
        "0.051": 100.0,
        "0.0451": 100.0,
        "0.031": 100.0,
        "0.0251": 100.0,
        "0.021": 100.0,
        "0.0151": 100.0,
        "0.011": 100.0
    },
    "wer": {
        "0.081": 1.0,
        "0.071": 1.0,
        "0.061": 1.0,
        "0.051": 1.0,
        "0.0451": 0.9433962264150944,
        "0.031": 0.35335689045936397,
        "0.0251": 0.1287001287001287,
        "0.021": 0.048473097430925836,
        "0.0151": 0.03286230693394676,
        "0.011": 0.024691358024691357
    },
    "bec": {
        "0.081": 29558.0,
        "0.071": 27918.0,
        "0.061": 21858.0,
        "0.051": 15829.0,
        "0.0451": 11247.0,
        "0.031": 1437.0,
        "0.0251": 586.0,
        "0.021": 179.0,
        "0.0151": 172.0,
        "0.011": 162.0
    },
    "ber": {
        "0.081": 0.24631666666666666,
        "0.071": 0.23265,
        "0.061": 0.18215,
        "0.051": 0.13190833333333332,
        "0.0451": 0.08841981132075472,
        "0.031": 0.004231448763250883,
        "0.0251": 0.0006284856284856285,
        "0.021": 7.23057036677977e-05,
        "0.0151": 4.710263993865703e-05,
        "0.011": 3.3333333333333335e-05
    }
}