{
    "channel": "bsc",
    "code": "1200_3_6_rand_ldpc_2",
    "decoder": "SPA",
    "max_iter": "10",
    "codeword": "0",
    "tot": {
        "0.1": 100.0,
        "0.09": 101.0,
        "0.08": 108.0,
        "0.07": 167.0,
        "0.06": 344.0,
        "0.05": 789.0,
        "0.04": 3964.0
    },
    "wec": {
        "0.1": 100.0,
        "0.09": 100.0,
        "0.08": 100.0,
        "0.07": 100.0,
        "0.06": 100.0,
        "0.05": 100.0,
        "0.04": 100.0
    },
    "wer": {
        "0.1": 1.0,
        "0.09": 0.9900990099009901,
        "0.08": 0.9259259259259259,
        "0.07": 0.5988023952095808,
        "0.06": 0.29069767441860467,
        "0.05": 0.1267427122940431,
        "0.04": 0.025227043390514632
    },
    "bec": {
        "0.1": 10697.0,
        "0.09": 7922.0,
        "0.08": 5084.0,
        "0.07": 2483.0,
        "0.06": 943.0,
        "0.05": 478.0,
        "0.04": 176.0
    },
    "ber": {
        "0.1": 0.08914166666666666,
        "0.09": 0.06536303630363036,
        "0.08": 0.03922839506172839,
        "0.07": 0.012390219560878244,
        "0.06": 0.0022843992248062018,
        "0.05": 0.0005048584706379383,
        "0.04": 3.699966363942146e-05
    }
}