{
    "channel": "bsc",
    "code": "1200_3_6_rand_ldpc_6",
    "decoder": "MSA",
    "max_iter": "10",
    "tot": {
        "0.081": 100.0,
        "0.071": 100.0,
        "0.061": 100.0,
        "0.051": 102.0,
        "0.0451": 117.0,
        "0.031": 1091.0,
        "0.0251": 12696.0,
        "0.021": 267873.0,
        "0.0151": 184805.0
    },
    "wec": {
        "0.081": 100.0,
        "0.071": 100.0,
        "0.061": 100.0,
        "0.051": 100.0,
        "0.0451": 100.0,
        "0.031": 100.0,
        "0.0251": 100.0,
        "0.021": 100.0,
        "0.0151": 0.0
    },
    "wer": {
        "0.081": 1.0,
        "0.071": 1.0,
        "0.061": 1.0,
        "0.051": 0.9803921568627451,
        "0.0451": 0.8547008547008547,
        "0.031": 0.09165902841429881,
        "0.0251": 0.007876496534341524,
        "0.021": 0.0003733112333083215,
        "0.0151": 0.0
    },
    "bec": {
        "0.081": 24332.0,
        "0.071": 23197.0,
        "0.061": 21797.0,
        "0.051": 19473.0,
        "0.0451": 18026.0,
        "0.031": 8540.0,
        "0.0251": 4512.0,
        "0.021": 3287.0,
        "0.0151": 0.0
    },
    "ber": {
        "0.081": 0.20276666666666668,
        "0.071": 0.19330833333333333,
        "0.061": 0.18164166666666667,
        "0.051": 0.15909313725490196,
        "0.0451": 0.1283903133903134,
        "0.031": 0.0065230675221509314,
        "0.0251": 0.00029615626969124135,
        "0.021": 1.0225616865703772e-05,
        "0.0151": 0.0
    }
}