{
    "channel": "bsc",
    "code": "1200_rho_x5_rand_ldpc_1",
    "decoder": "MSA",
    "codeword": "1",
    "max_iter": "100",
    "tot": {
        "0.081": 132.0,
        "0.0751": 164.0,
        "0.071": 250.0,
        "0.0651": 353.0,
        "0.061": 429.0,
        "0.0551": 661.0,
        "0.051": 954.0,
        "0.0451": 1706.0,
        "0.041": 1917.0,
        "0.0351": 3073.0,
        "0.031": 4049.0,
        "0.0251": 6584.0,
        "0.021": 10248.0,
        "0.0151": 15804.0,
        "0.01": 48505.0
    },
    "wec": {
        "0.081": 100.0,
        "0.0751": 100.0,
        "0.071": 100.0,
        "0.0651": 100.0,
        "0.061": 100.0,
        "0.0551": 100.0,
        "0.051": 100.0,
        "0.0451": 100.0,
        "0.041": 100.0,
        "0.0351": 100.0,
        "0.031": 100.0,
        "0.0251": 100.0,
        "0.021": 100.0,
        "0.0151": 100.0,
        "0.01": 100.0
    },
    "wer": {
        "0.081": 0.7575757575757576,
        "0.0751": 0.6097560975609756,
        "0.071": 0.4,
        "0.0651": 0.28328611898017,
        "0.061": 0.2331002331002331,
        "0.0551": 0.15128593040847202,
        "0.051": 0.10482180293501048,
        "0.0451": 0.05861664712778429,
        "0.041": 0.05216484089723526,
        "0.0351": 0.03254149040026033,
        "0.031": 0.024697456162015314,
        "0.0251": 0.015188335358444714,
        "0.021": 0.00975800156128025,
        "0.0151": 0.006327512022272842,
        "0.01": 0.0020616431295742707
    },
    "bec": {
        "0.081": 6087.0,
        "0.0751": 5057.0,
        "0.071": 3189.0,
        "0.0651": 1870.0,
        "0.061": 1404.0,
        "0.0551": 1640.0,
        "0.051": 739.0,
        "0.0451": 575.0,
        "0.041": 587.0,
        "0.0351": 486.0,
        "0.031": 348.0,
        "0.0251": 361.0,
        "0.021": 277.0,
        "0.0151": 242.0,
        "0.01": 464.0
    },
    "ber": {
        "0.081": 0.038428030303030304,
        "0.0751": 0.025696138211382114,
        "0.071": 0.01063,
        "0.0651": 0.004414542020774315,
        "0.061": 0.0027272727272727275,
        "0.0551": 0.0020675743822491173,
        "0.051": 0.0006455276030747729,
        "0.0451": 0.0002808714341539664,
        "0.041": 0.00025517301338897583,
        "0.0351": 0.00013179303612105434,
        "0.031": 7.16226228698444e-05,
        "0.0251": 4.5691575536654515e-05,
        "0.021": 2.252472027062191e-05,
        "0.0151": 1.2760482578250231e-05,
        "0.01": 7.97168676768718e-06
    }
}