{
    "channel": "bsc",
    "code": "1200_rho_x5_rand_ldpc_5",
    "decoder": "MSA",
    "codeword": "1",
    "max_iter": "100",
    "tot": {
        "0.081": 127.0,
        "0.0751": 145.0,
        "0.071": 159.0,
        "0.0651": 181.0,
        "0.061": 228.0,
        "0.0551": 198.0,
        "0.051": 290.0,
        "0.0451": 303.0,
        "0.041": 329.0,
        "0.0351": 392.0,
        "0.031": 419.0,
        "0.0251": 577.0,
        "0.021": 702.0,
        "0.0151": 790.0,
        "0.01": 1208.0
    },
    "wec": {
        "0.081": 100.0,
        "0.0751": 100.0,
        "0.071": 100.0,
        "0.0651": 100.0,
        "0.061": 100.0,
        "0.0551": 100.0,
        "0.051": 100.0,
        "0.0451": 100.0,
        "0.041": 100.0,
        "0.0351": 100.0,
        "0.031": 100.0,
        "0.0251": 100.0,
        "0.021": 100.0,
        "0.0151": 100.0,
        "0.01": 100.0
    },
    "wer": {
        "0.081": 0.7874015748031497,
        "0.0751": 0.6896551724137931,
        "0.071": 0.6289308176100629,
        "0.0651": 0.5524861878453039,
        "0.061": 0.43859649122807015,
        "0.0551": 0.5050505050505051,
        "0.051": 0.3448275862068966,
        "0.0451": 0.33003300330033003,
        "0.041": 0.303951367781155,
        "0.0351": 0.25510204081632654,
        "0.031": 0.2386634844868735,
        "0.0251": 0.1733102253032929,
        "0.021": 0.14245014245014245,
        "0.0151": 0.12658227848101267,
        "0.01": 0.08278145695364239
    },
    "bec": {
        "0.081": 5262.0,
        "0.0751": 3812.0,
        "0.071": 1634.0,
        "0.0651": 1259.0,
        "0.061": 431.0,
        "0.0551": 492.0,
        "0.051": 302.0,
        "0.0451": 189.0,
        "0.041": 261.0,
        "0.0351": 170.0,
        "0.031": 178.0,
        "0.0251": 140.0,
        "0.021": 123.0,
        "0.0151": 109.0,
        "0.01": 120.0
    },
    "ber": {
        "0.081": 0.03452755905511811,
        "0.0751": 0.021908045977011494,
        "0.071": 0.008563941299790356,
        "0.0651": 0.005796500920810313,
        "0.061": 0.0015752923976608186,
        "0.0551": 0.0020707070707070706,
        "0.051": 0.0008678160919540229,
        "0.0451": 0.0005198019801980198,
        "0.041": 0.0006610942249240121,
        "0.0351": 0.00036139455782312923,
        "0.031": 0.00035401750198886235,
        "0.0251": 0.0002021952628538417,
        "0.021": 0.00014601139601139602,
        "0.0151": 0.0001149789029535865,
        "0.01": 8.278145695364238e-05
    }
}