{
    "channel": "bsc",
    "code": "1200_3_6_rand_ldpc_9",
    "decoder": "SPA",
    "max_iter": "10",
    "codeword": "0",
    "tot": {
        "0.1": 100.0,
        "0.09": 102.0,
        "0.08": 104.0,
        "0.07": 161.0,
        "0.06": 522.0,
        "0.05": 3316.0,
        "0.04": 68898.0
    },
    "wec": {
        "0.1": 100.0,
        "0.09": 100.0,
        "0.08": 100.0,
        "0.07": 100.0,
        "0.06": 100.0,
        "0.05": 100.0,
        "0.04": 100.0
    },
    "wer": {
        "0.1": 1.0,
        "0.09": 0.9803921568627451,
        "0.08": 0.9615384615384616,
        "0.07": 0.6211180124223602,
        "0.06": 0.19157088122605365,
        "0.05": 0.030156815440289506,
        "0.04": 0.0014514209411013383
    },
    "bec": {
        "0.1": 10478.0,
        "0.09": 7851.0,
        "0.08": 5264.0,
        "0.07": 2807.0,
        "0.06": 1224.0,
        "0.05": 943.0,
        "0.04": 488.0
    },
    "ber": {
        "0.1": 0.08731666666666667,
        "0.09": 0.0641421568627451,
        "0.08": 0.04217948717948718,
        "0.07": 0.014528985507246376,
        "0.06": 0.001954022988505747,
        "0.05": 0.00023698230800160835,
        "0.04": 5.902445160478775e-06
    }
}