{
    "channel": "bsc",
    "code": "1200_3_6_ldpc",
    "decoder": "MSA",
    "max_iter": "60",
    "tot": {
        "0.081": 100.0,
        "0.071": 100.0,
        "0.061": 100.0,
        "0.051": 100.0,
        "0.0451": 117.0,
        "0.031": 780.0,
        "0.0251": 1706.0,
        "0.021": 2341.0,
        "0.0151": 3281.0,
        "0.011": 3623.0
    },
    "wec": {
        "0.081": 100.0,
        "0.071": 100.0,
        "0.061": 100.0,
        "0.051": 100.0,
        "0.0451": 100.0,
        "0.031": 100.0,
        "0.0251": 100.0,
        "0.021": 100.0,
        "0.0151": 100.0,
        "0.011": 100.0
    },
    "wer": {
        "0.081": 1.0,
        "0.071": 1.0,
        "0.061": 1.0,
        "0.051": 1.0,
        "0.0451": 0.8547008547008547,
        "0.031": 0.1282051282051282,
        "0.0251": 0.05861664712778429,
        "0.021": 0.042716787697565144,
        "0.0151": 0.03047851264858275,
        "0.011": 0.02760143527463428
    },
    "bec": {
        "0.081": 22337.0,
        "0.071": 19005.0,
        "0.061": 7222.0,
        "0.051": 5262.0,
        "0.0451": 5475.0,
        "0.031": 13292.0,
        "0.0251": 13295.0,
        "0.021": 11907.0,
        "0.0151": 11467.0,
        "0.011": 11904.0
    },
    "ber": {
        "0.081": 0.18614166666666668,
        "0.071": 0.158375,
        "0.061": 0.06018333333333333,
        "0.051": 0.04385,
        "0.0451": 0.038995726495726496,
        "0.031": 0.014200854700854701,
        "0.0251": 0.006494236029699101,
        "0.021": 0.004238573259290901,
        "0.0151": 0.0029124758711774864,
        "0.011": 0.0027380623792437205
    }
}