{
    "channel": "bsc",
    "code": "1200_rho_x5_rand_ldpc_2",
    "decoder": "SPA",
    "codeword": "0",
    "max_iter": "100",
    "tot": {
        "0.1": 104.0,
        "0.09": 130.0,
        "0.08": 206.0,
        "0.07": 596.0,
        "0.06": 1899.0,
        "0.05": 5667.0,
        "0.04": 9039.0
    },
    "wec": {
        "0.1": 100.0,
        "0.09": 100.0,
        "0.08": 100.0,
        "0.07": 100.0,
        "0.06": 100.0,
        "0.05": 100.0,
        "0.04": 100.0
    },
    "wer": {
        "0.1": 0.9615384615384616,
        "0.09": 0.7692307692307693,
        "0.08": 0.4854368932038835,
        "0.07": 0.16778523489932887,
        "0.06": 0.0526592943654555,
        "0.05": 0.01764602082230457,
        "0.04": 0.011063170704723974
    },
    "bec": {
        "0.1": 7739.0,
        "0.09": 5078.0,
        "0.08": 3344.0,
        "0.07": 2040.0,
        "0.06": 1305.0,
        "0.05": 519.0,
        "0.04": 425.0
    },
    "ber": {
        "0.1": 0.06201121794871795,
        "0.09": 0.03255128205128205,
        "0.08": 0.013527508090614886,
        "0.07": 0.0028523489932885905,
        "0.06": 0.0005726698262243286,
        "0.05": 7.631904005646727e-05,
        "0.04": 3.918206291256407e-05
    }
}