{
    "channel": "bsc",
    "code": "1200_3_6_rand_ldpc_4",
    "decoder": "MSA",
    "max_iter": "10",
    "tot": {
        "0.081": 100.0,
        "0.071": 100.0,
        "0.061": 100.0,
        "0.051": 103.0,
        "0.0451": 116.0,
        "0.031": 989.0,
        "0.0251": 13059.0,
        "0.021": 292957.0,
        "0.0151": 196065.0
    },
    "wec": {
        "0.081": 100.0,
        "0.071": 100.0,
        "0.061": 100.0,
        "0.051": 100.0,
        "0.0451": 100.0,
        "0.031": 100.0,
        "0.0251": 100.0,
        "0.021": 100.0,
        "0.0151": 1.0
    },
    "wer": {
        "0.081": 1.0,
        "0.071": 1.0,
        "0.061": 1.0,
        "0.051": 0.970873786407767,
        "0.0451": 0.8620689655172413,
        "0.031": 0.10111223458038422,
        "0.0251": 0.007657554177195804,
        "0.021": 0.0003413470236246275,
        "0.0151": 5.100349373932114e-06
    },
    "bec": {
        "0.081": 24447.0,
        "0.071": 23240.0,
        "0.061": 21856.0,
        "0.051": 19875.0,
        "0.0451": 17707.0,
        "0.031": 7570.0,
        "0.0251": 4943.0,
        "0.021": 2645.0,
        "0.0151": 8.0
    },
    "ber": {
        "0.081": 0.203725,
        "0.071": 0.19366666666666665,
        "0.061": 0.18213333333333334,
        "0.051": 0.16080097087378642,
        "0.0451": 0.12720545977011494,
        "0.031": 0.006378496798112572,
        "0.0251": 0.0003154274191489905,
        "0.021": 7.523857312392831e-06,
        "0.0151": 3.400232915954743e-08
    }
}