{
    "channel": "bsc",
    "code": "margulis",
    "decoder": "ADMM",
    "codeword": "1",
    "mu": "3.0",
    "eps": "1e-05",
    "tot": {
        "0.1": 100.0,
        "0.09": 100.0,
        "0.08": 123.0,
        "0.07": 363.0,
        "0.06": 11977.0,
        "0.05": 606494.0
    },
    "wec": {
        "0.1": 100.0,
        "0.09": 100.0,
        "0.08": 100.0,
        "0.07": 100.0,
        "0.06": 100.0,
        "0.05": 7.0
    },
    "wer": {
        "0.1": 1.0,
        "0.09": 1.0,
        "0.08": 0.8130081300813008,
        "0.07": 0.27548209366391185,
        "0.06": 0.008349336227769892,
        "0.05": 1.1541746497079937e-05
    },
    "bec": {
        "0.1": 24447.0,
        "0.09": 18416.0,
        "0.08": 11066.0,
        "0.07": 7098.0,
        "0.06": 5097.0,
        "0.05": 329.0
    },
    "ber": {
        "0.1": 0.09260227272727273,
        "0.09": 0.06975757575757575,
        "0.08": 0.03407859078590786,
        "0.07": 0.007406711745554721,
        "0.06": 0.000161199116488421,
        "0.05": 2.0547806263740798e-07
    }
}