{
    "channel": "bsc",
    "code": "1200_rho_x5_rand_ldpc_9",
    "decoder": "MSA",
    "codeword": "1",
    "max_iter": "100",
    "tot": {
        "0.081": 121.0,
        "0.0751": 141.0,
        "0.071": 159.0,
        "0.0651": 234.0,
        "0.061": 232.0,
        "0.0551": 278.0,
        "0.051": 286.0,
        "0.0451": 411.0,
        "0.041": 410.0,
        "0.0351": 598.0,
        "0.031": 631.0,
        "0.0251": 633.0,
        "0.021": 1008.0,
        "0.0151": 1226.0,
        "0.01": 1905.0
    },
    "wec": {
        "0.081": 100.0,
        "0.0751": 100.0,
        "0.071": 100.0,
        "0.0651": 100.0,
        "0.061": 100.0,
        "0.0551": 100.0,
        "0.051": 100.0,
        "0.0451": 100.0,
        "0.041": 100.0,
        "0.0351": 100.0,
        "0.031": 100.0,
        "0.0251": 100.0,
        "0.021": 100.0,
        "0.0151": 100.0,
        "0.01": 100.0
    },
    "wer": {
        "0.081": 0.8264462809917356,
        "0.0751": 0.7092198581560284,
        "0.071": 0.6289308176100629,
        "0.0651": 0.42735042735042733,
        "0.061": 0.43103448275862066,
        "0.0551": 0.3597122302158273,
        "0.051": 0.34965034965034963,
        "0.0451": 0.24330900243309003,
        "0.041": 0.24390243902439024,
        "0.0351": 0.16722408026755853,
        "0.031": 0.15847860538827258,
        "0.0251": 0.1579778830963665,
        "0.021": 0.0992063492063492,
        "0.0151": 0.08156606851549755,
        "0.01": 0.05249343832020997
    },
    "bec": {
        "0.081": 5469.0,
        "0.0751": 4009.0,
        "0.071": 2535.0,
        "0.0651": 1129.0,
        "0.061": 584.0,
        "0.0551": 711.0,
        "0.051": 388.0,
        "0.0451": 240.0,
        "0.041": 347.0,
        "0.0351": 203.0,
        "0.031": 164.0,
        "0.0251": 163.0,
        "0.021": 122.0,
        "0.0151": 124.0,
        "0.01": 116.0
    },
    "ber": {
        "0.081": 0.037665289256198345,
        "0.0751": 0.02369385342789598,
        "0.071": 0.01328616352201258,
        "0.0651": 0.0040206552706552705,
        "0.061": 0.0020977011494252872,
        "0.0551": 0.002131294964028777,
        "0.051": 0.0011305361305361306,
        "0.0451": 0.00048661800486618007,
        "0.041": 0.0007052845528455285,
        "0.0351": 0.00028288740245261984,
        "0.031": 0.00021658742736397252,
        "0.0251": 0.00021458662453923118,
        "0.021": 0.00010085978835978836,
        "0.0151": 8.428493746601414e-05,
        "0.01": 5.074365704286964e-05
    }
}