{
    "channel": "bsc",
    "code": "1200_3_6_rand_ldpc_5",
    "decoder": "SPA",
    "max_iter": "10",
    "codeword": "0",
    "tot": {
        "0.1": 100.0,
        "0.09": 101.0,
        "0.08": 106.0,
        "0.07": 168.0,
        "0.06": 550.0,
        "0.05": 3222.0,
        "0.04": 60196.0
    },
    "wec": {
        "0.1": 100.0,
        "0.09": 100.0,
        "0.08": 100.0,
        "0.07": 100.0,
        "0.06": 100.0,
        "0.05": 100.0,
        "0.04": 100.0
    },
    "wer": {
        "0.1": 1.0,
        "0.09": 0.9900990099009901,
        "0.08": 0.9433962264150944,
        "0.07": 0.5952380952380952,
        "0.06": 0.18181818181818182,
        "0.05": 0.031036623215394164,
        "0.04": 0.0016612399494983056
    },
    "bec": {
        "0.1": 10515.0,
        "0.09": 7618.0,
        "0.08": 5255.0,
        "0.07": 2939.0,
        "0.06": 1401.0,
        "0.05": 985.0,
        "0.04": 513.0
    },
    "ber": {
        "0.1": 0.087625,
        "0.09": 0.06285478547854785,
        "0.08": 0.041312893081761004,
        "0.07": 0.014578373015873015,
        "0.06": 0.0021227272727272727,
        "0.05": 0.0002547589488930271,
        "0.04": 7.101800784105256e-06
    }
}