{
    "channel": "bsc",
    "code": "1200_rho_x5_rand_ldpc_1",
    "decoder": "SPA",
    "codeword": "0",
    "max_iter": "100",
    "tot": {
        "0.1": 105.0,
        "0.09": 133.0,
        "0.08": 191.0,
        "0.07": 446.0,
        "0.06": 1461.0,
        "0.05": 6675.0,
        "0.04": 14190.0
    },
    "wec": {
        "0.1": 100.0,
        "0.09": 100.0,
        "0.08": 100.0,
        "0.07": 100.0,
        "0.06": 100.0,
        "0.05": 100.0,
        "0.04": 100.0
    },
    "wer": {
        "0.1": 0.9523809523809523,
        "0.09": 0.7518796992481203,
        "0.08": 0.5235602094240838,
        "0.07": 0.2242152466367713,
        "0.06": 0.06844626967830253,
        "0.05": 0.0149812734082397,
        "0.04": 0.007047216349541931
    },
    "bec": {
        "0.1": 7900.0,
        "0.09": 4907.0,
        "0.08": 3537.0,
        "0.07": 2173.0,
        "0.06": 1396.0,
        "0.05": 890.0,
        "0.04": 573.0
    },
    "ber": {
        "0.1": 0.0626984126984127,
        "0.09": 0.03074561403508772,
        "0.08": 0.015431937172774869,
        "0.07": 0.0040601644245142005,
        "0.06": 0.0007962582705909195,
        "0.05": 0.00011111111111111112,
        "0.04": 3.365045806906272e-05
    }
}