{
    "channel": "bsc",
    "code": "1200_rho_x5_rand_ldpc_7",
    "decoder": "SPA",
    "codeword": "0",
    "max_iter": "100",
    "tot": {
        "0.1": 106.0,
        "0.09": 125.0,
        "0.08": 188.0,
        "0.07": 355.0,
        "0.06": 840.0,
        "0.05": 1300.0,
        "0.04": 1859.0
    },
    "wec": {
        "0.1": 100.0,
        "0.09": 100.0,
        "0.08": 100.0,
        "0.07": 100.0,
        "0.06": 100.0,
        "0.05": 100.0,
        "0.04": 100.0
    },
    "wer": {
        "0.1": 0.9433962264150944,
        "0.09": 0.8,
        "0.08": 0.5319148936170213,
        "0.07": 0.28169014084507044,
        "0.06": 0.11904761904761904,
        "0.05": 0.07692307692307693,
        "0.04": 0.05379236148466918
    },
    "bec": {
        "0.1": 8016.0,
        "0.09": 4844.0,
        "0.08": 3344.0,
        "0.07": 1429.0,
        "0.06": 859.0,
        "0.05": 184.0,
        "0.04": 177.0
    },
    "ber": {
        "0.1": 0.06301886792452831,
        "0.09": 0.032293333333333334,
        "0.08": 0.014822695035460992,
        "0.07": 0.0033544600938967134,
        "0.06": 0.0008521825396825397,
        "0.05": 0.00011794871794871795,
        "0.04": 7.934373318988703e-05
    }
}