{
    "channel": "bsc",
    "code": "1200_3_6_ldpc",
    "decoder": "SPA",
    "max_iter": "2",
    "codeword": "0",
    "tot": {
        "0.1": 100.0,
        "0.09": 100.0,
        "0.08": 100.0,
        "0.07": 100.0,
        "0.06": 100.0,
        "0.05": 100.0,
        "0.04": 101.0
    },
    "wec": {
        "0.1": 100.0,
        "0.09": 100.0,
        "0.08": 100.0,
        "0.07": 100.0,
        "0.06": 100.0,
        "0.05": 100.0,
        "0.04": 100.0
    },
    "wer": {
        "0.1": 1.0,
        "0.09": 1.0,
        "0.08": 1.0,
        "0.07": 1.0,
        "0.06": 1.0,
        "0.05": 1.0,
        "0.04": 0.9900990099009901
    },
    "bec": {
        "0.1": 11256.0,
        "0.09": 9498.0,
        "0.08": 7913.0,
        "0.07": 5912.0,
        "0.06": 4217.0,
        "0.05": 2433.0,
        "0.04": 1192.0
    },
    "ber": {
        "0.1": 0.0938,
        "0.09": 0.07915,
        "0.08": 0.06594166666666666,
        "0.07": 0.04926666666666667,
        "0.06": 0.03514166666666667,
        "0.05": 0.020275,
        "0.04": 0.009834983498349836
    }
}