{
    "channel": "bsc",
    "code": "1200_3_6_rand_ldpc_7",
    "decoder": "SPA",
    "max_iter": "10",
    "codeword": "0",
    "tot": {
        "0.1": 100.0,
        "0.09": 101.0,
        "0.08": 105.0,
        "0.07": 161.0,
        "0.06": 577.0,
        "0.05": 3608.0,
        "0.04": 87292.0
    },
    "wec": {
        "0.1": 100.0,
        "0.09": 100.0,
        "0.08": 100.0,
        "0.07": 100.0,
        "0.06": 100.0,
        "0.05": 100.0,
        "0.04": 100.0
    },
    "wer": {
        "0.1": 1.0,
        "0.09": 0.9900990099009901,
        "0.08": 0.9523809523809523,
        "0.07": 0.6211180124223602,
        "0.06": 0.1733102253032929,
        "0.05": 0.02771618625277162,
        "0.04": 0.0011455803510058195
    },
    "bec": {
        "0.1": 10655.0,
        "0.09": 7946.0,
        "0.08": 5062.0,
        "0.07": 2564.0,
        "0.06": 1417.0,
        "0.05": 798.0,
        "0.04": 567.0
    },
    "ber": {
        "0.1": 0.08879166666666667,
        "0.09": 0.06556105610561055,
        "0.08": 0.040174603174603175,
        "0.07": 0.013271221532091097,
        "0.06": 0.0020465049104563837,
        "0.05": 0.00018431263858093128,
        "0.04": 5.412867158502497e-06
    }
}