{
    "channel": "bsc",
    "code": "1200_rho_x5_rand_ldpc_2",
    "decoder": "MSA",
    "codeword": "1",
    "max_iter": "100",
    "tot": {
        "0.081": 125.0,
        "0.0751": 177.0,
        "0.071": 217.0,
        "0.0651": 368.0,
        "0.061": 426.0,
        "0.0551": 646.0,
        "0.051": 1072.0,
        "0.0451": 1324.0,
        "0.041": 1885.0,
        "0.0351": 2713.0,
        "0.031": 3759.0,
        "0.0251": 6399.0,
        "0.021": 9021.0,
        "0.0151": 19383.0,
        "0.01": 46454.0
    },
    "wec": {
        "0.081": 100.0,
        "0.0751": 100.0,
        "0.071": 100.0,
        "0.0651": 100.0,
        "0.061": 100.0,
        "0.0551": 100.0,
        "0.051": 100.0,
        "0.0451": 100.0,
        "0.041": 100.0,
        "0.0351": 100.0,
        "0.031": 100.0,
        "0.0251": 100.0,
        "0.021": 100.0,
        "0.0151": 100.0,
        "0.01": 100.0
    },
    "wer": {
        "0.081": 0.8,
        "0.0751": 0.5649717514124294,
        "0.071": 0.4608294930875576,
        "0.0651": 0.2717391304347826,
        "0.061": 0.2347417840375587,
        "0.0551": 0.15479876160990713,
        "0.051": 0.09328358208955224,
        "0.0451": 0.0755287009063444,
        "0.041": 0.05305039787798409,
        "0.0351": 0.036859565057132324,
        "0.031": 0.026602819898909284,
        "0.0251": 0.01562744178777934,
        "0.021": 0.011085245538188671,
        "0.0151": 0.005159160088737553,
        "0.01": 0.002152667154604555
    },
    "bec": {
        "0.081": 5590.0,
        "0.0751": 5495.0,
        "0.071": 2707.0,
        "0.0651": 1426.0,
        "0.061": 1569.0,
        "0.0551": 1730.0,
        "0.051": 543.0,
        "0.0451": 541.0,
        "0.041": 627.0,
        "0.0351": 397.0,
        "0.031": 401.0,
        "0.0251": 310.0,
        "0.021": 295.0,
        "0.0151": 298.0,
        "0.01": 250.0
    },
    "ber": {
        "0.081": 0.03726666666666666,
        "0.0751": 0.02587099811676083,
        "0.071": 0.010395545314900154,
        "0.0651": 0.0032291666666666666,
        "0.061": 0.00306924882629108,
        "0.0551": 0.002231682146542828,
        "0.051": 0.00042210820895522387,
        "0.0451": 0.00034050855991943607,
        "0.041": 0.00027718832891246686,
        "0.0351": 0.00012194372773067945,
        "0.031": 8.889775649552186e-05,
        "0.0251": 4.037089128509663e-05,
        "0.021": 2.7251228614713817e-05,
        "0.0151": 1.2811914220364925e-05,
        "0.01": 4.48472323875949e-06
    }
}