{
    "channel": "bec",
    "code": "1200_3_6_rand_ldpc_2",
    "decoder": "SPA",
    "tot": {
        "0.5": 100.0,
        "0.475": 100.0,
        "0.45": 100.0,
        "0.425": 100.0,
        "0.4": 101.0,
        "0.375": 139.0,
        "0.35": 340.0,
        "0.325": 769.0,
        "0.3": 920.0,
        "0.275": 1450.0,
        "0.25": 1455.0,
        "0.225": 2105.0,
        "0.2": 2507.0,
        "0.175": 3655.0,
        "0.15": 4003.0,
        "0.125": 5450.0,
        "0.1": 11365.0
    },
    "wec": {
        "0.5": 100.0,
        "0.475": 100.0,
        "0.45": 100.0,
        "0.425": 100.0,
        "0.4": 100.0,
        "0.375": 100.0,
        "0.35": 100.0,
        "0.325": 100.0,
        "0.3": 100.0,
        "0.275": 100.0,
        "0.25": 100.0,
        "0.225": 100.0,
        "0.2": 100.0,
        "0.175": 100.0,
        "0.15": 100.0,
        "0.125": 100.0,
        "0.1": 100.0
    },
    "wer": {
        "0.5": 1.0,
        "0.475": 1.0,
        "0.45": 1.0,
        "0.425": 1.0,
        "0.4": 0.9900990099009901,
        "0.375": 0.7194244604316546,
        "0.35": 0.29411764705882354,
        "0.325": 0.13003901170351106,
        "0.3": 0.10869565217391304,
        "0.275": 0.06896551724137931,
        "0.25": 0.06872852233676977,
        "0.225": 0.047505938242280284,
        "0.2": 0.03988831272437176,
        "0.175": 0.027359781121751026,
        "0.15": 0.02498126405196103,
        "0.125": 0.01834862385321101,
        "0.1": 0.008798944126704795
    },
    "bec": {
        "0.5": 51134.0,
        "0.475": 44762.0,
        "0.45": 38852.0,
        "0.425": 26989.0,
        "0.4": 13585.0,
        "0.375": 3322.0,
        "0.35": 849.0,
        "0.325": 209.0,
        "0.3": 200.0,
        "0.275": 200.0,
        "0.25": 200.0,
        "0.225": 200.0,
        "0.2": 200.0,
        "0.175": 200.0,
        "0.15": 200.0,
        "0.125": 200.0,
        "0.1": 200.0
    },
    "ber": {
        "0.5": 0.42611666666666664,
        "0.475": 0.37301666666666666,
        "0.45": 0.32376666666666665,
        "0.425": 0.22490833333333332,
        "0.4": 0.11208745874587459,
        "0.375": 0.019916067146282974,
        "0.35": 0.0020808823529411763,
        "0.325": 0.00022648461205028176,
        "0.3": 0.00018115942028985507,
        "0.275": 0.00011494252873563218,
        "0.25": 0.0001145475372279496,
        "0.225": 7.917656373713381e-05,
        "0.2": 6.648052120728626e-05,
        "0.175": 4.5599635202918376e-05,
        "0.15": 4.163544008660171e-05,
        "0.125": 3.0581039755351684e-05,
        "0.1": 1.4664906877841325e-05
    }
}