{
    "channel": "bec",
    "code": "1200_3_6_ldpc",
    "decoder": "SPA",
    "max_iter": "100",
    "tot": {
        "0.5": 100.0,
        "0.475": 100.0,
        "0.45": 104.0,
        "0.425": 181.0,
        "0.4": 510.0,
        "0.375": 728.0,
        "0.35": 798.0,
        "0.325": 1101.0,
        "0.3": 1374.0,
        "0.275": 1427.0,
        "0.25": 1463.0,
        "0.225": 2124.0,
        "0.2": 2510.0,
        "0.175": 3323.0,
        "0.15": 5359.0,
        "0.125": 7064.0,
        "0.1": 9524.0
    },
    "wec": {
        "0.5": 100.0,
        "0.475": 100.0,
        "0.45": 100.0,
        "0.425": 100.0,
        "0.4": 100.0,
        "0.375": 100.0,
        "0.35": 100.0,
        "0.325": 100.0,
        "0.3": 100.0,
        "0.275": 100.0,
        "0.25": 100.0,
        "0.225": 100.0,
        "0.2": 100.0,
        "0.175": 100.0,
        "0.15": 100.0,
        "0.125": 100.0,
        "0.1": 100.0
    },
    "wer": {
        "0.5": 1.0,
        "0.475": 1.0,
        "0.45": 0.9615384615384616,
        "0.425": 0.5524861878453039,
        "0.4": 0.19607843137254902,
        "0.375": 0.13736263736263737,
        "0.35": 0.12531328320802004,
        "0.325": 0.09082652134423251,
        "0.3": 0.07278020378457059,
        "0.275": 0.0700770847932726,
        "0.25": 0.0683526999316473,
        "0.225": 0.047080979284369114,
        "0.2": 0.0398406374501992,
        "0.175": 0.03009328919650918,
        "0.15": 0.018660197798096658,
        "0.125": 0.014156285390713477,
        "0.1": 0.010499790004199917
    },
    "bec": {
        "0.5": 51304.0,
        "0.475": 44813.0,
        "0.45": 38660.0,
        "0.425": 26177.0,
        "0.4": 10394.0,
        "0.375": 200.0,
        "0.35": 200.0,
        "0.325": 200.0,
        "0.3": 200.0,
        "0.275": 200.0,
        "0.25": 200.0,
        "0.225": 200.0,
        "0.2": 200.0,
        "0.175": 200.0,
        "0.15": 200.0,
        "0.125": 200.0,
        "0.1": 200.0
    },
    "ber": {
        "0.5": 0.4275333333333333,
        "0.475": 0.37344166666666667,
        "0.45": 0.30977564102564104,
        "0.425": 0.12052025782688766,
        "0.4": 0.016983660130718954,
        "0.375": 0.00022893772893772894,
        "0.35": 0.00020885547201336674,
        "0.325": 0.00015137753557372085,
        "0.3": 0.00012130033964095099,
        "0.275": 0.000116795141322121,
        "0.25": 0.0001139211665527455,
        "0.225": 7.846829880728186e-05,
        "0.2": 6.640106241699867e-05,
        "0.175": 5.015548199418196e-05,
        "0.15": 3.110032966349443e-05,
        "0.125": 2.359380898452246e-05,
        "0.1": 1.749965000699986e-05
    }
}