{
    "channel": "bec",
    "code": "1200_3_6_rand_ldpc_2",
    "decoder": "SPA",
    "max_iter": "10",
    "codeword": "0",
    "tot": {
        "0.5": 100.0,
        "0.475": 100.0,
        "0.45": 100.0,
        "0.425": 100.0,
        "0.4": 103.0,
        "0.375": 193.0,
        "0.35": 495.0,
        "0.34": 711.0,
        "0.33": 766.0,
        "0.325": 1004.0,
        "0.32": 935.0,
        "0.31": 1017.0,
        "0.3": 1180.0
    },
    "wec": {
        "0.5": 100.0,
        "0.475": 100.0,
        "0.45": 100.0,
        "0.425": 100.0,
        "0.4": 100.0,
        "0.375": 100.0,
        "0.35": 100.0,
        "0.34": 100.0,
        "0.33": 100.0,
        "0.325": 100.0,
        "0.32": 100.0,
        "0.31": 100.0,
        "0.3": 100.0
    },
    "wer": {
        "0.5": 1.0,
        "0.475": 1.0,
        "0.45": 1.0,
        "0.425": 1.0,
        "0.4": 0.970873786407767,
        "0.375": 0.5181347150259067,
        "0.35": 0.20202020202020202,
        "0.34": 0.14064697609001406,
        "0.33": 0.13054830287206268,
        "0.325": 0.099601593625498,
        "0.32": 0.10695187165775401,
        "0.31": 0.09832841691248771,
        "0.3": 0.0847457627118644
    },
    "bec": {
        "0.5": 51131.0,
        "0.475": 44734.0,
        "0.45": 38738.0,
        "0.425": 26208.0,
        "0.4": 11759.0,
        "0.375": 3204.0,
        "0.35": 404.0,
        "0.34": 303.0,
        "0.33": 204.0,
        "0.325": 200.0,
        "0.32": 200.0,
        "0.31": 200.0,
        "0.3": 200.0
    },
    "ber": {
        "0.5": 0.42609166666666665,
        "0.475": 0.37278333333333336,
        "0.45": 0.32281666666666664,
        "0.425": 0.2184,
        "0.4": 0.09513754045307443,
        "0.375": 0.01383419689119171,
        "0.35": 0.0006801346801346801,
        "0.34": 0.0003551336146272855,
        "0.33": 0.00022193211488250652,
        "0.325": 0.00016600265604249667,
        "0.32": 0.00017825311942959,
        "0.31": 0.00016388069485414618,
        "0.3": 0.00014124293785310735
    }
}