{
    "channel": "bec",
    "code": "1200_3_6_rand_ldpc_4",
    "decoder": "SPA",
    "tot": {
        "0.5": 100.0,
        "0.475": 100.0,
        "0.45": 100.0,
        "0.425": 100.0,
        "0.4": 101.0,
        "0.375": 143.0,
        "0.35": 546.0,
        "0.325": 9300.0,
        "0.3": 611688.0
    },
    "wec": {
        "0.5": 100.0,
        "0.475": 100.0,
        "0.45": 100.0,
        "0.425": 100.0,
        "0.4": 100.0,
        "0.375": 100.0,
        "0.35": 100.0,
        "0.325": 100.0,
        "0.3": 80.0
    },
    "wer": {
        "0.5": 1.0,
        "0.475": 1.0,
        "0.45": 1.0,
        "0.425": 1.0,
        "0.4": 0.9900990099009901,
        "0.375": 0.6993006993006993,
        "0.35": 0.18315018315018314,
        "0.325": 0.010752688172043012,
        "0.3": 0.00013078562927505526
    },
    "bec": {
        "0.5": 51307.0,
        "0.475": 44773.0,
        "0.45": 38898.0,
        "0.425": 27519.0,
        "0.4": 13634.0,
        "0.375": 3451.0,
        "0.35": 1096.0,
        "0.325": 452.0,
        "0.3": 156.0
    },
    "ber": {
        "0.5": 0.4275583333333333,
        "0.475": 0.3731083333333333,
        "0.45": 0.32415,
        "0.425": 0.229325,
        "0.4": 0.11249174917491749,
        "0.375": 0.020110722610722612,
        "0.35": 0.0016727716727716728,
        "0.325": 4.050179211469534e-05,
        "0.3": 2.125266475719648e-07
    }
}