{
    "channel": "bec",
    "code": "7_4_hamming",
    "decoder": "SPA",
    "max_iter": "10",
    "codeword": "1",
    "tot": {
        "0.5": 527.0,
        "0.4": 796.0,
        "0.3": 1511.0,
        "0.2": 4904.0,
        "0.1": 29217.0,
        "0.08": 14124.0,
        "0.06": 138924.0,
        "0.04": 450422.0,
        "0.02": 4008864.0,
        "0.01": 2158215.0
    },
    "wec": {
        "0.5": 300.0,
        "0.4": 300.0,
        "0.3": 300.0,
        "0.2": 300.0,
        "0.1": 272.0,
        "0.08": 81.0,
        "0.06": 300.0,
        "0.04": 300.0,
        "0.02": 300.0,
        "0.01": 21.0
    },
    "wer": {
        "0.5": 0.5692599620493358,
        "0.4": 0.3768844221105528,
        "0.3": 0.1985440105890139,
        "0.2": 0.061174551386623165,
        "0.1": 0.009309648492316117,
        "0.08": 0.005734919286321156,
        "0.06": 0.0021594540900060463,
        "0.04": 0.0006660420672169654,
        "0.02": 7.483416748485356e-05,
        "0.01": 9.730263203619657e-06
    },
    "bec": {
        "0.5": 1273.0,
        "0.4": 1181.0,
        "0.3": 1122.0,
        "0.2": 1026.0,
        "0.1": 877.0,
        "0.08": 263.0,
        "0.06": 936.0,
        "0.04": 933.0,
        "0.02": 918.0,
        "0.01": 64.0
    },
    "ber": {
        "0.5": 0.34507996747085934,
        "0.4": 0.21195262024407754,
        "0.3": 0.10607922851470171,
        "0.2": 0.029888137963178747,
        "0.1": 0.004288110151135102,
        "0.08": 0.0026601124731965853,
        "0.06": 0.0009624995372598379,
        "0.04": 0.00029591297557782323,
        "0.02": 3.2713221786235986e-05,
        "0.01": 4.236305068242572e-06
    }
}