{
    "channel": "bec",
    "code": "1200_3_6_ldpc",
    "decoder": "SPA",
    "max_iter": "10",
    "tot": {
        "0.5": 100.0,
        "0.475": 100.0,
        "0.45": 100.0,
        "0.425": 100.0,
        "0.4": 104.0,
        "0.375": 176.0,
        "0.35": 610.0,
        "0.325": 940.0,
        "0.3": 1201.0,
        "0.275": 1714.0,
        "0.25": 1689.0,
        "0.225": 2048.0,
        "0.2": 2365.0,
        "0.175": 3391.0,
        "0.15": 5192.0,
        "0.125": 7515.0,
        "0.1": 9590.0
    },
    "wec": {
        "0.5": 100.0,
        "0.475": 100.0,
        "0.45": 100.0,
        "0.425": 100.0,
        "0.4": 100.0,
        "0.375": 100.0,
        "0.35": 100.0,
        "0.325": 100.0,
        "0.3": 100.0,
        "0.275": 100.0,
        "0.25": 100.0,
        "0.225": 100.0,
        "0.2": 100.0,
        "0.175": 100.0,
        "0.15": 100.0,
        "0.125": 100.0,
        "0.1": 100.0
    },
    "wer": {
        "0.5": 1.0,
        "0.475": 1.0,
        "0.45": 1.0,
        "0.425": 1.0,
        "0.4": 0.9615384615384616,
        "0.375": 0.5681818181818182,
        "0.35": 0.16393442622950818,
        "0.325": 0.10638297872340426,
        "0.3": 0.08326394671107411,
        "0.275": 0.058343057176196034,
        "0.25": 0.05920663114268798,
        "0.225": 0.048828125,
        "0.2": 0.042283298097251586,
        "0.175": 0.029489826010026542,
        "0.15": 0.01926040061633282,
        "0.125": 0.01330671989354624,
        "0.1": 0.010427528675703858
    },
    "bec": {
        "0.5": 51306.0,
        "0.475": 44856.0,
        "0.45": 38412.0,
        "0.425": 26541.0,
        "0.4": 12482.0,
        "0.375": 3652.0,
        "0.35": 628.0,
        "0.325": 203.0,
        "0.3": 200.0,
        "0.275": 200.0,
        "0.25": 200.0,
        "0.225": 200.0,
        "0.2": 200.0,
        "0.175": 200.0,
        "0.15": 200.0,
        "0.125": 200.0,
        "0.1": 200.0
    },
    "ber": {
        "0.5": 0.42755,
        "0.475": 0.3738,
        "0.45": 0.3201,
        "0.425": 0.221175,
        "0.4": 0.10001602564102564,
        "0.375": 0.017291666666666667,
        "0.35": 0.0008579234972677595,
        "0.325": 0.0001799645390070922,
        "0.3": 0.00013877324451845685,
        "0.275": 9.723842862699339e-05,
        "0.25": 9.867771857114664e-05,
        "0.225": 8.138020833333333e-05,
        "0.2": 7.047216349541931e-05,
        "0.175": 4.91497100167109e-05,
        "0.15": 3.2100667693888034e-05,
        "0.125": 2.2177866489243733e-05,
        "0.1": 1.737921445950643e-05
    }
}