{
    "channel": "bec",
    "code": "1200_3_6_ldpc",
    "decoder": "SPA",
    "max_iter": "2",
    "tot": {
        "0.5": 100.0,
        "0.475": 100.0,
        "0.45": 100.0,
        "0.425": 100.0,
        "0.4": 100.0,
        "0.375": 100.0,
        "0.35": 100.0,
        "0.325": 100.0,
        "0.3": 100.0,
        "0.275": 100.0,
        "0.25": 100.0,
        "0.225": 100.0,
        "0.2": 100.0,
        "0.175": 105.0,
        "0.15": 125.0,
        "0.125": 291.0,
        "0.1": 1045.0
    },
    "wec": {
        "0.5": 100.0,
        "0.475": 100.0,
        "0.45": 100.0,
        "0.425": 100.0,
        "0.4": 100.0,
        "0.375": 100.0,
        "0.35": 100.0,
        "0.325": 100.0,
        "0.3": 100.0,
        "0.275": 100.0,
        "0.25": 100.0,
        "0.225": 100.0,
        "0.2": 100.0,
        "0.175": 100.0,
        "0.15": 100.0,
        "0.125": 100.0,
        "0.1": 100.0
    },
    "wer": {
        "0.5": 1.0,
        "0.475": 1.0,
        "0.45": 1.0,
        "0.425": 1.0,
        "0.4": 1.0,
        "0.375": 1.0,
        "0.35": 1.0,
        "0.325": 1.0,
        "0.3": 1.0,
        "0.275": 1.0,
        "0.25": 1.0,
        "0.225": 1.0,
        "0.2": 1.0,
        "0.175": 0.9523809523809523,
        "0.15": 0.8,
        "0.125": 0.3436426116838488,
        "0.1": 0.09569377990430622
    },
    "bec": {
        "0.5": 52548.0,
        "0.475": 47566.0,
        "0.45": 43524.0,
        "0.425": 37541.0,
        "0.4": 32116.0,
        "0.375": 26361.0,
        "0.35": 21217.0,
        "0.325": 16114.0,
        "0.3": 11735.0,
        "0.275": 8241.0,
        "0.25": 4962.0,
        "0.225": 2784.0,
        "0.2": 1333.0,
        "0.175": 614.0,
        "0.15": 283.0,
        "0.125": 167.0,
        "0.1": 133.0
    },
    "ber": {
        "0.5": 0.4379,
        "0.475": 0.3963833333333333,
        "0.45": 0.3627,
        "0.425": 0.3128416666666667,
        "0.4": 0.26763333333333333,
        "0.375": 0.219675,
        "0.35": 0.17680833333333335,
        "0.325": 0.13428333333333334,
        "0.3": 0.09779166666666667,
        "0.275": 0.068675,
        "0.25": 0.04135,
        "0.225": 0.0232,
        "0.2": 0.011108333333333333,
        "0.175": 0.004873015873015873,
        "0.15": 0.0018866666666666667,
        "0.125": 0.00047823596792668957,
        "0.1": 0.00010606060606060606
    }
}