{
    "channel": "bec",
    "code": "1200_3_6_ldpc",
    "decoder": "SPA",
    "max_iter": "6",
    "tot": {
        "0.5": 100.0,
        "0.475": 100.0,
        "0.45": 100.0,
        "0.425": 100.0,
        "0.4": 100.0,
        "0.375": 100.0,
        "0.35": 104.0,
        "0.325": 155.0,
        "0.3": 390.0,
        "0.275": 1056.0,
        "0.25": 1827.0,
        "0.225": 2221.0,
        "0.2": 2452.0,
        "0.175": 3598.0,
        "0.15": 5104.0,
        "0.125": 7552.0,
        "0.1": 10820.0
    },
    "wec": {
        "0.5": 100.0,
        "0.475": 100.0,
        "0.45": 100.0,
        "0.425": 100.0,
        "0.4": 100.0,
        "0.375": 100.0,
        "0.35": 100.0,
        "0.325": 100.0,
        "0.3": 100.0,
        "0.275": 100.0,
        "0.25": 100.0,
        "0.225": 100.0,
        "0.2": 100.0,
        "0.175": 100.0,
        "0.15": 100.0,
        "0.125": 100.0,
        "0.1": 100.0
    },
    "wer": {
        "0.5": 1.0,
        "0.475": 1.0,
        "0.45": 1.0,
        "0.425": 1.0,
        "0.4": 1.0,
        "0.375": 1.0,
        "0.35": 0.9615384615384616,
        "0.325": 0.6451612903225806,
        "0.3": 0.2564102564102564,
        "0.275": 0.0946969696969697,
        "0.25": 0.05473453749315818,
        "0.225": 0.045024763619991,
        "0.2": 0.040783034257748776,
        "0.175": 0.027793218454697052,
        "0.15": 0.019592476489028215,
        "0.125": 0.013241525423728813,
        "0.1": 0.009242144177449169
    },
    "bec": {
        "0.5": 51349.0,
        "0.475": 45118.0,
        "0.45": 39328.0,
        "0.425": 30205.0,
        "0.4": 20116.0,
        "0.375": 10148.0,
        "0.35": 3817.0,
        "0.325": 1144.0,
        "0.3": 277.0,
        "0.275": 201.0,
        "0.25": 199.0,
        "0.225": 200.0,
        "0.2": 200.0,
        "0.175": 200.0,
        "0.15": 200.0,
        "0.125": 200.0,
        "0.1": 200.0
    },
    "ber": {
        "0.5": 0.42790833333333333,
        "0.475": 0.37598333333333334,
        "0.45": 0.3277333333333333,
        "0.425": 0.2517083333333333,
        "0.4": 0.16763333333333333,
        "0.375": 0.08456666666666666,
        "0.35": 0.030584935897435897,
        "0.325": 0.006150537634408602,
        "0.3": 0.0005918803418803419,
        "0.275": 0.00015861742424242423,
        "0.25": 9.076810800948732e-05,
        "0.225": 7.504127269998499e-05,
        "0.2": 6.797172376291462e-05,
        "0.175": 4.632203075782842e-05,
        "0.15": 3.265412748171369e-05,
        "0.125": 2.2069209039548023e-05,
        "0.1": 1.5403573629081946e-05
    }
}