{
    "channel": "bec",
    "code": "1200_3_6_rand_ldpc_5",
    "decoder": "SPA",
    "tot": {
        "0.5": 100.0,
        "0.475": 100.0,
        "0.45": 100.0,
        "0.425": 100.0,
        "0.4": 104.0,
        "0.375": 144.0,
        "0.35": 489.0,
        "0.325": 7598.0,
        "0.3": 553554.0,
        "0.275": 68317.0
    },
    "wec": {
        "0.5": 100.0,
        "0.475": 100.0,
        "0.45": 100.0,
        "0.425": 100.0,
        "0.4": 100.0,
        "0.375": 100.0,
        "0.35": 100.0,
        "0.325": 100.0,
        "0.3": 100.0,
        "0.275": 0.0
    },
    "wer": {
        "0.5": 1.0,
        "0.475": 1.0,
        "0.45": 1.0,
        "0.425": 1.0,
        "0.4": 0.9615384615384616,
        "0.375": 0.6944444444444444,
        "0.35": 0.20449897750511248,
        "0.325": 0.013161358252171624,
        "0.3": 0.00018065084887833888,
        "0.275": 0.0
    },
    "bec": {
        "0.5": 51467.0,
        "0.475": 44593.0,
        "0.45": 38562.0,
        "0.425": 27649.0,
        "0.4": 14257.0,
        "0.375": 4028.0,
        "0.35": 1237.0,
        "0.325": 439.0,
        "0.3": 220.0,
        "0.275": 0.0
    },
    "ber": {
        "0.5": 0.42889166666666667,
        "0.475": 0.3716083333333333,
        "0.45": 0.32135,
        "0.425": 0.23040833333333333,
        "0.4": 0.11423878205128205,
        "0.375": 0.023310185185185184,
        "0.35": 0.0021080436264485345,
        "0.325": 4.814863560586119e-05,
        "0.3": 3.3119322294362126e-07,
        "0.275": 0.0
    }
}