{
    "channel": "bec",
    "code": "1200_3_6_ldpc",
    "decoder": "SPA",
    "max_iter": "40",
    "tot": {
        "0.5": 100.0,
        "0.475": 100.0,
        "0.45": 103.0,
        "0.425": 174.0,
        "0.4": 502.0,
        "0.375": 731.0,
        "0.35": 799.0,
        "0.325": 1085.0,
        "0.3": 1391.0,
        "0.275": 1414.0,
        "0.25": 1485.0,
        "0.225": 2123.0,
        "0.2": 2513.0,
        "0.175": 3323.0,
        "0.15": 5359.0,
        "0.125": 7064.0,
        "0.1": 9524.0
    },
    "wec": {
        "0.5": 100.0,
        "0.475": 100.0,
        "0.45": 100.0,
        "0.425": 100.0,
        "0.4": 100.0,
        "0.375": 100.0,
        "0.35": 100.0,
        "0.325": 100.0,
        "0.3": 100.0,
        "0.275": 100.0,
        "0.25": 100.0,
        "0.225": 100.0,
        "0.2": 100.0,
        "0.175": 100.0,
        "0.15": 100.0,
        "0.125": 100.0,
        "0.1": 100.0
    },
    "wer": {
        "0.5": 1.0,
        "0.475": 1.0,
        "0.45": 0.970873786407767,
        "0.425": 0.5747126436781609,
        "0.4": 0.199203187250996,
        "0.375": 0.13679890560875513,
        "0.35": 0.1251564455569462,
        "0.325": 0.09216589861751152,
        "0.3": 0.07189072609633357,
        "0.275": 0.07072135785007072,
        "0.25": 0.06734006734006734,
        "0.225": 0.047103155911446065,
        "0.2": 0.03979307600477517,
        "0.175": 0.03009328919650918,
        "0.15": 0.018660197798096658,
        "0.125": 0.014156285390713477,
        "0.1": 0.010499790004199917
    },
    "bec": {
        "0.5": 51304.0,
        "0.475": 44813.0,
        "0.45": 38431.0,
        "0.425": 25640.0,
        "0.4": 10132.0,
        "0.375": 200.0,
        "0.35": 200.0,
        "0.325": 200.0,
        "0.3": 200.0,
        "0.275": 200.0,
        "0.25": 200.0,
        "0.225": 200.0,
        "0.2": 200.0,
        "0.175": 200.0,
        "0.15": 200.0,
        "0.125": 200.0,
        "0.1": 200.0
    },
    "ber": {
        "0.5": 0.4275333333333333,
        "0.475": 0.37344166666666667,
        "0.45": 0.31093042071197413,
        "0.425": 0.12279693486590039,
        "0.4": 0.016819389110225763,
        "0.375": 0.00022799817601459188,
        "0.35": 0.00020859407592824363,
        "0.325": 0.00015360983102918587,
        "0.3": 0.00011981787682722263,
        "0.275": 0.00011786892975011787,
        "0.25": 0.0001122334455667789,
        "0.225": 7.85052598524101e-05,
        "0.2": 6.632179334129194e-05,
        "0.175": 5.015548199418196e-05,
        "0.15": 3.110032966349443e-05,
        "0.125": 2.359380898452246e-05,
        "0.1": 1.749965000699986e-05
    }
}