{
    "channel": "bec",
    "code": "1200_3_6_rand_ldpc_6",
    "decoder": "SPA",
    "tot": {
        "0.5": 100.0,
        "0.475": 100.0,
        "0.45": 100.0,
        "0.425": 100.0,
        "0.4": 103.0,
        "0.375": 150.0,
        "0.35": 484.0,
        "0.325": 8918.0,
        "0.3": 601760.0
    },
    "wec": {
        "0.5": 100.0,
        "0.475": 100.0,
        "0.45": 100.0,
        "0.425": 100.0,
        "0.4": 100.0,
        "0.375": 100.0,
        "0.35": 100.0,
        "0.325": 100.0,
        "0.3": 94.0
    },
    "wer": {
        "0.5": 1.0,
        "0.475": 1.0,
        "0.45": 1.0,
        "0.425": 1.0,
        "0.4": 0.970873786407767,
        "0.375": 0.6666666666666666,
        "0.35": 0.2066115702479339,
        "0.325": 0.011213276519398968,
        "0.3": 0.00015620845519808562
    },
    "bec": {
        "0.5": 51305.0,
        "0.475": 44485.0,
        "0.45": 39138.0,
        "0.425": 27274.0,
        "0.4": 13132.0,
        "0.375": 4010.0,
        "0.35": 995.0,
        "0.325": 386.0,
        "0.3": 207.0
    },
    "ber": {
        "0.5": 0.42754166666666665,
        "0.475": 0.3707083333333333,
        "0.45": 0.32615,
        "0.425": 0.22728333333333334,
        "0.4": 0.10624595469255664,
        "0.375": 0.02227777777777778,
        "0.35": 0.0017131542699724519,
        "0.325": 3.606937280406668e-05,
        "0.3": 2.8665913320925285e-07
    }
}