{
    "channel": "bec",
    "code": "1200_3_6_ldpc",
    "decoder": "SPA",
    "max_iter": "3",
    "tot": {
        "0.5": 100.0,
        "0.475": 100.0,
        "0.45": 100.0,
        "0.425": 100.0,
        "0.4": 100.0,
        "0.375": 100.0,
        "0.35": 100.0,
        "0.325": 100.0,
        "0.3": 100.0,
        "0.275": 100.0,
        "0.25": 100.0,
        "0.225": 128.0,
        "0.2": 231.0,
        "0.175": 606.0,
        "0.15": 2071.0,
        "0.125": 5268.0,
        "0.1": 11916.0
    },
    "wec": {
        "0.5": 100.0,
        "0.475": 100.0,
        "0.45": 100.0,
        "0.425": 100.0,
        "0.4": 100.0,
        "0.375": 100.0,
        "0.35": 100.0,
        "0.325": 100.0,
        "0.3": 100.0,
        "0.275": 100.0,
        "0.25": 100.0,
        "0.225": 100.0,
        "0.2": 100.0,
        "0.175": 100.0,
        "0.15": 100.0,
        "0.125": 100.0,
        "0.1": 100.0
    },
    "wer": {
        "0.5": 1.0,
        "0.475": 1.0,
        "0.45": 1.0,
        "0.425": 1.0,
        "0.4": 1.0,
        "0.375": 1.0,
        "0.35": 1.0,
        "0.325": 1.0,
        "0.3": 1.0,
        "0.275": 1.0,
        "0.25": 1.0,
        "0.225": 0.78125,
        "0.2": 0.4329004329004329,
        "0.175": 0.16501650165016502,
        "0.15": 0.04828585224529213,
        "0.125": 0.018982536066818528,
        "0.1": 0.008392077878482713
    },
    "bec": {
        "0.5": 51815.0,
        "0.475": 46339.0,
        "0.45": 41722.0,
        "0.425": 34817.0,
        "0.4": 28280.0,
        "0.375": 21444.0,
        "0.35": 15450.0,
        "0.325": 9784.0,
        "0.3": 5639.0,
        "0.275": 2956.0,
        "0.25": 1094.0,
        "0.225": 439.0,
        "0.2": 256.0,
        "0.175": 174.0,
        "0.15": 161.0,
        "0.125": 196.0,
        "0.1": 197.0
    },
    "ber": {
        "0.5": 0.4317916666666667,
        "0.475": 0.3861583333333333,
        "0.45": 0.34768333333333334,
        "0.425": 0.2901416666666667,
        "0.4": 0.23566666666666666,
        "0.375": 0.1787,
        "0.35": 0.12875,
        "0.325": 0.08153333333333333,
        "0.3": 0.04699166666666667,
        "0.275": 0.024633333333333333,
        "0.25": 0.009116666666666667,
        "0.225": 0.0028580729166666667,
        "0.2": 0.0009235209235209235,
        "0.175": 0.00023927392739273926,
        "0.15": 6.478351842910027e-05,
        "0.125": 3.100480890913693e-05,
        "0.1": 1.3776994517175785e-05
    }
}