{
    "channel": "bec",
    "code": "1200_3_6_rand_ldpc_8",
    "decoder": "SPA",
    "tot": {
        "0.5": 100.0,
        "0.475": 100.0,
        "0.45": 100.0,
        "0.425": 100.0,
        "0.4": 101.0,
        "0.375": 139.0,
        "0.35": 504.0,
        "0.325": 8953.0,
        "0.3": 610320.0
    },
    "wec": {
        "0.5": 100.0,
        "0.475": 100.0,
        "0.45": 100.0,
        "0.425": 100.0,
        "0.4": 100.0,
        "0.375": 100.0,
        "0.35": 100.0,
        "0.325": 100.0,
        "0.3": 96.0
    },
    "wer": {
        "0.5": 1.0,
        "0.475": 1.0,
        "0.45": 1.0,
        "0.425": 1.0,
        "0.4": 0.9900990099009901,
        "0.375": 0.7194244604316546,
        "0.35": 0.1984126984126984,
        "0.325": 0.011169440411035406,
        "0.3": 0.00015729453401494299
    },
    "bec": {
        "0.5": 51186.0,
        "0.475": 44721.0,
        "0.45": 38743.0,
        "0.425": 27941.0,
        "0.4": 12976.0,
        "0.375": 3623.0,
        "0.35": 1503.0,
        "0.325": 353.0,
        "0.3": 163.0
    },
    "ber": {
        "0.5": 0.42655,
        "0.475": 0.372675,
        "0.45": 0.32285833333333336,
        "0.425": 0.23284166666666667,
        "0.4": 0.10706270627062706,
        "0.375": 0.021720623501199042,
        "0.35": 0.0024851190476190476,
        "0.325": 3.285677054246249e-05,
        "0.3": 2.225608423996155e-07
    }
}