{
    "channel": "bec",
    "prefix": "1200_3_6_rand_ldpc",
    "decoder": "SPA",
    "sources": [
        "1200_3_6_rand_ldpc_1",
        "1200_3_6_rand_ldpc_10",
        "1200_3_6_rand_ldpc_2",
        "1200_3_6_rand_ldpc_3",
        "1200_3_6_rand_ldpc_4",
        "1200_3_6_rand_ldpc_5",
        "1200_3_6_rand_ldpc_6",
        "1200_3_6_rand_ldpc_7",
        "1200_3_6_rand_ldpc_8",
        "1200_3_6_rand_ldpc_9"
    ],
    "wer": {
        "0.31": 0.01870143658721598,
        "0.325": 0.021150610841070196,
        "0.35": 0.104754549180789,
        "0.32": 0.02147247609761751,
        "0.33": 0.027282080968172095,
        "0.5": 1.0,
        "0.4": 0.9455868838790918,
        "0.475": 1.0,
        "0.375": 0.4817805625717965,
        "0.425": 1.0,
        "0.45": 1.0,
        "0.34": 0.046305580210965196,
        "0.3": 0.01842585476009955
    },
    "ber": {
        "0.31": 3.121676131659177e-05,
        "0.325": 3.784415383287996e-05,
        "0.35": 0.0008516500604867468,
        "0.32": 3.669800538160284e-05,
        "0.33": 5.6814613691628014e-05,
        "0.5": 0.42742500000000005,
        "0.4": 0.09555471660528832,
        "0.475": 0.3720783333333334,
        "0.375": 0.014256149752941472,
        "0.425": 0.22130333333333335,
        "0.45": 0.3233933333333333,
        "0.34": 0.00018425915798198693,
        "0.3": 3.0707742655695474e-05
    }
}