{
    "channel": "bec",
    "code": "margulis",
    "decoder": "ADMM",
    "codeword": "1",
    "mu": "3.0",
    "eps": "1e-05",
    "tot": {
        "0.5": 100.0,
        "0.475": 100.0,
        "0.45": 100.0,
        "0.425": 239.0,
        "0.4": 12429.0,
        "0.375": 183200.0
    },
    "wec": {
        "0.5": 100.0,
        "0.475": 100.0,
        "0.45": 100.0,
        "0.425": 100.0,
        "0.4": 100.0,
        "0.375": 0.0
    },
    "wer": {
        "0.5": 1.0,
        "0.475": 1.0,
        "0.45": 1.0,
        "0.425": 0.41841004184100417,
        "0.4": 0.008045699573577923,
        "0.375": 0.0
    },
    "bec": {
        "0.5": 104381.0,
        "0.475": 93066.0,
        "0.45": 77698.0,
        "0.425": 64119.0,
        "0.4": 55412.0,
        "0.375": 0.0
    },
    "ber": {
        "0.5": 0.39538257575757574,
        "0.475": 0.35252272727272727,
        "0.45": 0.29431060606060605,
        "0.425": 0.10162133891213389,
        "0.4": 0.0016887435786784085,
        "0.375": 0.0
    }
}