{
    "channel": "bec",
    "code": "1200_3_6_rand_ldpc_7",
    "decoder": "SPA",
    "max_iter": "10",
    "codeword": "0",
    "tot": {
        "0.5": 100.0,
        "0.475": 100.0,
        "0.45": 100.0,
        "0.425": 100.0,
        "0.4": 102.0,
        "0.375": 223.0,
        "0.35": 1132.0,
        "0.34": 3724.0,
        "0.33": 16643.0,
        "0.325": 50694.0,
        "0.32": 108103.0,
        "0.31": 851056.0,
        "0.3": 4846660.0
    },
    "wec": {
        "0.5": 100.0,
        "0.475": 100.0,
        "0.45": 100.0,
        "0.425": 100.0,
        "0.4": 100.0,
        "0.375": 100.0,
        "0.35": 100.0,
        "0.34": 100.0,
        "0.33": 100.0,
        "0.325": 100.0,
        "0.32": 100.0,
        "0.31": 100.0,
        "0.3": 48.0
    },
    "wer": {
        "0.5": 1.0,
        "0.475": 1.0,
        "0.45": 1.0,
        "0.425": 1.0,
        "0.4": 0.9803921568627451,
        "0.375": 0.4484304932735426,
        "0.35": 0.08833922261484099,
        "0.34": 0.02685284640171858,
        "0.33": 0.006008532115604158,
        "0.325": 0.0019726200339290644,
        "0.32": 0.0009250437083152179,
        "0.31": 0.00011750108100994529,
        "0.3": 9.903727515443625e-06
    },
    "bec": {
        "0.5": 51149.0,
        "0.475": 44678.0,
        "0.45": 39188.0,
        "0.425": 26597.0,
        "0.4": 12250.0,
        "0.375": 3715.0,
        "0.35": 1197.0,
        "0.34": 747.0,
        "0.33": 417.0,
        "0.325": 379.0,
        "0.32": 375.0,
        "0.31": 297.0,
        "0.3": 83.0
    },
    "ber": {
        "0.5": 0.4262416666666667,
        "0.475": 0.3723166666666667,
        "0.45": 0.32656666666666667,
        "0.425": 0.22164166666666665,
        "0.4": 0.10008169934640523,
        "0.375": 0.013882660687593423,
        "0.35": 0.0008811837455830389,
        "0.34": 0.00016715896885069817,
        "0.33": 2.087964910172445e-05,
        "0.325": 6.230191607159295e-06,
        "0.32": 2.890761588485056e-06,
        "0.31": 2.908151754996146e-07,
        "0.3": 1.4270996246212168e-08
    }
}