{
    "channel": "bec",
    "code": "1200_3_6_rand_ldpc_10",
    "decoder": "SPA",
    "tot": {
        "0.5": 100.0,
        "0.475": 100.0,
        "0.45": 100.0,
        "0.425": 100.0,
        "0.4": 101.0,
        "0.375": 156.0,
        "0.35": 541.0,
        "0.325": 8355.0,
        "0.3": 548195.0,
        "0.275": 64917.0
    },
    "wec": {
        "0.5": 100.0,
        "0.475": 100.0,
        "0.45": 100.0,
        "0.425": 100.0,
        "0.4": 100.0,
        "0.375": 100.0,
        "0.35": 100.0,
        "0.325": 100.0,
        "0.3": 100.0,
        "0.275": 0.0
    },
    "wer": {
        "0.5": 1.0,
        "0.475": 1.0,
        "0.45": 1.0,
        "0.425": 1.0,
        "0.4": 0.9900990099009901,
        "0.375": 0.6410256410256411,
        "0.35": 0.18484288354898337,
        "0.325": 0.011968880909634948,
        "0.3": 0.0001824168407227355,
        "0.275": 0.0
    },
    "bec": {
        "0.5": 51413.0,
        "0.475": 44569.0,
        "0.45": 39125.0,
        "0.425": 27119.0,
        "0.4": 13495.0,
        "0.375": 4621.0,
        "0.35": 1045.0,
        "0.325": 396.0,
        "0.3": 223.0,
        "0.275": 0.0
    },
    "ber": {
        "0.5": 0.42844166666666667,
        "0.475": 0.37140833333333334,
        "0.45": 0.3260416666666667,
        "0.425": 0.22599166666666667,
        "0.4": 0.11134488448844884,
        "0.375": 0.02468482905982906,
        "0.35": 0.0016096734442390636,
        "0.325": 3.9497307001795335e-05,
        "0.3": 3.3899129567641683e-07,
        "0.275": 0.0
    }
}