{
    "channel": "bec",
    "code": "1200_3_6_rand_ldpc_1",
    "decoder": "SPA",
    "tot": {
        "0.5": 100.0,
        "0.475": 100.0,
        "0.45": 100.0,
        "0.425": 100.0,
        "0.4": 100.0,
        "0.375": 138.0,
        "0.35": 502.0,
        "0.325": 8413.0,
        "0.3": 590939.0
    },
    "wec": {
        "0.5": 100.0,
        "0.475": 100.0,
        "0.45": 100.0,
        "0.425": 100.0,
        "0.4": 100.0,
        "0.375": 100.0,
        "0.35": 100.0,
        "0.325": 100.0,
        "0.3": 90.0
    },
    "wer": {
        "0.5": 1.0,
        "0.475": 1.0,
        "0.45": 1.0,
        "0.425": 1.0,
        "0.4": 1.0,
        "0.375": 0.7246376811594203,
        "0.35": 0.199203187250996,
        "0.325": 0.011886366337810532,
        "0.3": 0.00015229998358544622
    },
    "bec": {
        "0.5": 51297.0,
        "0.475": 44643.0,
        "0.45": 38752.0,
        "0.425": 27754.0,
        "0.4": 13234.0,
        "0.375": 3388.0,
        "0.35": 1161.0,
        "0.325": 361.0,
        "0.3": 172.0
    },
    "ber": {
        "0.5": 0.427475,
        "0.475": 0.372025,
        "0.45": 0.32293333333333335,
        "0.425": 0.23128333333333334,
        "0.4": 0.11028333333333333,
        "0.375": 0.02045893719806763,
        "0.35": 0.0019272908366533865,
        "0.325": 3.575815206624668e-05,
        "0.3": 2.425518257101551e-07
    }
}