{
    "channel": "bec",
    "code": "1200_3_6_rand_ldpc_9",
    "decoder": "SPA",
    "tot": {
        "0.5": 100.0,
        "0.475": 100.0,
        "0.45": 100.0,
        "0.425": 100.0,
        "0.4": 101.0,
        "0.375": 135.0,
        "0.35": 481.0,
        "0.325": 5869.0,
        "0.3": 461573.0,
        "0.275": 175585.0
    },
    "wec": {
        "0.5": 100.0,
        "0.475": 100.0,
        "0.45": 100.0,
        "0.425": 100.0,
        "0.4": 100.0,
        "0.375": 100.0,
        "0.35": 100.0,
        "0.325": 100.0,
        "0.3": 100.0,
        "0.275": 1.0
    },
    "wer": {
        "0.5": 1.0,
        "0.475": 1.0,
        "0.45": 1.0,
        "0.425": 1.0,
        "0.4": 0.9900990099009901,
        "0.375": 0.7407407407407407,
        "0.35": 0.2079002079002079,
        "0.325": 0.01703867779860283,
        "0.3": 0.00021665045399102634,
        "0.275": 5.695247316114702e-06
    },
    "bec": {
        "0.5": 51281.0,
        "0.475": 44788.0,
        "0.45": 38747.0,
        "0.425": 27199.0,
        "0.4": 13229.0,
        "0.375": 3706.0,
        "0.35": 1193.0,
        "0.325": 259.0,
        "0.3": 203.0,
        "0.275": 1.0
    },
    "ber": {
        "0.5": 0.4273416666666667,
        "0.475": 0.3732333333333333,
        "0.45": 0.3228916666666667,
        "0.425": 0.22665833333333332,
        "0.4": 0.10915016501650165,
        "0.375": 0.022876543209876542,
        "0.35": 0.002066874566874567,
        "0.325": 3.677514624865111e-05,
        "0.3": 3.6650035133481953e-07,
        "0.275": 4.746039430095585e-09
    }
}