{
    "channel": "bec",
    "code": "1200_3_6_ldpc",
    "decoder": "SPA",
    "max_iter": "10",
    "codeword": "0",
    "tot": {
        "0.5": 500.0,
        "0.475": 500.0,
        "0.45": 500.0,
        "0.425": 500.0,
        "0.4": 526.0,
        "0.375": 808.0,
        "0.35": 2733.0,
        "0.34": 3749.0,
        "0.33": 4487.0,
        "0.325": 4420.0,
        "0.32": 5158.0,
        "0.31": 5115.0,
        "0.3": 5766.0,
        "0.44": 500.0,
        "0.43": 500.0,
        "0.42": 501.0,
        "0.41": 504.0,
        "0.39": 582.0,
        "0.38": 685.0,
        "0.37": 996.0,
        "0.36": 1527.0,
        "0.355": 2098.0,
        "0.345": 3350.0,
        "0.29": 6066.0,
        "0.28": 6146.0,
        "0.27": 6731.0,
        "0.26": 7867.0,
        "0.25": 8510.0,
        "0.24": 8706.0,
        "0.23": 9211.0,
        "0.21": 10957.0,
        "0.2": 12897.0,
        "0.19": 14641.0,
        "0.18": 16079.0,
        "0.17": 18479.0,
        "0.16": 21472.0,
        "0.15": 22542.0,
        "0.14": 26907.0,
        "0.13": 30063.0,
        "0.12": 36147.0,
        "0.11": 39784.0,
        "0.1": 52523.0
    },
    "wec": {
        "0.5": 500.0,
        "0.475": 500.0,
        "0.45": 500.0,
        "0.425": 500.0,
        "0.4": 500.0,
        "0.375": 500.0,
        "0.35": 500.0,
        "0.34": 500.0,
        "0.33": 500.0,
        "0.325": 500.0,
        "0.32": 500.0,
        "0.31": 500.0,
        "0.3": 500.0,
        "0.44": 500.0,
        "0.43": 500.0,
        "0.42": 500.0,
        "0.41": 500.0,
        "0.39": 500.0,
        "0.38": 500.0,
        "0.37": 500.0,
        "0.36": 500.0,
        "0.355": 500.0,
        "0.345": 500.0,
        "0.29": 500.0,
        "0.28": 500.0,
        "0.27": 500.0,
        "0.26": 500.0,
        "0.25": 500.0,
        "0.24": 500.0,
        "0.23": 500.0,
        "0.21": 500.0,
        "0.2": 500.0,
        "0.19": 500.0,
        "0.18": 500.0,
        "0.17": 500.0,
        "0.16": 500.0,
        "0.15": 500.0,
        "0.14": 500.0,
        "0.13": 500.0,
        "0.12": 500.0,
        "0.11": 500.0,
        "0.1": 500.0
    },
    "wer": {
        "0.5": 1.0,
        "0.475": 1.0,
        "0.45": 1.0,
        "0.425": 1.0,
        "0.4": 0.9505703422053232,
        "0.375": 0.6188118811881188,
        "0.35": 0.18294914013904134,
        "0.34": 0.13336889837289945,
        "0.33": 0.11143302874972141,
        "0.325": 0.11312217194570136,
        "0.32": 0.09693679720822024,
        "0.31": 0.09775171065493646,
        "0.3": 0.08671522719389525,
        "0.44": 1.0,
        "0.43": 1.0,
        "0.42": 0.998003992015968,
        "0.41": 0.9920634920634921,
        "0.39": 0.8591065292096219,
        "0.38": 0.7299270072992701,
        "0.37": 0.5020080321285141,
        "0.36": 0.3274394237066143,
        "0.355": 0.23832221163012393,
        "0.345": 0.14925373134328357,
        "0.29": 0.08242664029014177,
        "0.28": 0.08135372600065083,
        "0.27": 0.0742831674342594,
        "0.26": 0.06355662895640016,
        "0.25": 0.05875440658049354,
        "0.24": 0.05743165632896853,
        "0.23": 0.054282922592552386,
        "0.21": 0.04563292872136534,
        "0.2": 0.038768705900597035,
        "0.19": 0.03415067276825354,
        "0.18": 0.031096461222712854,
        "0.17": 0.027057741219762975,
        "0.16": 0.023286140089418778,
        "0.15": 0.022180818028568895,
        "0.14": 0.018582524993496115,
        "0.13": 0.016631740012640124,
        "0.12": 0.013832406562093674,
        "0.11": 0.012567866478986528,
        "0.1": 0.00951963901528854
    },
    "bec": {
        "0.5": 256712.0,
        "0.475": 226395.0,
        "0.45": 188264.0,
        "0.425": 134373.0,
        "0.4": 59719.0,
        "0.375": 17506.0,
        "0.35": 3359.0,
        "0.34": 1567.0,
        "0.33": 1169.0,
        "0.325": 1013.0,
        "0.32": 1001.0,
        "0.31": 1000.0,
        "0.3": 1000.0,
        "0.44": 167758.0,
        "0.43": 142238.0,
        "0.42": 118804.0,
        "0.41": 89656.0,
        "0.39": 39109.0,
        "0.38": 24563.0,
        "0.37": 13538.0,
        "0.36": 6431.0,
        "0.355": 4864.0,
        "0.345": 2061.0,
        "0.29": 1000.0,
        "0.28": 1000.0,
        "0.27": 1000.0,
        "0.26": 1000.0,
        "0.25": 1000.0,
        "0.24": 1000.0,
        "0.23": 1000.0,
        "0.21": 1000.0,
        "0.2": 1000.0,
        "0.19": 1000.0,
        "0.18": 1000.0,
        "0.17": 1000.0,
        "0.16": 1000.0,
        "0.15": 1000.0,
        "0.14": 1000.0,
        "0.13": 1000.0,
        "0.12": 1000.0,
        "0.11": 1000.0,
        "0.1": 1000.0
    },
    "ber": {
        "0.5": 0.4278533333333333,
        "0.475": 0.377325,
        "0.45": 0.31377333333333335,
        "0.425": 0.223955,
        "0.4": 0.09461185044359949,
        "0.375": 0.01805486798679868,
        "0.35": 0.0010242102695450664,
        "0.34": 0.0003483151062505557,
        "0.33": 0.0002171086843473739,
        "0.325": 0.00019098793363499247,
        "0.32": 0.00016172289000904744,
        "0.31": 0.00016291951775822744,
        "0.3": 0.00014452537865649207,
        "0.44": 0.27959666666666666,
        "0.43": 0.23706333333333332,
        "0.42": 0.19761144377910844,
        "0.41": 0.14824074074074073,
        "0.39": 0.05599799541809851,
        "0.38": 0.02988199513381995,
        "0.37": 0.011326974564926371,
        "0.36": 0.003509604889762061,
        "0.355": 0.0019319987289482046,
        "0.345": 0.0005126865671641791,
        "0.29": 0.00013737773381690296,
        "0.28": 0.00013558954333441804,
        "0.27": 0.000123805279057099,
        "0.26": 0.00010592771492733359,
        "0.25": 9.792401096748923e-05,
        "0.24": 9.571942721494755e-05,
        "0.23": 9.047153765425397e-05,
        "0.21": 7.605488120227556e-05,
        "0.2": 6.46145098343284e-05,
        "0.19": 5.6917787947089226e-05,
        "0.18": 5.182743537118809e-05,
        "0.17": 4.509623536627162e-05,
        "0.16": 3.881023348236463e-05,
        "0.15": 3.696803004761482e-05,
        "0.14": 3.097087498916019e-05,
        "0.13": 2.7719566687733536e-05,
        "0.12": 2.3054010936822787e-05,
        "0.11": 2.094644413164421e-05,
        "0.1": 1.58660650254809e-05
    }
}