{
    "channel": "bec",
    "code": "1200_3_6_rand_ldpc_7",
    "decoder": "SPA",
    "tot": {
        "0.5": 100.0,
        "0.475": 100.0,
        "0.45": 100.0,
        "0.425": 100.0,
        "0.4": 100.0,
        "0.375": 144.0,
        "0.35": 560.0,
        "0.325": 7577.0,
        "0.3": 579944.0,
        "0.275": 29507.0
    },
    "wec": {
        "0.5": 100.0,
        "0.475": 100.0,
        "0.45": 100.0,
        "0.425": 100.0,
        "0.4": 100.0,
        "0.375": 100.0,
        "0.35": 100.0,
        "0.325": 100.0,
        "0.3": 100.0,
        "0.275": 0.0
    },
    "wer": {
        "0.5": 1.0,
        "0.475": 1.0,
        "0.45": 1.0,
        "0.425": 1.0,
        "0.4": 1.0,
        "0.375": 0.6944444444444444,
        "0.35": 0.17857142857142858,
        "0.325": 0.013197835554968985,
        "0.3": 0.00017243044155987474,
        "0.275": 0.0
    },
    "bec": {
        "0.5": 51152.0,
        "0.475": 44708.0,
        "0.45": 39288.0,
        "0.425": 27376.0,
        "0.4": 13665.0,
        "0.375": 3797.0,
        "0.35": 1329.0,
        "0.325": 369.0,
        "0.3": 220.0,
        "0.275": 0.0
    },
    "ber": {
        "0.5": 0.4262666666666667,
        "0.475": 0.37256666666666666,
        "0.45": 0.3274,
        "0.425": 0.22813333333333333,
        "0.4": 0.113875,
        "0.375": 0.02197337962962963,
        "0.35": 0.0019776785714285716,
        "0.325": 4.0583344331529626e-05,
        "0.3": 3.161224761931037e-07,
        "0.275": 0.0
    }
}