{
    "channel": "bec",
    "code": "1200_3_6_ldpc",
    "decoder": "SPA",
    "max_iter": "1",
    "tot": {
        "0.5": 100.0,
        "0.475": 100.0,
        "0.45": 100.0,
        "0.425": 100.0,
        "0.4": 100.0,
        "0.375": 100.0,
        "0.35": 100.0,
        "0.325": 100.0,
        "0.3": 100.0,
        "0.275": 100.0,
        "0.25": 100.0,
        "0.225": 100.0,
        "0.2": 100.0,
        "0.175": 100.0,
        "0.15": 100.0,
        "0.125": 100.0,
        "0.1": 100.0
    },
    "wec": {
        "0.5": 100.0,
        "0.475": 100.0,
        "0.45": 100.0,
        "0.425": 100.0,
        "0.4": 100.0,
        "0.375": 100.0,
        "0.35": 100.0,
        "0.325": 100.0,
        "0.3": 100.0,
        "0.275": 100.0,
        "0.25": 100.0,
        "0.225": 100.0,
        "0.2": 100.0,
        "0.175": 100.0,
        "0.15": 100.0,
        "0.125": 100.0,
        "0.1": 100.0
    },
    "wer": {
        "0.5": 1.0,
        "0.475": 1.0,
        "0.45": 1.0,
        "0.425": 1.0,
        "0.4": 1.0,
        "0.375": 1.0,
        "0.35": 1.0,
        "0.325": 1.0,
        "0.3": 1.0,
        "0.275": 1.0,
        "0.25": 1.0,
        "0.225": 1.0,
        "0.2": 1.0,
        "0.175": 1.0,
        "0.15": 1.0,
        "0.125": 1.0,
        "0.1": 1.0
    },
    "bec": {
        "0.5": 54417.0,
        "0.475": 50143.0,
        "0.45": 46831.0,
        "0.425": 41900.0,
        "0.4": 37567.0,
        "0.375": 33057.0,
        "0.35": 28939.0,
        "0.325": 24704.0,
        "0.3": 20792.0,
        "0.275": 17165.0,
        "0.25": 13450.0,
        "0.225": 10174.0,
        "0.2": 7364.0,
        "0.175": 5115.0,
        "0.15": 3097.0,
        "0.125": 1829.0,
        "0.1": 843.0
    },
    "ber": {
        "0.5": 0.453475,
        "0.475": 0.41785833333333333,
        "0.45": 0.3902583333333333,
        "0.425": 0.3491666666666667,
        "0.4": 0.3130583333333333,
        "0.375": 0.275475,
        "0.35": 0.24115833333333334,
        "0.325": 0.20586666666666667,
        "0.3": 0.17326666666666668,
        "0.275": 0.14304166666666668,
        "0.25": 0.11208333333333333,
        "0.225": 0.08478333333333334,
        "0.2": 0.06136666666666667,
        "0.175": 0.042625,
        "0.15": 0.025808333333333332,
        "0.125": 0.015241666666666667,
        "0.1": 0.007025
    }
}