{
    "channel": "bec",
    "code": "1200_3_6_rand_ldpc_3",
    "decoder": "SPA",
    "tot": {
        "0.5": 100.0,
        "0.475": 100.0,
        "0.45": 100.0,
        "0.425": 100.0,
        "0.4": 101.0,
        "0.375": 131.0,
        "0.35": 344.0,
        "0.325": 900.0,
        "0.3": 1245.0,
        "0.275": 1540.0,
        "0.25": 1511.0,
        "0.225": 2147.0,
        "0.2": 2906.0,
        "0.175": 3297.0,
        "0.15": 4323.0,
        "0.125": 5669.0,
        "0.1": 9789.0
    },
    "wec": {
        "0.5": 100.0,
        "0.475": 100.0,
        "0.45": 100.0,
        "0.425": 100.0,
        "0.4": 100.0,
        "0.375": 100.0,
        "0.35": 100.0,
        "0.325": 100.0,
        "0.3": 100.0,
        "0.275": 100.0,
        "0.25": 100.0,
        "0.225": 100.0,
        "0.2": 100.0,
        "0.175": 100.0,
        "0.15": 100.0,
        "0.125": 100.0,
        "0.1": 100.0
    },
    "wer": {
        "0.5": 1.0,
        "0.475": 1.0,
        "0.45": 1.0,
        "0.425": 1.0,
        "0.4": 0.9900990099009901,
        "0.375": 0.7633587786259542,
        "0.35": 0.29069767441860467,
        "0.325": 0.1111111111111111,
        "0.3": 0.08032128514056225,
        "0.275": 0.06493506493506493,
        "0.25": 0.06618133686300463,
        "0.225": 0.04657661853749418,
        "0.2": 0.034411562284927734,
        "0.175": 0.030330603579011222,
        "0.15": 0.023132084200786492,
        "0.125": 0.01763979537837361,
        "0.1": 0.010215548064153642
    },
    "bec": {
        "0.5": 51420.0,
        "0.475": 44737.0,
        "0.45": 39074.0,
        "0.425": 26848.0,
        "0.4": 12852.0,
        "0.375": 3721.0,
        "0.35": 869.0,
        "0.325": 223.0,
        "0.3": 201.0,
        "0.275": 200.0,
        "0.25": 200.0,
        "0.225": 200.0,
        "0.2": 200.0,
        "0.175": 200.0,
        "0.15": 200.0,
        "0.125": 200.0,
        "0.1": 200.0
    },
    "ber": {
        "0.5": 0.4285,
        "0.475": 0.37280833333333335,
        "0.45": 0.32561666666666667,
        "0.425": 0.22373333333333334,
        "0.4": 0.10603960396039604,
        "0.375": 0.023670483460559798,
        "0.35": 0.0021051356589147285,
        "0.325": 0.00020648148148148148,
        "0.3": 0.00013453815261044177,
        "0.275": 0.00010822510822510823,
        "0.25": 0.00011030222810500772,
        "0.225": 7.76276975624903e-05,
        "0.2": 5.735260380821289e-05,
        "0.175": 5.0551005965018706e-05,
        "0.15": 3.855347366797748e-05,
        "0.125": 2.9399658963956018e-05,
        "0.1": 1.702591344025607e-05
    }
}