{
    "channel": "bec",
    "prefix": "1200_3_6_rand_ldpc",
    "decoder": "SPA",
    "sources": [
        "1200_3_6_rand_ldpc_1",
        "1200_3_6_rand_ldpc_10",
        "1200_3_6_rand_ldpc_2",
        "1200_3_6_rand_ldpc_3",
        "1200_3_6_rand_ldpc_4",
        "1200_3_6_rand_ldpc_5",
        "1200_3_6_rand_ldpc_6",
        "1200_3_6_rand_ldpc_7",
        "1200_3_6_rand_ldpc_8",
        "1200_3_6_rand_ldpc_9"
    ],
    "wer": {
        "0.475": 1.0,
        "0.45": 1.0,
        "0.225": 0.04704127838988723,
        "0.35": 0.21480064580649721,
        "0.4": 0.987300630735217,
        "0.425": 1.0,
        "0.15": 0.02405667412637376,
        "0.175": 0.028845192350381126,
        "0.25": 0.06745492959988719,
        "0.1": 0.009507246095429219,
        "0.2": 0.03714993750464975,
        "0.125": 0.01799420961579231,
        "0.275": 0.02231771290396006,
        "0.5": 1.0,
        "0.375": 0.706346801727132,
        "0.325": 0.03415386467702885,
        "0.3": 0.01903656745017008
    },
    "ber": {
        "0.475": 0.37231583333333335,
        "0.45": 0.3243158333333333,
        "0.225": 7.840213064981205e-05,
        "0.35": 0.00197466240478632,
        "0.4": 0.11028196377339376,
        "0.425": 0.22805666666666666,
        "0.15": 4.0094456877289594e-05,
        "0.175": 4.807532058396854e-05,
        "0.25": 0.00011242488266647866,
        "0.1": 1.5845410159048698e-05,
        "0.2": 6.191656250774958e-05,
        "0.125": 2.9990349359653853e-05,
        "0.275": 3.7195397166695086e-05,
        "0.5": 0.4274683333333333,
        "0.375": 0.02209995487791303,
        "0.325": 7.431566142470716e-05,
        "0.3": 3.1801467869533585e-05
    }
}