{
    "channel": "biawgn",
    "code": "1200_3_6_rand_ldpc_7",
    "decoder": "MSA",
    "max_iter": "100",
    "tot": {
        "0.5": 101.0,
        "0.75": 100.0,
        "1.0": 103.0,
        "1.25": 109.0,
        "1.5": 157.0,
        "1.75": 282.0,
        "2.0": 756.0,
        "2.25": 4003.0,
        "2.5": 30473.0,
        "0.275": 100.0,
        "3.0": 62779.0,
        "2.75": 79412.0
    },
    "wec": {
        "0.5": 100.0,
        "0.75": 100.0,
        "1.0": 100.0,
        "1.25": 100.0,
        "1.5": 100.0,
        "1.75": 100.0,
        "2.0": 100.0,
        "2.25": 100.0,
        "2.5": 100.0,
        "0.275": 100.0,
        "3.0": 3.0,
        "2.75": 22.0
    },
    "wer": {
        "0.5": 0.9900990099009901,
        "0.75": 1.0,
        "1.0": 0.970873786407767,
        "1.25": 0.9174311926605505,
        "1.5": 0.6369426751592356,
        "1.75": 0.3546099290780142,
        "2.0": 0.13227513227513227,
        "2.25": 0.02498126405196103,
        "2.5": 0.0032815935418239097,
        "0.275": 1.0,
        "3.0": 4.778668025932238e-05,
        "2.75": 0.00027703621618898906
    },
    "bec": {
        "0.5": 17164.0,
        "0.75": 15576.0,
        "1.0": 13945.0,
        "1.25": 12256.0,
        "1.5": 11217.0,
        "1.75": 9733.0,
        "2.0": 8886.0,
        "2.25": 8137.0,
        "2.5": 7601.0,
        "0.275": 18376.0,
        "3.0": 234.0,
        "2.75": 1501.0
    },
    "ber": {
        "0.5": 0.1416171617161716,
        "0.75": 0.1298,
        "1.0": 0.11282362459546925,
        "1.25": 0.09370030581039755,
        "1.5": 0.05953821656050955,
        "1.75": 0.028761820330969266,
        "2.0": 0.009794973544973546,
        "2.25": 0.0016939378799233908,
        "2.5": 0.00020786160426169615,
        "0.275": 0.15313333333333334,
        "3.0": 3.106134216855955e-06,
        "2.75": 1.5751187897714873e-05
    }
}