{
    "channel": "biawgn",
    "code": "1200_3_6_rand_ldpc_2",
    "decoder": "MSA",
    "max_iter": "10",
    "codeword": "1",
    "tot": {
        "0.5": 100.0,
        "0.75": 100.0,
        "1.0": 100.0,
        "1.25": 102.0,
        "1.5": 104.0,
        "1.75": 113.0,
        "2.0": 136.0,
        "2.25": 228.0,
        "2.5": 538.0,
        "2.75": 1215.0,
        "3.0": 2315.0
    },
    "wec": {
        "0.5": 100.0,
        "0.75": 100.0,
        "1.0": 100.0,
        "1.25": 100.0,
        "1.5": 100.0,
        "1.75": 100.0,
        "2.0": 100.0,
        "2.25": 100.0,
        "2.5": 100.0,
        "2.75": 100.0,
        "3.0": 100.0
    },
    "wer": {
        "0.5": 1.0,
        "0.75": 1.0,
        "1.0": 1.0,
        "1.25": 0.9803921568627451,
        "1.5": 0.9615384615384616,
        "1.75": 0.8849557522123894,
        "2.0": 0.7352941176470589,
        "2.25": 0.43859649122807015,
        "2.5": 0.18587360594795538,
        "2.75": 0.0823045267489712,
        "3.0": 0.04319654427645788
    },
    "bec": {
        "0.5": 17020.0,
        "0.75": 15373.0,
        "1.0": 13130.0,
        "1.25": 11038.0,
        "1.5": 8257.0,
        "1.75": 6348.0,
        "2.0": 3952.0,
        "2.25": 2244.0,
        "2.5": 1227.0,
        "2.75": 861.0,
        "3.0": 326.0
    },
    "ber": {
        "0.5": 0.14183333333333334,
        "0.75": 0.12810833333333332,
        "1.0": 0.10941666666666666,
        "1.25": 0.09017973856209151,
        "1.5": 0.06616185897435897,
        "1.75": 0.0468141592920354,
        "2.0": 0.024215686274509804,
        "2.25": 0.008201754385964913,
        "2.5": 0.001900557620817844,
        "2.75": 0.0005905349794238683,
        "3.0": 0.00011735061195104392
    }
}