{
    "channel": "biawgn",
    "prefix": "1200_3_6_rand_ldpc",
    "decoder": "MSA",
    "sources": [
        "1200_3_6_rand_ldpc_1",
        "1200_3_6_rand_ldpc_10",
        "1200_3_6_rand_ldpc_2",
        "1200_3_6_rand_ldpc_3",
        "1200_3_6_rand_ldpc_4",
        "1200_3_6_rand_ldpc_5",
        "1200_3_6_rand_ldpc_6",
        "1200_3_6_rand_ldpc_7",
        "1200_3_6_rand_ldpc_8",
        "1200_3_6_rand_ldpc_9"
    ],
    "wer": {
        "1.25": 0.8929879372551935,
        "0.5": 0.9940594059405943,
        "2.5": 0.011011321516630295,
        "1.5": 0.6630993860508173,
        "1.75": 0.36190571202113186,
        "2.25": 0.030756910507323147,
        "3.0": 0.0058919214185753225,
        "2.0": 0.14151672640567733,
        "2.75": 0.006597276499738403,
        "0.275": 0.9990099009900991,
        "1.0": 0.9680914935055427,
        "0.75": 1.0
    },
    "ber": {
        "1.25": 0.09227603977831438,
        "0.5": 0.14161961221122113,
        "2.5": 0.0004887586752807986,
        "1.5": 0.060308343897297,
        "1.75": 0.029007521718914252,
        "2.25": 0.0017585058624228754,
        "3.0": 0.00018662730596273274,
        "2.0": 0.010047372367065942,
        "2.75": 0.00018837837723089326,
        "0.275": 0.1523326815181518,
        "1.0": 0.11334928133252305,
        "0.75": 0.12997916666666665
    }
}