{
    "channel": "biawgn",
    "code": "1200_rho_x5_rand_ldpc_4",
    "decoder": "MSA",
    "codeword": "1",
    "max_iter": "100",
    "tot": {
        "0.5": 100.0,
        "0.75": 105.0,
        "1.0": 132.0,
        "1.25": 162.0,
        "1.5": 205.0,
        "1.75": 277.0,
        "2.0": 338.0,
        "2.2": 408.0,
        "2.3": 447.0,
        "2.4": 415.0,
        "2.5": 470.0,
        "2.6": 463.0,
        "2.7": 437.0,
        "2.8": 550.0,
        "2.9": 450.0,
        "3.0": 586.0
    },
    "wec": {
        "0.5": 100.0,
        "0.75": 100.0,
        "1.0": 100.0,
        "1.25": 100.0,
        "1.5": 100.0,
        "1.75": 100.0,
        "2.0": 100.0,
        "2.2": 100.0,
        "2.3": 100.0,
        "2.4": 100.0,
        "2.5": 100.0,
        "2.6": 100.0,
        "2.7": 100.0,
        "2.8": 100.0,
        "2.9": 100.0,
        "3.0": 100.0
    },
    "wer": {
        "0.5": 1.0,
        "0.75": 0.9523809523809523,
        "1.0": 0.7575757575757576,
        "1.25": 0.6172839506172839,
        "1.5": 0.4878048780487805,
        "1.75": 0.36101083032490977,
        "2.0": 0.2958579881656805,
        "2.2": 0.24509803921568626,
        "2.3": 0.22371364653243847,
        "2.4": 0.24096385542168675,
        "2.5": 0.2127659574468085,
        "2.6": 0.2159827213822894,
        "2.7": 0.2288329519450801,
        "2.8": 0.18181818181818182,
        "2.9": 0.2222222222222222,
        "3.0": 0.17064846416382254
    },
    "bec": {
        "0.5": 15085.0,
        "0.75": 12512.0,
        "1.0": 8502.0,
        "1.25": 5227.0,
        "1.5": 2453.0,
        "1.75": 1247.0,
        "2.0": 422.0,
        "2.2": 407.0,
        "2.3": 415.0,
        "2.4": 268.0,
        "2.5": 286.0,
        "2.6": 215.0,
        "2.7": 270.0,
        "2.8": 156.0,
        "2.9": 223.0,
        "3.0": 166.0
    },
    "ber": {
        "0.5": 0.12570833333333334,
        "0.75": 0.09930158730158731,
        "1.0": 0.05367424242424242,
        "1.25": 0.026887860082304527,
        "1.5": 0.009971544715447155,
        "1.75": 0.0037515042117930203,
        "2.0": 0.0010404339250493096,
        "2.2": 0.0008312908496732026,
        "2.3": 0.0007736763609246831,
        "2.4": 0.0005381526104417671,
        "2.5": 0.0005070921985815603,
        "2.6": 0.00038696904247660185,
        "2.7": 0.0005148741418764302,
        "2.8": 0.00023636363636363636,
        "2.9": 0.00041296296296296296,
        "3.0": 0.0002360637087599545
    }
}