{
    "channel": "biawgn",
    "code": "1200_3_6_rand_ldpc_6",
    "decoder": "SPA",
    "max_iter": "100",
    "tot": {
        "0.5": 101.0,
        "0.75": 110.0,
        "1.0": 132.0,
        "1.25": 246.0,
        "1.5": 607.0,
        "1.75": 2397.0,
        "2.0": 10659.0,
        "2.25": 5537.0
    },
    "wec": {
        "0.5": 100.0,
        "0.75": 100.0,
        "1.0": 100.0,
        "1.25": 100.0,
        "1.5": 100.0,
        "1.75": 100.0,
        "2.0": 100.0,
        "2.25": 2.0
    },
    "wer": {
        "0.5": 0.9900990099009901,
        "0.75": 0.9090909090909091,
        "1.0": 0.7575757575757576,
        "1.25": 0.4065040650406504,
        "1.5": 0.16474464579901152,
        "1.75": 0.041718815185648725,
        "2.0": 0.00938174312787316,
        "2.25": 0.00036120642947444465
    },
    "bec": {
        "0.5": 12530.0,
        "0.75": 10890.0,
        "1.0": 9944.0,
        "1.25": 8814.0,
        "1.5": 8092.0,
        "1.75": 7233.0,
        "2.0": 7219.0,
        "2.25": 60.0
    },
    "ber": {
        "0.5": 0.10338283828382838,
        "0.75": 0.0825,
        "1.0": 0.06277777777777778,
        "1.25": 0.029857723577235772,
        "1.5": 0.011109280615046678,
        "1.75": 0.002514601585314977,
        "2.0": 0.0005643900303343028,
        "2.25": 9.030160736861116e-06
    }
}