{
    "channel": "biawgn",
    "code": "1200_3_6_rand_ldpc_7",
    "decoder": "SPA",
    "max_iter": "100",
    "tot": {
        "0.5": 101.0,
        "0.75": 110.0,
        "1.0": 123.0,
        "1.25": 238.0,
        "1.5": 643.0,
        "1.75": 2470.0,
        "2.0": 10956.0,
        "2.25": 4934.0
    },
    "wec": {
        "0.5": 100.0,
        "0.75": 100.0,
        "1.0": 100.0,
        "1.25": 100.0,
        "1.5": 100.0,
        "1.75": 100.0,
        "2.0": 100.0,
        "2.25": 5.0
    },
    "wer": {
        "0.5": 0.9900990099009901,
        "0.75": 0.9090909090909091,
        "1.0": 0.8130081300813008,
        "1.25": 0.42016806722689076,
        "1.5": 0.15552099533437014,
        "1.75": 0.04048582995951417,
        "2.0": 0.009127418765972983,
        "2.25": 0.0010133765707336846
    },
    "bec": {
        "0.5": 12430.0,
        "0.75": 10932.0,
        "1.0": 9582.0,
        "1.25": 8996.0,
        "1.5": 8108.0,
        "1.75": 7227.0,
        "2.0": 7245.0,
        "2.25": 263.0
    },
    "ber": {
        "0.5": 0.10255775577557756,
        "0.75": 0.08281818181818182,
        "1.0": 0.06491869918699188,
        "1.25": 0.03149859943977591,
        "1.5": 0.010508035251425608,
        "1.75": 0.002438259109311741,
        "2.0": 0.0005510679079956188,
        "2.25": 4.441967301715984e-05
    }
}