{
    "channel": "biawgn",
    "code": "1200_rho_x5_rand_ldpc_4",
    "decoder": "SPA",
    "codeword": "0",
    "max_iter": "100",
    "tot": {
        "0.5": 108.0,
        "0.75": 122.0,
        "1.0": 134.0,
        "1.25": 204.0,
        "1.5": 261.0,
        "1.75": 380.0,
        "2.0": 437.0,
        "2.25": 386.0,
        "2.5": 537.0,
        "2.75": 536.0,
        "3.0": 624.0
    },
    "wec": {
        "0.5": 100.0,
        "0.75": 100.0,
        "1.0": 100.0,
        "1.25": 100.0,
        "1.5": 100.0,
        "1.75": 100.0,
        "2.0": 100.0,
        "2.25": 100.0,
        "2.5": 100.0,
        "2.75": 100.0,
        "3.0": 100.0
    },
    "wer": {
        "0.5": 0.9259259259259259,
        "0.75": 0.819672131147541,
        "1.0": 0.746268656716418,
        "1.25": 0.49019607843137253,
        "1.5": 0.3831417624521073,
        "1.75": 0.2631578947368421,
        "2.0": 0.2288329519450801,
        "2.25": 0.25906735751295334,
        "2.5": 0.186219739292365,
        "2.75": 0.1865671641791045,
        "3.0": 0.16025641025641027
    },
    "bec": {
        "0.5": 8738.0,
        "0.75": 5705.0,
        "1.0": 4137.0,
        "1.25": 2489.0,
        "1.5": 1252.0,
        "1.75": 591.0,
        "2.0": 178.0,
        "2.25": 152.0,
        "2.5": 138.0,
        "2.75": 138.0,
        "3.0": 134.0
    },
    "ber": {
        "0.5": 0.06742283950617284,
        "0.75": 0.038968579234972676,
        "1.0": 0.025727611940298507,
        "1.25": 0.010167483660130719,
        "1.5": 0.003997445721583653,
        "1.75": 0.0012960526315789474,
        "2.0": 0.00033943554538520213,
        "2.25": 0.00032815198618307427,
        "2.5": 0.00021415270018621975,
        "2.75": 0.00021455223880597016,
        "3.0": 0.00017895299145299145
    }
}