{
    "channel": "biawgn",
    "code": "1200_3_6_ldpc",
    "decoder": "SPA",
    "max_iter": "10",
    "codeword": "0",
    "tot": {
        "0.5": 100.0,
        "0.75": 100.0,
        "1.0": 101.0,
        "1.25": 100.0,
        "1.5": 116.0,
        "1.75": 160.0,
        "2.0": 292.0,
        "2.25": 634.0,
        "2.5": 1229.0,
        "2.75": 2358.0,
        "3.0": 4475.0
    },
    "wec": {
        "0.5": 100.0,
        "0.75": 100.0,
        "1.0": 100.0,
        "1.25": 100.0,
        "1.5": 100.0,
        "1.75": 100.0,
        "2.0": 100.0,
        "2.25": 100.0,
        "2.5": 100.0,
        "2.75": 100.0,
        "3.0": 100.0
    },
    "wer": {
        "0.5": 1.0,
        "0.75": 1.0,
        "1.0": 0.9900990099009901,
        "1.25": 1.0,
        "1.5": 0.8620689655172413,
        "1.75": 0.625,
        "2.0": 0.3424657534246575,
        "2.25": 0.15772870662460567,
        "2.5": 0.08136696501220504,
        "2.75": 0.04240882103477523,
        "3.0": 0.0223463687150838
    },
    "bec": {
        "0.5": 12299.0,
        "0.75": 10841.0,
        "1.0": 8320.0,
        "1.25": 6272.0,
        "1.5": 4460.0,
        "1.75": 2327.0,
        "2.0": 1204.0,
        "2.25": 928.0,
        "2.5": 399.0,
        "2.75": 237.0,
        "3.0": 193.0
    },
    "ber": {
        "0.5": 0.10249166666666666,
        "0.75": 0.09034166666666667,
        "1.0": 0.06864686468646865,
        "1.25": 0.05226666666666667,
        "1.5": 0.03204022988505747,
        "1.75": 0.012119791666666666,
        "2.0": 0.0034360730593607307,
        "2.25": 0.0012197686645636172,
        "2.5": 0.0002705451586655818,
        "2.75": 8.375742154368108e-05,
        "3.0": 3.594040968342644e-05
    }
}