{
    "channel": "biawgn",
    "code": "1200_3_6_rand_ldpc_8",
    "decoder": "SPA",
    "max_iter": "100",
    "tot": {
        "0.5": 101.0,
        "0.75": 108.0,
        "1.0": 131.0,
        "1.25": 232.0,
        "1.5": 622.0,
        "1.75": 2751.0,
        "2.0": 10105.0,
        "2.25": 6303.0
    },
    "wec": {
        "0.5": 100.0,
        "0.75": 100.0,
        "1.0": 100.0,
        "1.25": 100.0,
        "1.5": 100.0,
        "1.75": 100.0,
        "2.0": 100.0,
        "2.25": 6.0
    },
    "wer": {
        "0.5": 0.9900990099009901,
        "0.75": 0.9259259259259259,
        "1.0": 0.7633587786259542,
        "1.25": 0.43103448275862066,
        "1.5": 0.1607717041800643,
        "1.75": 0.03635041802980734,
        "2.0": 0.009896091044037604,
        "2.25": 0.0009519276534983341
    },
    "bec": {
        "0.5": 12296.0,
        "0.75": 11003.0,
        "1.0": 9760.0,
        "1.25": 9021.0,
        "1.5": 8306.0,
        "1.75": 7434.0,
        "2.0": 7074.0,
        "2.25": 494.0
    },
    "ber": {
        "0.5": 0.10145214521452145,
        "0.75": 0.08489969135802469,
        "1.0": 0.06208651399491094,
        "1.25": 0.03240301724137931,
        "1.5": 0.011128081457663452,
        "1.75": 0.002251908396946565,
        "2.0": 0.0005833745670460168,
        "2.25": 6.531281400391348e-05
    }
}