{
    "channel": "biawgn",
    "prefix": "1200_rho_x5_rand_ldpc",
    "decoder": "MSA",
    "sources": [
        "1200_rho_x5_rand_ldpc_1",
        "1200_rho_x5_rand_ldpc_10",
        "1200_rho_x5_rand_ldpc_2",
        "1200_rho_x5_rand_ldpc_3",
        "1200_rho_x5_rand_ldpc_4",
        "1200_rho_x5_rand_ldpc_5",
        "1200_rho_x5_rand_ldpc_6",
        "1200_rho_x5_rand_ldpc_7",
        "1200_rho_x5_rand_ldpc_8",
        "1200_rho_x5_rand_ldpc_9"
    ],
    "ber": {
        "0.5": 0.12379732920875101,
        "2.7": 0.00035374774370587354,
        "2.4": 0.0005227877525686517,
        "3.0": 0.00022506924695423755,
        "2.9": 0.00027051260472882457,
        "1.25": 0.026238334707502718,
        "1.0": 0.05095378922803615,
        "2.3": 0.0006386822968468045,
        "1.5": 0.010109889152091992,
        "1.75": 0.0034802464686516815,
        "2.8": 0.0002795210776452212,
        "2.2": 0.000769115977342148,
        "2.6": 0.00037925889805350926,
        "2.5": 0.0004449378736332735,
        "0.75": 0.09652165525259232,
        "2.0": 0.0013098289246037008
    },
    "wer": {
        "0.5": 0.9796277792093478,
        "2.7": 0.14777039553749574,
        "2.4": 0.17518125320948505,
        "3.0": 0.1271724164598808,
        "2.9": 0.1356907111345911,
        "1.25": 0.5802001864500573,
        "1.0": 0.7693757037850221,
        "2.3": 0.184482241531371,
        "1.5": 0.4278994363920508,
        "1.75": 0.3069359202556399,
        "2.8": 0.1336196364032895,
        "2.2": 0.19637836958276603,
        "2.6": 0.15106733936636232,
        "2.5": 0.1689040918631653,
        "0.75": 0.9281793902963251,
        "2.0": 0.23767661737218537
    }
}