{
    "channel": "biawgn",
    "code": "1200_rho_x5_rand_ldpc_10",
    "decoder": "MSA",
    "codeword": "1",
    "max_iter": "100",
    "tot": {
        "0.5": 102.0,
        "0.75": 108.0,
        "1.0": 124.0,
        "1.25": 154.0,
        "1.5": 186.0,
        "1.75": 278.0,
        "2.0": 297.0,
        "2.2": 344.0,
        "2.3": 342.0,
        "2.4": 374.0,
        "2.5": 364.0,
        "2.6": 432.0,
        "2.7": 373.0,
        "2.8": 489.0,
        "2.9": 452.0,
        "3.0": 467.0
    },
    "wec": {
        "0.5": 100.0,
        "0.75": 100.0,
        "1.0": 100.0,
        "1.25": 100.0,
        "1.5": 100.0,
        "1.75": 100.0,
        "2.0": 100.0,
        "2.2": 100.0,
        "2.3": 100.0,
        "2.4": 100.0,
        "2.5": 100.0,
        "2.6": 100.0,
        "2.7": 100.0,
        "2.8": 100.0,
        "2.9": 100.0,
        "3.0": 100.0
    },
    "wer": {
        "0.5": 0.9803921568627451,
        "0.75": 0.9259259259259259,
        "1.0": 0.8064516129032258,
        "1.25": 0.6493506493506493,
        "1.5": 0.5376344086021505,
        "1.75": 0.3597122302158273,
        "2.0": 0.3367003367003367,
        "2.2": 0.29069767441860467,
        "2.3": 0.29239766081871343,
        "2.4": 0.26737967914438504,
        "2.5": 0.27472527472527475,
        "2.6": 0.23148148148148148,
        "2.7": 0.2680965147453083,
        "2.8": 0.20449897750511248,
        "2.9": 0.22123893805309736,
        "3.0": 0.21413276231263384
    },
    "bec": {
        "0.5": 15095.0,
        "0.75": 13150.0,
        "1.0": 7954.0,
        "1.25": 5158.0,
        "1.5": 2226.0,
        "1.75": 1296.0,
        "2.0": 416.0,
        "2.2": 331.0,
        "2.3": 307.0,
        "2.4": 323.0,
        "2.5": 252.0,
        "2.6": 199.0,
        "2.7": 235.0,
        "2.8": 219.0,
        "2.9": 159.0,
        "3.0": 197.0
    },
    "ber": {
        "0.5": 0.12332516339869282,
        "0.75": 0.10146604938271606,
        "1.0": 0.053454301075268815,
        "1.25": 0.02791125541125541,
        "1.5": 0.009973118279569893,
        "1.75": 0.003884892086330935,
        "2.0": 0.0011672278338945006,
        "2.2": 0.0008018410852713179,
        "2.3": 0.0007480506822612086,
        "2.4": 0.0007196969696969697,
        "2.5": 0.000576923076923077,
        "2.6": 0.0003838734567901235,
        "2.7": 0.0005250223413762288,
        "2.8": 0.00037321063394683027,
        "2.9": 0.000293141592920354,
        "3.0": 0.0003515346181299072
    }
}