{
    "channel": "biawgn",
    "code": "1200_3_6_ldpc",
    "decoder": "MSA",
    "max_iter": "3",
    "codeword": "1",
    "tot": {
        "0.5": 100.0,
        "0.75": 100.0,
        "1.0": 100.0,
        "1.25": 100.0,
        "1.5": 100.0,
        "1.75": 100.0,
        "2.0": 100.0,
        "2.25": 100.0,
        "2.5": 100.0,
        "2.75": 101.0,
        "3.0": 102.0
    },
    "wec": {
        "0.5": 100.0,
        "0.75": 100.0,
        "1.0": 100.0,
        "1.25": 100.0,
        "1.5": 100.0,
        "1.75": 100.0,
        "2.0": 100.0,
        "2.25": 100.0,
        "2.5": 100.0,
        "2.75": 100.0,
        "3.0": 100.0
    },
    "wer": {
        "0.5": 1.0,
        "0.75": 1.0,
        "1.0": 1.0,
        "1.25": 1.0,
        "1.5": 1.0,
        "1.75": 1.0,
        "2.0": 1.0,
        "2.25": 1.0,
        "2.5": 1.0,
        "2.75": 0.9900990099009901,
        "3.0": 0.9803921568627451
    },
    "bec": {
        "0.5": 15724.0,
        "0.75": 14303.0,
        "1.0": 12789.0,
        "1.25": 10855.0,
        "1.5": 9087.0,
        "1.75": 7850.0,
        "2.0": 6145.0,
        "2.25": 4851.0,
        "2.5": 3183.0,
        "2.75": 2374.0,
        "3.0": 1331.0
    },
    "ber": {
        "0.5": 0.13103333333333333,
        "0.75": 0.11919166666666667,
        "1.0": 0.106575,
        "1.25": 0.09045833333333334,
        "1.5": 0.075725,
        "1.75": 0.06541666666666666,
        "2.0": 0.051208333333333335,
        "2.25": 0.040425,
        "2.5": 0.026525,
        "2.75": 0.019587458745874586,
        "3.0": 0.010874183006535948
    }
}