{
    "channel": "biawgn",
    "code": "1200_3_6_rand_ldpc_8",
    "decoder": "MSA",
    "max_iter": "100",
    "tot": {
        "0.5": 101.0,
        "0.75": 100.0,
        "1.0": 103.0,
        "1.25": 116.0,
        "1.5": 143.0,
        "1.75": 296.0,
        "2.0": 751.0,
        "2.25": 3943.0,
        "2.5": 28785.0,
        "0.275": 101.0,
        "3.0": 69016.0,
        "2.75": 79049.0
    },
    "wec": {
        "0.5": 100.0,
        "0.75": 100.0,
        "1.0": 100.0,
        "1.25": 100.0,
        "1.5": 100.0,
        "1.75": 100.0,
        "2.0": 100.0,
        "2.25": 100.0,
        "2.5": 100.0,
        "0.275": 100.0,
        "3.0": 1.0,
        "2.75": 29.0
    },
    "wer": {
        "0.5": 0.9900990099009901,
        "0.75": 1.0,
        "1.0": 0.970873786407767,
        "1.25": 0.8620689655172413,
        "1.5": 0.6993006993006993,
        "1.75": 0.33783783783783783,
        "2.0": 0.13315579227696406,
        "2.25": 0.0253613999492772,
        "2.5": 0.0034740316136876847,
        "0.275": 0.9900990099009901,
        "3.0": 1.4489393763764924e-05,
        "2.75": 0.00036686106086098494
    },
    "bec": {
        "0.5": 16912.0,
        "0.75": 15572.0,
        "1.0": 14091.0,
        "1.25": 12562.0,
        "1.5": 10953.0,
        "1.75": 9757.0,
        "2.0": 8997.0,
        "2.25": 8089.0,
        "2.5": 7739.0,
        "0.275": 18259.0,
        "3.0": 34.0,
        "2.75": 2312.0
    },
    "ber": {
        "0.5": 0.13953795379537953,
        "0.75": 0.12976666666666667,
        "1.0": 0.11400485436893204,
        "1.25": 0.09024425287356322,
        "1.5": 0.06382867132867133,
        "1.75": 0.027469031531531532,
        "2.0": 0.00998335552596538,
        "2.25": 0.0017095697015808607,
        "2.5": 0.00022404608881940825,
        "0.275": 0.15065181518151816,
        "3.0": 4.1053282330667287e-07,
        "2.75": 2.4373068181339e-05
    }
}