{
    "channel": "biawgn",
    "code": "1200_3_6_ldpc",
    "decoder": "SPA",
    "max_iter": "100",
    "tot": {
        "0.5": 101.0,
        "0.75": 107.0,
        "1.0": 128.0,
        "1.25": 200.0,
        "1.5": 545.0,
        "1.75": 1300.0,
        "2.0": 1927.0,
        "2.25": 2725.0,
        "2.5": 3304.0,
        "2.75": 4602.0,
        "3.0": 5044.0
    },
    "wec": {
        "0.5": 100.0,
        "0.75": 100.0,
        "1.0": 100.0,
        "1.25": 100.0,
        "1.5": 100.0,
        "1.75": 100.0,
        "2.0": 100.0,
        "2.25": 100.0,
        "2.5": 100.0,
        "2.75": 100.0,
        "3.0": 100.0
    },
    "wer": {
        "0.5": 0.9900990099009901,
        "0.75": 0.9345794392523364,
        "1.0": 0.78125,
        "1.25": 0.5,
        "1.5": 0.1834862385321101,
        "1.75": 0.07692307692307693,
        "2.0": 0.05189413596263622,
        "2.25": 0.03669724770642202,
        "2.5": 0.03026634382566586,
        "2.75": 0.0217296827466319,
        "3.0": 0.019825535289452814
    },
    "bec": {
        "0.5": 12421.0,
        "0.75": 10830.0,
        "1.0": 9732.0,
        "1.25": 8210.0,
        "1.5": 6103.0,
        "1.75": 3674.0,
        "2.0": 1142.0,
        "2.25": 330.0,
        "2.5": 200.0,
        "2.75": 200.0,
        "3.0": 200.0
    },
    "ber": {
        "0.5": 0.10248349834983499,
        "0.75": 0.08434579439252336,
        "1.0": 0.063359375,
        "1.25": 0.034208333333333334,
        "1.5": 0.009331804281345566,
        "1.75": 0.002355128205128205,
        "2.0": 0.0004938591939110881,
        "2.25": 0.00010091743119266055,
        "2.5": 5.0443906376109764e-05,
        "2.75": 3.621613791105316e-05,
        "3.0": 3.304255881575469e-05
    }
}