{
    "channel": "biawgn",
    "code": "1200_3_6_ldpc",
    "decoder": "SPA",
    "max_iter": "6",
    "codeword": "0",
    "tot": {
        "0.5": 100.0,
        "0.75": 100.0,
        "1.0": 100.0,
        "1.25": 100.0,
        "1.5": 100.0,
        "1.75": 102.0,
        "2.0": 110.0,
        "2.25": 119.0,
        "2.5": 175.0,
        "2.75": 330.0,
        "3.0": 684.0
    },
    "wec": {
        "0.5": 100.0,
        "0.75": 100.0,
        "1.0": 100.0,
        "1.25": 100.0,
        "1.5": 100.0,
        "1.75": 100.0,
        "2.0": 100.0,
        "2.25": 100.0,
        "2.5": 100.0,
        "2.75": 100.0,
        "3.0": 100.0
    },
    "wer": {
        "0.5": 1.0,
        "0.75": 1.0,
        "1.0": 1.0,
        "1.25": 1.0,
        "1.5": 1.0,
        "1.75": 0.9803921568627451,
        "2.0": 0.9090909090909091,
        "2.25": 0.8403361344537815,
        "2.5": 0.5714285714285714,
        "2.75": 0.30303030303030304,
        "3.0": 0.14619883040935672
    },
    "bec": {
        "0.5": 12482.0,
        "0.75": 11077.0,
        "1.0": 8977.0,
        "1.25": 7605.0,
        "1.5": 5452.0,
        "1.75": 3344.0,
        "2.0": 2090.0,
        "2.25": 1146.0,
        "2.5": 647.0,
        "2.75": 468.0,
        "3.0": 304.0
    },
    "ber": {
        "0.5": 0.10401666666666666,
        "0.75": 0.09230833333333334,
        "1.0": 0.07480833333333334,
        "1.25": 0.063375,
        "1.5": 0.04543333333333333,
        "1.75": 0.027320261437908496,
        "2.0": 0.015833333333333335,
        "2.25": 0.008025210084033613,
        "2.5": 0.003080952380952381,
        "2.75": 0.0011818181818181819,
        "3.0": 0.00037037037037037035
    }
}