{
    "channel": "biawgn",
    "code": "1200_3_6_rand_ldpc_9",
    "decoder": "MSA",
    "max_iter": "100",
    "tot": {
        "0.5": 101.0,
        "0.75": 100.0,
        "1.0": 102.0,
        "1.25": 110.0,
        "1.5": 148.0,
        "1.75": 267.0,
        "2.0": 760.0,
        "2.25": 3650.0,
        "2.5": 26352.0,
        "0.275": 100.0,
        "3.0": 72707.0,
        "2.75": 80581.0
    },
    "wec": {
        "0.5": 100.0,
        "0.75": 100.0,
        "1.0": 100.0,
        "1.25": 100.0,
        "1.5": 100.0,
        "1.75": 100.0,
        "2.0": 100.0,
        "2.25": 100.0,
        "2.5": 100.0,
        "0.275": 100.0,
        "3.0": 2.0,
        "2.75": 24.0
    },
    "wer": {
        "0.5": 0.9900990099009901,
        "0.75": 1.0,
        "1.0": 0.9803921568627451,
        "1.25": 0.9090909090909091,
        "1.5": 0.6756756756756757,
        "1.75": 0.37453183520599254,
        "2.0": 0.13157894736842105,
        "2.25": 0.0273972602739726,
        "2.5": 0.0037947783849423193,
        "0.275": 1.0,
        "3.0": 2.7507667762388766e-05,
        "2.75": 0.00029783695908464775
    },
    "bec": {
        "0.5": 17300.0,
        "0.75": 15784.0,
        "1.0": 14128.0,
        "1.25": 12277.0,
        "1.5": 11008.0,
        "1.75": 9876.0,
        "2.0": 8740.0,
        "2.25": 7843.0,
        "2.5": 7873.0,
        "0.275": 18369.0,
        "3.0": 31.0,
        "2.75": 1648.0
    },
    "ber": {
        "0.5": 0.14273927392739275,
        "0.75": 0.13153333333333334,
        "1.0": 0.11542483660130719,
        "1.25": 0.09300757575757576,
        "1.5": 0.06198198198198198,
        "1.75": 0.030823970037453182,
        "2.0": 0.009583333333333333,
        "2.25": 0.0017906392694063927,
        "2.5": 0.000248969085205424,
        "0.275": 0.153075,
        "3.0": 3.5530737526418823e-07,
        "2.75": 1.704289265873262e-05
    }
}