{
    "channel": "biawgn",
    "code": "1200_3_6_rand_ldpc_4",
    "decoder": "SPA",
    "max_iter": "100",
    "tot": {
        "0.5": 101.0,
        "0.75": 108.0,
        "1.0": 138.0,
        "1.25": 245.0,
        "1.5": 607.0,
        "1.75": 2668.0,
        "2.0": 12429.0,
        "2.25": 4859.0
    },
    "wec": {
        "0.5": 100.0,
        "0.75": 100.0,
        "1.0": 100.0,
        "1.25": 100.0,
        "1.5": 100.0,
        "1.75": 100.0,
        "2.0": 100.0,
        "2.25": 6.0
    },
    "wer": {
        "0.5": 0.9900990099009901,
        "0.75": 0.9259259259259259,
        "1.0": 0.7246376811594203,
        "1.25": 0.40816326530612246,
        "1.5": 0.16474464579901152,
        "1.75": 0.037481259370314844,
        "2.0": 0.008045699573577923,
        "2.25": 0.001234821979831241
    },
    "bec": {
        "0.5": 12455.0,
        "0.75": 10765.0,
        "1.0": 9916.0,
        "1.25": 9237.0,
        "1.5": 8045.0,
        "1.75": 7674.0,
        "2.0": 7214.0,
        "2.25": 379.0
    },
    "ber": {
        "0.5": 0.10276402640264026,
        "0.75": 0.08306327160493827,
        "1.0": 0.0598792270531401,
        "1.25": 0.03141836734693878,
        "1.5": 0.011044755628775398,
        "1.75": 0.002396926536731634,
        "2.0": 0.00048368063936492613,
        "2.25": 6.499965699389449e-05
    }
}