{
    "channel": "biawgn",
    "code": "1200_3_6_ldpc",
    "decoder": "SPA",
    "max_iter": "40",
    "codeword": "0",
    "tot": {
        "0.5": 101.0,
        "0.75": 107.0,
        "1.0": 123.0,
        "1.25": 178.0,
        "1.5": 445.0,
        "1.75": 1056.0,
        "2.0": 1715.0,
        "2.25": 3011.0,
        "2.5": 3895.0,
        "2.75": 4173.0,
        "3.0": 4743.0
    },
    "wec": {
        "0.5": 100.0,
        "0.75": 100.0,
        "1.0": 100.0,
        "1.25": 100.0,
        "1.5": 100.0,
        "1.75": 100.0,
        "2.0": 100.0,
        "2.25": 100.0,
        "2.5": 100.0,
        "2.75": 100.0,
        "3.0": 100.0
    },
    "wer": {
        "0.5": 0.9900990099009901,
        "0.75": 0.9345794392523364,
        "1.0": 0.8130081300813008,
        "1.25": 0.5617977528089888,
        "1.5": 0.2247191011235955,
        "1.75": 0.0946969696969697,
        "2.0": 0.05830903790087463,
        "2.25": 0.033211557622052475,
        "2.5": 0.025673940949935817,
        "2.75": 0.023963575365444523,
        "3.0": 0.02108370229812355
    },
    "bec": {
        "0.5": 12415.0,
        "0.75": 10735.0,
        "1.0": 9350.0,
        "1.25": 8024.0,
        "1.5": 5788.0,
        "1.75": 4002.0,
        "2.0": 1298.0,
        "2.25": 576.0,
        "2.5": 257.0,
        "2.75": 200.0,
        "3.0": 200.0
    },
    "ber": {
        "0.5": 0.10243399339933994,
        "0.75": 0.08360591900311526,
        "1.0": 0.06334688346883469,
        "1.25": 0.03756554307116105,
        "1.5": 0.010838951310861423,
        "1.75": 0.0031581439393939393,
        "2.0": 0.000630709426627794,
        "2.25": 0.00015941547658585188,
        "2.5": 5.498502353444587e-05,
        "2.75": 3.993929227574087e-05,
        "3.0": 3.513950383020592e-05
    }
}