{
    "channel": "biawgn",
    "prefix": "1200_3_6_rand_ldpc",
    "decoder": "SPA",
    "sources": [
        "1200_3_6_rand_ldpc_1",
        "1200_3_6_rand_ldpc_10",
        "1200_3_6_rand_ldpc_2",
        "1200_3_6_rand_ldpc_3",
        "1200_3_6_rand_ldpc_4",
        "1200_3_6_rand_ldpc_5",
        "1200_3_6_rand_ldpc_6",
        "1200_3_6_rand_ldpc_7",
        "1200_3_6_rand_ldpc_8",
        "1200_3_6_rand_ldpc_9"
    ],
    "ber": {
        "2.25": 7.033919132887597e-05,
        "0.5": 0.10197423639422767,
        "0.75": 0.08299823258793383,
        "1.75": 0.002283385586121005,
        "1.25": 0.03179009049127586,
        "2.0": 0.0004688744456333629,
        "3.0": 3.500832439753936e-05,
        "2.75": 4.5292703962371874e-05,
        "2.5": 4.304536141942157e-05,
        "1.5": 0.010524215842415554,
        "1.0": 0.062459483095395486
    },
    "wer": {
        "2.25": 0.00791704294883206,
        "0.5": 0.9862162686856921,
        "0.75": 0.920938949240836,
        "1.75": 0.04258451827030019,
        "1.25": 0.4278415931228725,
        "2.0": 0.01442257299687163,
        "3.0": 0.021004994638523622,
        "2.75": 0.023421686799801427,
        "2.5": 0.025827216851652943,
        "1.5": 0.16081229063957167,
        "1.0": 0.7646482956763794
    }
}