{
    "channel": "biawgn",
    "code": "1200_3_6_rand_ldpc_6",
    "decoder": "MSA",
    "max_iter": "100",
    "tot": {
        "0.5": 100.0,
        "0.75": 100.0,
        "1.0": 104.0,
        "1.25": 110.0,
        "1.5": 144.0,
        "1.75": 294.0,
        "2.0": 821.0,
        "2.25": 3958.0,
        "2.5": 28904.0,
        "0.275": 100.0,
        "3.0": 67506.0,
        "2.75": 81231.0
    },
    "wec": {
        "0.5": 100.0,
        "0.75": 100.0,
        "1.0": 100.0,
        "1.25": 100.0,
        "1.5": 100.0,
        "1.75": 100.0,
        "2.0": 100.0,
        "2.25": 100.0,
        "2.5": 100.0,
        "0.275": 100.0,
        "3.0": 2.0,
        "2.75": 15.0
    },
    "wer": {
        "0.5": 1.0,
        "0.75": 1.0,
        "1.0": 0.9615384615384616,
        "1.25": 0.9090909090909091,
        "1.5": 0.6944444444444444,
        "1.75": 0.3401360544217687,
        "2.0": 0.1218026796589525,
        "2.25": 0.025265285497726123,
        "2.5": 0.0034597287572654305,
        "0.275": 1.0,
        "3.0": 2.962699611886351e-05,
        "2.75": 0.00018465856631089117
    },
    "bec": {
        "0.5": 16969.0,
        "0.75": 15756.0,
        "1.0": 14103.0,
        "1.25": 12248.0,
        "1.5": 10777.0,
        "1.75": 9790.0,
        "2.0": 9124.0,
        "2.25": 8038.0,
        "2.5": 7573.0,
        "0.275": 18201.0,
        "3.0": 138.0,
        "2.75": 1200.0
    },
    "ber": {
        "0.5": 0.14140833333333333,
        "0.75": 0.1313,
        "1.0": 0.1130048076923077,
        "1.25": 0.0927878787878788,
        "1.5": 0.06236689814814815,
        "1.75": 0.027749433106575964,
        "2.0": 0.009261063743402355,
        "2.25": 0.0016923530402560216,
        "2.5": 0.00021833771565642586,
        "0.275": 0.151675,
        "3.0": 1.7035522768346516e-06,
        "2.75": 1.2310571087392744e-05
    }
}