{
    "channel": "biawgn",
    "code": "1200_3_6_rand_ldpc_4",
    "decoder": "MSA",
    "max_iter": "100",
    "tot": {
        "0.5": 101.0,
        "0.75": 100.0,
        "1.0": 103.0,
        "1.25": 111.0,
        "1.5": 147.0,
        "1.75": 281.0,
        "2.0": 730.0,
        "2.25": 4546.0,
        "2.5": 29710.0,
        "0.275": 100.0,
        "3.0": 65566.0,
        "2.75": 78654.0
    },
    "wec": {
        "0.5": 100.0,
        "0.75": 100.0,
        "1.0": 100.0,
        "1.25": 100.0,
        "1.5": 100.0,
        "1.75": 100.0,
        "2.0": 100.0,
        "2.25": 100.0,
        "2.5": 100.0,
        "0.275": 100.0,
        "3.0": 2.0,
        "2.75": 17.0
    },
    "wer": {
        "0.5": 0.9900990099009901,
        "0.75": 1.0,
        "1.0": 0.970873786407767,
        "1.25": 0.9009009009009009,
        "1.5": 0.6802721088435374,
        "1.75": 0.35587188612099646,
        "2.0": 0.136986301369863,
        "2.25": 0.02199736031676199,
        "2.5": 0.003365870077415012,
        "0.275": 1.0,
        "3.0": 3.0503614678339382e-05,
        "2.75": 0.00021613649655452996
    },
    "bec": {
        "0.5": 17130.0,
        "0.75": 15543.0,
        "1.0": 14217.0,
        "1.25": 12413.0,
        "1.5": 10984.0,
        "1.75": 9798.0,
        "2.0": 9166.0,
        "2.25": 8294.0,
        "2.5": 7550.0,
        "0.275": 18385.0,
        "3.0": 98.0,
        "2.75": 1245.0
    },
    "ber": {
        "0.5": 0.14133663366336632,
        "0.75": 0.129525,
        "1.0": 0.1150242718446602,
        "1.25": 0.09319069069069069,
        "1.5": 0.06226757369614513,
        "1.75": 0.029056939501779358,
        "2.0": 0.010463470319634703,
        "2.25": 0.0015203842205601995,
        "2.5": 0.00021176932570402782,
        "0.275": 0.15320833333333334,
        "3.0": 1.2455642660321914e-06,
        "2.75": 1.3190683245607343e-05
    }
}