{
    "channel": "biawgn",
    "code": "1200_rho_x5_rand_ldpc_6",
    "decoder": "SPA",
    "codeword": "0",
    "max_iter": "100",
    "tot": {
        "0.5": 108.0,
        "0.75": 134.0,
        "1.0": 157.0,
        "1.25": 217.0,
        "1.5": 453.0,
        "1.75": 604.0,
        "2.0": 877.0,
        "2.25": 1044.0,
        "2.5": 1460.0,
        "2.75": 1269.0,
        "3.0": 1795.0
    },
    "wec": {
        "0.5": 100.0,
        "0.75": 100.0,
        "1.0": 100.0,
        "1.25": 100.0,
        "1.5": 100.0,
        "1.75": 100.0,
        "2.0": 100.0,
        "2.25": 100.0,
        "2.5": 100.0,
        "2.75": 100.0,
        "3.0": 100.0
    },
    "wer": {
        "0.5": 0.9259259259259259,
        "0.75": 0.746268656716418,
        "1.0": 0.6369426751592356,
        "1.25": 0.4608294930875576,
        "1.5": 0.22075055187637968,
        "1.75": 0.16556291390728478,
        "2.0": 0.11402508551881414,
        "2.25": 0.09578544061302682,
        "2.5": 0.0684931506849315,
        "2.75": 0.07880220646178093,
        "3.0": 0.055710306406685235
    },
    "bec": {
        "0.5": 8809.0,
        "0.75": 6840.0,
        "1.0": 4421.0,
        "1.25": 2670.0,
        "1.5": 1483.0,
        "1.75": 747.0,
        "2.0": 542.0,
        "2.25": 321.0,
        "2.5": 303.0,
        "2.75": 270.0,
        "3.0": 254.0
    },
    "ber": {
        "0.5": 0.06797067901234567,
        "0.75": 0.04253731343283582,
        "1.0": 0.02346602972399151,
        "1.25": 0.010253456221198156,
        "1.5": 0.002728108903605592,
        "1.75": 0.0010306291390728478,
        "2.0": 0.0005150133029266439,
        "2.25": 0.00025622605363984677,
        "2.5": 0.00017294520547945206,
        "2.75": 0.0001773049645390071,
        "3.0": 0.00011792014856081709
    }
}