{
    "channel": "biawgn",
    "code": "1200_3_6_ldpc",
    "decoder": "MSA",
    "max_iter": "100",
    "tot": {
        "0.5": 100.0,
        "0.75": 100.0,
        "1.0": 104.0,
        "1.25": 108.0,
        "1.5": 139.0,
        "1.75": 247.0,
        "2.0": 692.0,
        "2.25": 1406.0,
        "2.5": 4707.0,
        "2.75": 3336.0,
        "3.0": 3522.0
    },
    "wec": {
        "0.5": 100.0,
        "0.75": 100.0,
        "1.0": 100.0,
        "1.25": 100.0,
        "1.5": 100.0,
        "1.75": 100.0,
        "2.0": 100.0,
        "2.25": 100.0,
        "2.5": 200.0,
        "2.75": 100.0,
        "3.0": 100.0
    },
    "wer": {
        "0.5": 1.0,
        "0.75": 1.0,
        "1.0": 0.9615384615384616,
        "1.25": 0.9259259259259259,
        "1.5": 0.7194244604316546,
        "1.75": 0.4048582995951417,
        "2.0": 0.14450867052023122,
        "2.25": 0.07112375533428165,
        "2.5": 0.04248990864669641,
        "2.75": 0.02997601918465228,
        "3.0": 0.028392958546280524
    },
    "bec": {
        "0.5": 17045.0,
        "0.75": 15613.0,
        "1.0": 13813.0,
        "1.25": 11893.0,
        "1.5": 10474.0,
        "1.75": 8820.0,
        "2.0": 6724.0,
        "2.25": 2907.0,
        "2.5": 4817.0,
        "2.75": 2088.0,
        "3.0": 3567.0
    },
    "ber": {
        "0.5": 0.14204166666666668,
        "0.75": 0.13010833333333333,
        "1.0": 0.11068108974358974,
        "1.25": 0.09176697530864197,
        "1.5": 0.06279376498800959,
        "1.75": 0.029757085020242914,
        "2.0": 0.008097302504816956,
        "2.25": 0.001722972972972973,
        "2.5": 0.0008528078747964025,
        "2.75": 0.0005215827338129497,
        "3.0": 0.0008439806927881885
    }
}