{
    "channel": "biawgn",
    "code": "1200_3_6_rand_ldpc_1",
    "decoder": "MSA",
    "max_iter": "100",
    "tot": {
        "0.5": 100.0,
        "0.75": 100.0,
        "1.0": 103.0,
        "1.25": 107.0,
        "1.5": 152.0,
        "1.75": 281.0,
        "2.0": 634.0,
        "2.25": 4433.0,
        "2.5": 26850.0,
        "0.275": 100.0,
        "3.0": 71717.0,
        "2.75": 78291.0
    },
    "wec": {
        "0.5": 100.0,
        "0.75": 100.0,
        "1.0": 100.0,
        "1.25": 100.0,
        "1.5": 100.0,
        "1.75": 100.0,
        "2.0": 100.0,
        "2.25": 100.0,
        "2.5": 100.0,
        "0.275": 100.0,
        "3.0": 1.0,
        "2.75": 16.0
    },
    "wer": {
        "0.5": 1.0,
        "0.75": 1.0,
        "1.0": 0.970873786407767,
        "1.25": 0.9345794392523364,
        "1.5": 0.6578947368421053,
        "1.75": 0.35587188612099646,
        "2.0": 0.15772870662460567,
        "2.25": 0.022558087074216106,
        "2.5": 0.0037243947858473,
        "0.275": 1.0,
        "3.0": 1.3943695358143816e-05,
        "2.75": 0.00020436576362544865
    },
    "bec": {
        "0.5": 17055.0,
        "0.75": 15743.0,
        "1.0": 13898.0,
        "1.25": 12376.0,
        "1.5": 10707.0,
        "1.75": 9715.0,
        "2.0": 8674.0,
        "2.25": 8298.0,
        "2.5": 7458.0,
        "0.275": 18145.0,
        "3.0": 1.0,
        "2.75": 926.0
    },
    "ber": {
        "0.5": 0.142125,
        "0.75": 0.13119166666666668,
        "1.0": 0.11244336569579289,
        "1.25": 0.09638629283489096,
        "1.5": 0.058700657894736843,
        "1.75": 0.02881079478054567,
        "2.0": 0.011401156677181914,
        "2.25": 0.0015598917211820439,
        "2.5": 0.0002314711359404097,
        "0.275": 0.15120833333333333,
        "3.0": 1.1619746131786512e-08,
        "2.75": 9.856390474852368e-06
    }
}