{
    "channel": "biawgn",
    "code": "1200_3_6_rand_ldpc_3",
    "decoder": "MSA",
    "max_iter": "100",
    "tot": {
        "0.5": 100.0,
        "0.75": 100.0,
        "1.0": 104.0,
        "1.25": 111.0,
        "1.5": 155.0,
        "1.75": 283.0,
        "2.0": 576.0,
        "2.25": 1858.0,
        "2.5": 4638.0,
        "0.275": 100.0,
        "3.0": 6585.0,
        "2.75": 6479.0
    },
    "wec": {
        "0.5": 100.0,
        "0.75": 100.0,
        "1.0": 100.0,
        "1.25": 100.0,
        "1.5": 100.0,
        "1.75": 100.0,
        "2.0": 100.0,
        "2.25": 100.0,
        "2.5": 200.0,
        "0.275": 100.0,
        "3.0": 200.0,
        "2.75": 200.0
    },
    "wer": {
        "0.5": 1.0,
        "0.75": 1.0,
        "1.0": 0.9615384615384616,
        "1.25": 0.9009009009009009,
        "1.5": 0.6451612903225806,
        "1.75": 0.35335689045936397,
        "2.0": 0.1736111111111111,
        "2.25": 0.05382131324004306,
        "2.5": 0.043122035360069,
        "0.275": 1.0,
        "3.0": 0.030372057706909643,
        "2.75": 0.03086896125945362
    },
    "bec": {
        "0.5": 17086.0,
        "0.75": 15386.0,
        "1.0": 13860.0,
        "1.25": 12528.0,
        "1.5": 11128.0,
        "1.75": 9225.0,
        "2.0": 7639.0,
        "2.25": 5613.0,
        "2.5": 8035.0,
        "0.275": 18146.0,
        "3.0": 6086.0,
        "2.75": 7174.0
    },
    "ber": {
        "0.5": 0.14238333333333333,
        "0.75": 0.12821666666666667,
        "1.0": 0.1110576923076923,
        "1.25": 0.09405405405405405,
        "1.5": 0.05982795698924731,
        "1.75": 0.027164310954063603,
        "2.0": 0.011051793981481482,
        "2.25": 0.002517491926803014,
        "2.5": 0.0014436898088256431,
        "0.275": 0.15121666666666667,
        "3.0": 0.0007701847633510504,
        "2.75": 0.0009227247003138345
    }
}