{
    "channel": "biawgn",
    "code": "1200_3_6_rand_ldpc_9",
    "decoder": "SPA",
    "max_iter": "100",
    "tot": {
        "0.5": 102.0,
        "0.75": 110.0,
        "1.0": 132.0,
        "1.25": 228.0,
        "1.5": 624.0,
        "1.75": 2500.0,
        "2.0": 13265.0,
        "2.25": 3374.0
    },
    "wec": {
        "0.5": 100.0,
        "0.75": 100.0,
        "1.0": 100.0,
        "1.25": 100.0,
        "1.5": 100.0,
        "1.75": 100.0,
        "2.0": 100.0,
        "2.25": 6.0
    },
    "wer": {
        "0.5": 0.9803921568627451,
        "0.75": 0.9090909090909091,
        "1.0": 0.7575757575757576,
        "1.25": 0.43859649122807015,
        "1.5": 0.16025641025641027,
        "1.75": 0.04,
        "2.0": 0.007538635506973238,
        "2.25": 0.0017783046828689982
    },
    "bec": {
        "0.5": 12377.0,
        "0.75": 10943.0,
        "1.0": 9909.0,
        "1.25": 8768.0,
        "1.5": 8460.0,
        "1.75": 7638.0,
        "2.0": 7236.0,
        "2.25": 423.0
    },
    "ber": {
        "0.5": 0.10111928104575163,
        "0.75": 0.08290151515151516,
        "1.0": 0.06255681818181819,
        "1.25": 0.032046783625731,
        "1.5": 0.011298076923076923,
        "1.75": 0.002546,
        "2.0": 0.00045457972107048624,
        "2.25": 0.00010447540011855365
    }
}