{
    "channel": "biawgn",
    "prefix": "1200_3_6_rand_ldpc",
    "decoder": "MSA",
    "sources": [
        "1200_3_6_rand_ldpc_1",
        "1200_3_6_rand_ldpc_10",
        "1200_3_6_rand_ldpc_2",
        "1200_3_6_rand_ldpc_3",
        "1200_3_6_rand_ldpc_4",
        "1200_3_6_rand_ldpc_5",
        "1200_3_6_rand_ldpc_6",
        "1200_3_6_rand_ldpc_7",
        "1200_3_6_rand_ldpc_8",
        "1200_3_6_rand_ldpc_9"
    ],
    "ber": {
        "1.0": 0.11251833333333335,
        "2.0": 0.022650592414764543,
        "3.0": 5.151605062242735e-05,
        "1.75": 0.04755074502195826,
        "2.75": 0.0004178296215541316,
        "2.25": 0.008316446650436727,
        "2.5": 0.002093873283361018,
        "1.5": 0.06638311162024756,
        "0.5": 0.1399325,
        "0.75": 0.12771833333333332,
        "1.25": 0.09075939299812334
    },
    "wer": {
        "1.0": 1.0,
        "2.0": 0.6996426459688073,
        "3.0": 0.015003188544071105,
        "1.75": 0.8949728381618025,
        "2.75": 0.05338988090061349,
        "2.25": 0.4029284182354319,
        "2.5": 0.16494701783321047,
        "1.5": 0.9692259774821761,
        "0.5": 1.0,
        "0.75": 1.0,
        "1.25": 0.9950689186565714
    }
}