{
    "channel": "biawgn",
    "code": "1200_3_6_rand_ldpc_2",
    "decoder": "MSA",
    "max_iter": "100",
    "tot": {
        "0.5": 101.0,
        "0.75": 100.0,
        "1.0": 104.0,
        "1.25": 118.0,
        "1.5": 149.0,
        "1.75": 242.0,
        "2.0": 589.0,
        "2.25": 5068.0,
        "2.5": 5273.0,
        "0.275": 100.0,
        "3.0": 7050.0,
        "2.75": 6051.0
    },
    "wec": {
        "0.5": 100.0,
        "0.75": 100.0,
        "1.0": 100.0,
        "1.25": 100.0,
        "1.5": 100.0,
        "1.75": 100.0,
        "2.0": 100.0,
        "2.25": 300.0,
        "2.5": 200.0,
        "0.275": 100.0,
        "3.0": 200.0,
        "2.75": 200.0
    },
    "wer": {
        "0.5": 0.9900990099009901,
        "0.75": 1.0,
        "1.0": 0.9615384615384616,
        "1.25": 0.847457627118644,
        "1.5": 0.6711409395973155,
        "1.75": 0.4132231404958678,
        "2.0": 0.1697792869269949,
        "2.25": 0.05919494869771113,
        "2.5": 0.037929072634174096,
        "0.275": 1.0,
        "3.0": 0.028368794326241134,
        "2.75": 0.03305238803503553
    },
    "bec": {
        "0.5": 17255.0,
        "0.75": 15513.0,
        "1.0": 14110.0,
        "1.25": 12592.0,
        "1.5": 10740.0,
        "1.75": 9270.0,
        "2.0": 7124.0,
        "2.25": 11350.0,
        "2.5": 10071.0,
        "0.275": 18525.0,
        "3.0": 9215.0,
        "2.75": 6076.0
    },
    "ber": {
        "0.5": 0.14236798679867987,
        "0.75": 0.129275,
        "1.0": 0.11306089743589744,
        "1.25": 0.08892655367231639,
        "1.5": 0.060067114093959734,
        "1.75": 0.031921487603305786,
        "2.0": 0.010079230333899264,
        "2.25": 0.0018662851881083924,
        "2.5": 0.0015915987104115304,
        "0.275": 0.154375,
        "3.0": 0.001089243498817967,
        "2.75": 0.0008367762904203162
    }
}