{
    "channel": "biawgn",
    "code": "margulis",
    "decoder": "ADMM",
    "codeword": "1",
    "mu": "3.0",
    "eps": "1e-05",
    "tot": {
        "0.5": 100.0,
        "0.75": 100.0,
        "1.0": 100.0,
        "1.25": 105.0,
        "1.5": 152.0,
        "1.75": 383.0,
        "2.0": 2505.0,
        "2.25": 63701.0,
        "2.5": 377898.0
    },
    "wec": {
        "0.5": 100.0,
        "0.75": 100.0,
        "1.0": 100.0,
        "1.25": 100.0,
        "1.5": 100.0,
        "1.75": 100.0,
        "2.0": 100.0,
        "2.25": 100.0,
        "2.5": 13.0
    },
    "wer": {
        "0.5": 1.0,
        "0.75": 1.0,
        "1.0": 1.0,
        "1.25": 0.9523809523809523,
        "1.5": 0.6578947368421053,
        "1.75": 0.26109660574412535,
        "2.0": 0.03992015968063872,
        "2.25": 0.0015698340685389555,
        "2.5": 3.440081715171819e-05
    },
    "bec": {
        "0.5": 28755.0,
        "0.75": 23659.0,
        "1.0": 19872.0,
        "1.25": 15164.0,
        "1.5": 9568.0,
        "1.75": 7707.0,
        "2.0": 5320.0,
        "2.25": 4498.0,
        "2.5": 404.0
    },
    "ber": {
        "0.5": 0.10892045454545454,
        "0.75": 0.08961742424242425,
        "1.0": 0.07527272727272727,
        "1.25": 0.054704184704184707,
        "1.5": 0.023843700159489632,
        "1.75": 0.007622240683598386,
        "2.0": 0.0008044517026552955,
        "2.25": 2.6746642576849323e-05,
        "2.5": 4.0495134409365234e-07
    }
}