{
    "channel": "biawgn",
    "code": "1200_3_6_rand_ldpc_3",
    "decoder": "SPA",
    "max_iter": "100",
    "tot": {
        "0.5": 102.0,
        "0.75": 108.0,
        "1.0": 131.0,
        "1.25": 239.0,
        "1.5": 584.0,
        "1.75": 1619.0,
        "2.0": 2542.0,
        "2.25": 2913.0,
        "2.5": 4032.0,
        "2.75": 4420.0,
        "3.0": 4640.0
    },
    "wec": {
        "0.5": 100.0,
        "0.75": 100.0,
        "1.0": 100.0,
        "1.25": 100.0,
        "1.5": 100.0,
        "1.75": 100.0,
        "2.0": 100.0,
        "2.25": 100.0,
        "2.5": 100.0,
        "2.75": 100.0,
        "3.0": 100.0
    },
    "wer": {
        "0.5": 0.9803921568627451,
        "0.75": 0.9259259259259259,
        "1.0": 0.7633587786259542,
        "1.25": 0.41841004184100417,
        "1.5": 0.17123287671232876,
        "1.75": 0.06176652254478073,
        "2.0": 0.03933910306845004,
        "2.25": 0.03432887058015791,
        "2.5": 0.0248015873015873,
        "2.75": 0.02262443438914027,
        "3.0": 0.021551724137931036
    },
    "bec": {
        "0.5": 12292.0,
        "0.75": 10488.0,
        "1.0": 9751.0,
        "1.25": 8575.0,
        "1.5": 6703.0,
        "1.75": 3540.0,
        "2.0": 905.0,
        "2.25": 362.0,
        "2.5": 200.0,
        "2.75": 200.0,
        "3.0": 200.0
    },
    "ber": {
        "0.5": 0.10042483660130719,
        "0.75": 0.08092592592592593,
        "1.0": 0.06202926208651399,
        "1.25": 0.029898884239888426,
        "1.5": 0.009564783105022831,
        "1.75": 0.0018221124150710314,
        "2.0": 0.0002966824023078941,
        "2.25": 0.00010355875958347637,
        "2.5": 4.1335978835978834e-05,
        "2.75": 3.770739064856712e-05,
        "3.0": 3.591954022988506e-05
    }
}