{
    "channel": "biawgn",
    "code": "1200_3_6_rand_ldpc_6",
    "decoder": "MSA",
    "max_iter": "10",
    "codeword": "1",
    "tot": {
        "0.5": 100.0,
        "0.75": 100.0,
        "1.0": 100.0,
        "1.25": 100.0,
        "1.5": 102.0,
        "1.75": 111.0,
        "2.0": 140.0,
        "2.25": 262.0,
        "2.5": 692.0,
        "2.75": 2138.0,
        "3.0": 13760.0
    },
    "wec": {
        "0.5": 100.0,
        "0.75": 100.0,
        "1.0": 100.0,
        "1.25": 100.0,
        "1.5": 100.0,
        "1.75": 100.0,
        "2.0": 100.0,
        "2.25": 100.0,
        "2.5": 100.0,
        "2.75": 100.0,
        "3.0": 100.0
    },
    "wer": {
        "0.5": 1.0,
        "0.75": 1.0,
        "1.0": 1.0,
        "1.25": 1.0,
        "1.5": 0.9803921568627451,
        "1.75": 0.9009009009009009,
        "2.0": 0.7142857142857143,
        "2.25": 0.3816793893129771,
        "2.5": 0.14450867052023122,
        "2.75": 0.04677268475210477,
        "3.0": 0.007267441860465116
    },
    "bec": {
        "0.5": 16809.0,
        "0.75": 15155.0,
        "1.0": 13459.0,
        "1.25": 10927.0,
        "1.5": 8024.0,
        "1.75": 6270.0,
        "2.0": 3821.0,
        "2.25": 2344.0,
        "2.5": 1940.0,
        "2.75": 1066.0,
        "3.0": 571.0
    },
    "ber": {
        "0.5": 0.140075,
        "0.75": 0.12629166666666666,
        "1.0": 0.11215833333333333,
        "1.25": 0.09105833333333334,
        "1.5": 0.06555555555555556,
        "1.75": 0.04707207207207207,
        "2.0": 0.02274404761904762,
        "2.25": 0.007455470737913486,
        "2.5": 0.002336223506743738,
        "2.75": 0.00041549734954786404,
        "3.0": 3.458091085271318e-05
    }
}