{
    "channel": "biawgn",
    "code": "1200_3_6_rand_ldpc_10",
    "decoder": "MSA",
    "max_iter": "100",
    "tot": {
        "0.5": 100.0,
        "0.75": 100.0,
        "1.0": 103.0,
        "1.25": 118.0,
        "1.5": 155.0,
        "1.75": 258.0,
        "2.0": 768.0,
        "2.25": 4442.0,
        "2.5": 25300.0,
        "0.275": 100.0,
        "3.0": 68946.0,
        "2.75": 78019.0
    },
    "wec": {
        "0.5": 100.0,
        "0.75": 100.0,
        "1.0": 100.0,
        "1.25": 100.0,
        "1.5": 100.0,
        "1.75": 100.0,
        "2.0": 100.0,
        "2.25": 100.0,
        "2.5": 100.0,
        "0.275": 100.0,
        "3.0": 1.0,
        "2.75": 20.0
    },
    "wer": {
        "0.5": 1.0,
        "0.75": 1.0,
        "1.0": 0.970873786407767,
        "1.25": 0.847457627118644,
        "1.5": 0.6451612903225806,
        "1.75": 0.3875968992248062,
        "2.0": 0.13020833333333334,
        "2.25": 0.0225123818099955,
        "2.5": 0.003952569169960474,
        "0.275": 1.0,
        "3.0": 1.4504104661619237e-05,
        "2.75": 0.000256347812712288
    },
    "bec": {
        "0.5": 16987.0,
        "0.75": 15287.0,
        "1.0": 14083.0,
        "1.25": 12160.0,
        "1.5": 10969.0,
        "1.75": 9317.0,
        "2.0": 8757.0,
        "2.25": 8703.0,
        "2.5": 7978.0,
        "0.275": 18392.0,
        "3.0": 1.0,
        "2.75": 1494.0
    },
    "ber": {
        "0.5": 0.14155833333333334,
        "0.75": 0.12739166666666665,
        "1.0": 0.11394012944983818,
        "1.25": 0.08587570621468926,
        "1.5": 0.05897311827956989,
        "1.75": 0.030093669250645994,
        "2.0": 0.009501953125,
        "2.25": 0.0016327104907699235,
        "2.5": 0.00026277997364953885,
        "0.275": 0.15326666666666666,
        "3.0": 1.2086753884682698e-08,
        "2.75": 1.595765134133993e-05
    }
}