{
    "channel": "biawgn",
    "code": "1200_3_6_rand_ldpc_1",
    "decoder": "SPA",
    "max_iter": "100",
    "tot": {
        "0.5": 102.0,
        "0.75": 110.0,
        "1.0": 128.0,
        "1.25": 249.0,
        "1.5": 653.0,
        "1.75": 2621.0,
        "2.0": 13163.0,
        "2.25": 2778.0
    },
    "wec": {
        "0.5": 100.0,
        "0.75": 100.0,
        "1.0": 100.0,
        "1.25": 100.0,
        "1.5": 100.0,
        "1.75": 100.0,
        "2.0": 100.0,
        "2.25": 4.0
    },
    "wer": {
        "0.5": 0.9803921568627451,
        "0.75": 0.9090909090909091,
        "1.0": 0.78125,
        "1.25": 0.40160642570281124,
        "1.5": 0.15313935681470137,
        "1.75": 0.03815337657382678,
        "2.0": 0.007597052343690648,
        "2.25": 0.0014398848092152627
    },
    "bec": {
        "0.5": 12345.0,
        "0.75": 11114.0,
        "1.0": 9731.0,
        "1.25": 9504.0,
        "1.5": 8289.0,
        "1.75": 7840.0,
        "2.0": 7022.0,
        "2.25": 210.0
    },
    "ber": {
        "0.5": 0.1008578431372549,
        "0.75": 0.0841969696969697,
        "1.0": 0.06335286458333333,
        "1.25": 0.03180722891566265,
        "1.5": 0.010578101071975498,
        "1.75": 0.0024926872694900166,
        "2.0": 0.00044455417964496443,
        "2.25": 6.299496040316775e-05
    }
}