{
    "channel": "biawgn",
    "code": "1200_3_6_rand_ldpc_10",
    "decoder": "SPA",
    "max_iter": "100",
    "tot": {
        "0.5": 102.0,
        "0.75": 106.0,
        "1.0": 127.0,
        "1.25": 228.0,
        "1.5": 716.0,
        "1.75": 2649.0,
        "2.0": 12429.0,
        "2.25": 4209.0
    },
    "wec": {
        "0.5": 100.0,
        "0.75": 100.0,
        "1.0": 100.0,
        "1.25": 100.0,
        "1.5": 100.0,
        "1.75": 100.0,
        "2.0": 100.0,
        "2.25": 4.0
    },
    "wer": {
        "0.5": 0.9803921568627451,
        "0.75": 0.9433962264150944,
        "1.0": 0.7874015748031497,
        "1.25": 0.43859649122807015,
        "1.5": 0.13966480446927373,
        "1.75": 0.03775009437523594,
        "2.0": 0.008045699573577923,
        "2.25": 0.000950344499881207
    },
    "bec": {
        "0.5": 12377.0,
        "0.75": 10627.0,
        "1.0": 9565.0,
        "1.25": 9556.0,
        "1.5": 8054.0,
        "1.75": 7290.0,
        "2.0": 7236.0,
        "2.25": 256.0
    },
    "ber": {
        "0.5": 0.10111928104575163,
        "0.75": 0.08354559748427673,
        "1.0": 0.06276246719160106,
        "1.25": 0.03492690058479532,
        "1.5": 0.009373836126629422,
        "1.75": 0.0022933182332955833,
        "2.0": 0.0004851556842867487,
        "2.25": 5.068503999366437e-05
    }
}