{
    "channel": "biawgn",
    "code": "1200_3_6_rand_ldpc_5",
    "decoder": "MSA",
    "max_iter": "100",
    "tot": {
        "0.5": 101.0,
        "0.75": 100.0,
        "1.0": 104.0,
        "1.25": 111.0,
        "1.5": 160.0,
        "1.75": 289.0,
        "2.0": 781.0,
        "2.25": 4085.0,
        "2.5": 24943.0,
        "0.275": 100.0,
        "3.0": 72028.0,
        "2.75": 80589.0
    },
    "wec": {
        "0.5": 100.0,
        "0.75": 100.0,
        "1.0": 100.0,
        "1.25": 100.0,
        "1.5": 100.0,
        "1.75": 100.0,
        "2.0": 100.0,
        "2.25": 100.0,
        "2.5": 100.0,
        "0.275": 100.0,
        "3.0": 0.0,
        "2.75": 20.0
    },
    "wer": {
        "0.5": 0.9900990099009901,
        "0.75": 1.0,
        "1.0": 0.9615384615384616,
        "1.25": 0.9009009009009009,
        "1.5": 0.625,
        "1.75": 0.3460207612456747,
        "2.0": 0.12804097311139565,
        "2.25": 0.02447980416156671,
        "2.5": 0.004009140841117749,
        "0.275": 1.0,
        "3.0": 0.0,
        "2.75": 0.0002481728275571108
    },
    "bec": {
        "0.5": 17104.0,
        "0.75": 15815.0,
        "1.0": 14066.0,
        "1.25": 12599.0,
        "1.5": 10662.0,
        "1.75": 9788.0,
        "2.0": 8766.0,
        "2.25": 7852.0,
        "2.5": 7395.0,
        "0.275": 18182.0,
        "3.0": 0.0,
        "2.75": 1528.0
    },
    "ber": {
        "0.5": 0.14112211221122112,
        "0.75": 0.13179166666666667,
        "1.0": 0.11270833333333333,
        "1.25": 0.09458708708708709,
        "1.5": 0.05553125,
        "1.75": 0.028223760092272204,
        "2.0": 0.009353393085787452,
        "2.25": 0.0016017951856385148,
        "2.5": 0.00024706330433388123,
        "0.275": 0.15151666666666666,
        "3.0": 0.0,
        "2.75": 1.580033668780272e-05
    }
}