{
    "channel": "biawgn",
    "code": "1200_3_6_rand_ldpc_2",
    "decoder": "SPA",
    "max_iter": "100",
    "tot": {
        "0.5": 101.0,
        "0.75": 108.0,
        "1.0": 132.0,
        "1.25": 219.0,
        "1.5": 523.0,
        "1.75": 1757.0,
        "2.0": 2668.0,
        "2.25": 2783.0,
        "2.5": 3724.0,
        "2.75": 4129.0,
        "3.0": 4888.0
    },
    "wec": {
        "0.5": 100.0,
        "0.75": 100.0,
        "1.0": 100.0,
        "1.25": 100.0,
        "1.5": 100.0,
        "1.75": 100.0,
        "2.0": 100.0,
        "2.25": 100.0,
        "2.5": 100.0,
        "2.75": 100.0,
        "3.0": 100.0
    },
    "wer": {
        "0.5": 0.9900990099009901,
        "0.75": 0.9259259259259259,
        "1.0": 0.7575757575757576,
        "1.25": 0.45662100456621,
        "1.5": 0.19120458891013384,
        "1.75": 0.056915196357427436,
        "2.0": 0.037481259370314844,
        "2.25": 0.035932446999640676,
        "2.5": 0.02685284640171858,
        "2.75": 0.024218939210462583,
        "3.0": 0.020458265139116204
    },
    "bec": {
        "0.5": 12486.0,
        "0.75": 10615.0,
        "1.0": 9920.0,
        "1.25": 8376.0,
        "1.5": 6669.0,
        "1.75": 3860.0,
        "2.0": 1127.0,
        "2.25": 414.0,
        "2.5": 200.0,
        "2.75": 262.0,
        "3.0": 200.0
    },
    "ber": {
        "0.5": 0.10301980198019801,
        "0.75": 0.08190586419753086,
        "1.0": 0.06262626262626263,
        "1.25": 0.03187214611872146,
        "1.5": 0.010626195028680688,
        "1.75": 0.001830772149497249,
        "2.0": 0.00035201149425287355,
        "2.25": 0.00012396694214876033,
        "2.5": 4.475474400286431e-05,
        "2.75": 5.2878017276176635e-05,
        "3.0": 3.409710856519367e-05
    }
}