{
    "channel": "biawgn",
    "code": "1200_rho_x5_rand_ldpc_3",
    "decoder": "SPA",
    "codeword": "0",
    "max_iter": "100",
    "tot": {
        "0.5": 108.0,
        "0.75": 122.0,
        "1.0": 159.0,
        "1.25": 254.0,
        "1.5": 494.0,
        "1.75": 683.0,
        "2.0": 1210.0,
        "2.25": 1393.0,
        "2.5": 1534.0,
        "2.75": 1736.0,
        "3.0": 2048.0
    },
    "wec": {
        "0.5": 100.0,
        "0.75": 100.0,
        "1.0": 100.0,
        "1.25": 100.0,
        "1.5": 100.0,
        "1.75": 100.0,
        "2.0": 100.0,
        "2.25": 100.0,
        "2.5": 100.0,
        "2.75": 100.0,
        "3.0": 100.0
    },
    "wer": {
        "0.5": 0.9259259259259259,
        "0.75": 0.819672131147541,
        "1.0": 0.6289308176100629,
        "1.25": 0.3937007874015748,
        "1.5": 0.20242914979757085,
        "1.75": 0.14641288433382138,
        "2.0": 0.08264462809917356,
        "2.25": 0.07178750897343862,
        "2.5": 0.0651890482398957,
        "2.75": 0.0576036866359447,
        "3.0": 0.048828125
    },
    "bec": {
        "0.5": 9288.0,
        "0.75": 5537.0,
        "1.0": 4779.0,
        "1.25": 2983.0,
        "1.5": 1820.0,
        "1.75": 1044.0,
        "2.0": 619.0,
        "2.25": 300.0,
        "2.5": 283.0,
        "2.75": 282.0,
        "3.0": 231.0
    },
    "ber": {
        "0.5": 0.07166666666666667,
        "0.75": 0.037821038251366124,
        "1.0": 0.025047169811320755,
        "1.25": 0.009786745406824147,
        "1.5": 0.0030701754385964912,
        "1.75": 0.001273792093704246,
        "2.0": 0.0004263085399449036,
        "2.25": 0.00017946877243359656,
        "2.5": 0.0001537375054324207,
        "2.75": 0.00013536866359447006,
        "3.0": 9.3994140625e-05
    }
}