{
    "channel": "biawgn",
    "code": "1200_3_6_rand_ldpc_5",
    "decoder": "SPA",
    "max_iter": "100",
    "tot": {
        "0.5": 101.0,
        "0.75": 108.0,
        "1.0": 135.0,
        "1.25": 218.0,
        "1.5": 681.0,
        "1.75": 2839.0,
        "2.0": 12865.0,
        "2.25": 3392.0
    },
    "wec": {
        "0.5": 100.0,
        "0.75": 100.0,
        "1.0": 100.0,
        "1.25": 100.0,
        "1.5": 100.0,
        "1.75": 100.0,
        "2.0": 100.0,
        "2.25": 4.0
    },
    "wer": {
        "0.5": 0.9900990099009901,
        "0.75": 0.9259259259259259,
        "1.0": 0.7407407407407407,
        "1.25": 0.45871559633027525,
        "1.5": 0.14684287812041116,
        "1.75": 0.03522367030644593,
        "2.0": 0.00777302759424796,
        "2.25": 0.0011792452830188679
    },
    "bec": {
        "0.5": 12489.0,
        "0.75": 10786.0,
        "1.0": 9980.0,
        "1.25": 8416.0,
        "1.5": 8181.0,
        "1.75": 7656.0,
        "2.0": 7306.0,
        "2.25": 301.0
    },
    "ber": {
        "0.5": 0.10304455445544554,
        "0.75": 0.0832253086419753,
        "1.0": 0.06160493827160494,
        "1.25": 0.03217125382262997,
        "1.5": 0.010011013215859031,
        "1.75": 0.0022472701655512507,
        "2.0": 0.0004732478300297966,
        "2.25": 7.394850628930817e-05
    }
}