{
    "channel": "bsc",
    "code": "1200_3_6_ldpc",
    "decoder": "SPA",
    "max_iter": "40",
    "codeword": "0",
    "tot": {
        "0.1": 101.0,
        "0.09": 115.0,
        "0.08": 211.0,
        "0.07": 875.0,
        "0.06": 4909.0,
        "0.05": 19178.0,
        "0.04": 25020.0
    },
    "wec": {
        "0.1": 100.0,
        "0.09": 100.0,
        "0.08": 100.0,
        "0.07": 100.0,
        "0.06": 100.0,
        "0.05": 100.0,
        "0.04": 100.0
    },
    "wer": {
        "0.1": 0.9900990099009901,
        "0.09": 0.8695652173913043,
        "0.08": 0.47393364928909953,
        "0.07": 0.11428571428571428,
        "0.06": 0.020370747606437156,
        "0.05": 0.005214308061320263,
        "0.04": 0.003996802557953637
    },
    "bec": {
        "0.1": 10438.0,
        "0.09": 8554.0,
        "0.08": 7070.0,
        "0.07": 5185.0,
        "0.06": 3577.0,
        "0.05": 869.0,
        "0.04": 200.0
    },
    "ber": {
        "0.1": 0.08612211221122112,
        "0.09": 0.06198550724637681,
        "0.08": 0.027922590837282782,
        "0.07": 0.004938095238095238,
        "0.06": 0.0006072180349018809,
        "0.05": 3.776028087739424e-05,
        "0.04": 6.661337596589395e-06
    }
}