{
    "channel": "bsc",
    "code": "1200_3_6_rand_ldpc_6",
    "decoder": "SPA",
    "max_iter": "100",
    "tot": {
        "0.1": 101.0,
        "0.09": 121.0,
        "0.08": 235.0,
        "0.07": 1258.0,
        "0.06": 14574.0,
        "0.05": 479732.0
    },
    "wec": {
        "0.1": 100.0,
        "0.09": 100.0,
        "0.08": 100.0,
        "0.07": 100.0,
        "0.06": 100.0,
        "0.05": 69.0
    },
    "wer": {
        "0.1": 0.9900990099009901,
        "0.09": 0.8264462809917356,
        "0.08": 0.425531914893617,
        "0.07": 0.0794912559618442,
        "0.06": 0.006861534239055853,
        "0.05": 0.0001438303052537667
    },
    "bec": {
        "0.1": 10565.0,
        "0.09": 8745.0,
        "0.08": 7416.0,
        "0.07": 7049.0,
        "0.06": 6177.0,
        "0.05": 3072.0
    },
    "ber": {
        "0.1": 0.08716996699669967,
        "0.09": 0.060227272727272727,
        "0.08": 0.02629787234042553,
        "0.07": 0.004669448860625331,
        "0.06": 0.0003531974749554,
        "0.05": 5.336312774632503e-06
    }
}