{
    "channel": "bsc",
    "code": "1200_3_6_rand_ldpc_2",
    "decoder": "SPA",
    "max_iter": "100",
    "tot": {
        "0.1": 100.0,
        "0.09": 130.0,
        "0.08": 250.0,
        "0.07": 1098.0,
        "0.06": 7077.0,
        "0.05": 19141.0
    },
    "wec": {
        "0.1": 100.0,
        "0.09": 100.0,
        "0.08": 100.0,
        "0.07": 100.0,
        "0.06": 100.0,
        "0.05": 100.0
    },
    "wer": {
        "0.1": 1.0,
        "0.09": 0.7692307692307693,
        "0.08": 0.4,
        "0.07": 0.09107468123861566,
        "0.06": 0.014130281192595733,
        "0.05": 0.005224387440572593
    },
    "bec": {
        "0.1": 10684.0,
        "0.09": 8981.0,
        "0.08": 7434.0,
        "0.07": 6603.0,
        "0.06": 3644.0,
        "0.05": 365.0
    },
    "ber": {
        "0.1": 0.08903333333333334,
        "0.09": 0.05757051282051282,
        "0.08": 0.02478,
        "0.07": 0.005011384335154827,
        "0.06": 0.0004290895388818237,
        "0.05": 1.5890845131741637e-05
    }
}