{
    "channel": "bsc",
    "code": "1200_3_6_rand_ldpc_8",
    "decoder": "SPA",
    "max_iter": "100",
    "tot": {
        "0.1": 103.0,
        "0.09": 121.0,
        "0.08": 236.0,
        "0.07": 1281.0,
        "0.06": 14334.0,
        "0.05": 465802.0
    },
    "wec": {
        "0.1": 100.0,
        "0.09": 100.0,
        "0.08": 100.0,
        "0.07": 100.0,
        "0.06": 100.0,
        "0.05": 67.0
    },
    "wer": {
        "0.1": 0.970873786407767,
        "0.09": 0.8264462809917356,
        "0.08": 0.423728813559322,
        "0.07": 0.078064012490242,
        "0.06": 0.0069764197014092364,
        "0.05": 0.00014383793972546274
    },
    "bec": {
        "0.1": 10682.0,
        "0.09": 8533.0,
        "0.08": 7583.0,
        "0.07": 6576.0,
        "0.06": 5653.0,
        "0.05": 3606.0
    },
    "ber": {
        "0.1": 0.08642394822006473,
        "0.09": 0.058767217630854,
        "0.08": 0.026776129943502824,
        "0.07": 0.0042779078844652615,
        "0.06": 0.00032864750476722015,
        "0.05": 6.451238938433068e-06
    }
}