{
    "channel": "bsc",
    "code": "1200_3_6_ldpc",
    "decoder": "SPA",
    "max_iter": "10",
    "codeword": "0",
    "tot": {
        "0.1": 100.0,
        "0.09": 101.0,
        "0.08": 107.0,
        "0.07": 148.0,
        "0.06": 385.0,
        "0.05": 1043.0,
        "0.04": 4198.0
    },
    "wec": {
        "0.1": 100.0,
        "0.09": 100.0,
        "0.08": 100.0,
        "0.07": 100.0,
        "0.06": 100.0,
        "0.05": 100.0,
        "0.04": 100.0
    },
    "wer": {
        "0.1": 1.0,
        "0.09": 0.9900990099009901,
        "0.08": 0.9345794392523364,
        "0.07": 0.6756756756756757,
        "0.06": 0.2597402597402597,
        "0.05": 0.09587727708533078,
        "0.04": 0.023820867079561697
    },
    "bec": {
        "0.1": 10425.0,
        "0.09": 7888.0,
        "0.08": 5000.0,
        "0.07": 2510.0,
        "0.06": 875.0,
        "0.05": 314.0,
        "0.04": 183.0
    },
    "ber": {
        "0.1": 0.086875,
        "0.09": 0.06508250825082508,
        "0.08": 0.03894080996884735,
        "0.07": 0.014132882882882883,
        "0.06": 0.001893939393939394,
        "0.05": 0.00025087887503994887,
        "0.04": 3.632682229633159e-05
    }
}