{
    "channel": "bsc",
    "prefix": "1200_rho_x5_rand_ldpc",
    "decoder": "MSA",
    "sources": [
        "1200_rho_x5_rand_ldpc_1",
        "1200_rho_x5_rand_ldpc_10",
        "1200_rho_x5_rand_ldpc_2",
        "1200_rho_x5_rand_ldpc_3",
        "1200_rho_x5_rand_ldpc_4",
        "1200_rho_x5_rand_ldpc_5",
        "1200_rho_x5_rand_ldpc_6",
        "1200_rho_x5_rand_ldpc_7",
        "1200_rho_x5_rand_ldpc_8",
        "1200_rho_x5_rand_ldpc_9"
    ],
    "ber": {
        "0.071": 0.01135797253584126,
        "0.081": 0.03765736295684598,
        "0.041": 0.00047879709620607944,
        "0.0351": 0.0002462112884325777,
        "0.061": 0.002591361308503382,
        "0.0151": 6.053207302504061e-05,
        "0.0751": 0.024174876189572394,
        "0.0651": 0.004144422295273909,
        "0.0551": 0.002349136799791691,
        "0.0451": 0.0004865091371917334,
        "0.021": 9.141319362582623e-05,
        "0.01": 3.791266790350138e-05,
        "0.031": 0.0001852247126599517,
        "0.0251": 0.0001276720716473588,
        "0.051": 0.0008886923654316502
    },
    "wer": {
        "0.071": 0.557571473254127,
        "0.081": 0.8056715411517656,
        "0.041": 0.18020384830167493,
        "0.0351": 0.14621394989735342,
        "0.061": 0.35089803335046793,
        "0.0151": 0.06079672260533161,
        "0.0751": 0.6647143913060111,
        "0.0651": 0.42359730157132824,
        "0.0551": 0.31554646796156394,
        "0.0451": 0.19994858922141467,
        "0.021": 0.08362311459358863,
        "0.01": 0.03870451828320447,
        "0.031": 0.12481921193394388,
        "0.0251": 0.09908733159186411,
        "0.051": 0.25622685642446374
    }
}