{
    "channel": "bsc",
    "code": "1200_3_6_rand_ldpc_3",
    "decoder": "SPA",
    "max_iter": "100",
    "tot": {
        "0.1": 100.0,
        "0.09": 119.0,
        "0.08": 234.0,
        "0.07": 1019.0,
        "0.06": 7037.0,
        "0.05": 16971.0
    },
    "wec": {
        "0.1": 100.0,
        "0.09": 100.0,
        "0.08": 100.0,
        "0.07": 100.0,
        "0.06": 100.0,
        "0.05": 100.0
    },
    "wer": {
        "0.1": 1.0,
        "0.09": 0.8403361344537815,
        "0.08": 0.42735042735042733,
        "0.07": 0.09813542688910697,
        "0.06": 0.014210601108426887,
        "0.05": 0.005892404690354134
    },
    "bec": {
        "0.1": 10721.0,
        "0.09": 8767.0,
        "0.08": 7573.0,
        "0.07": 5919.0,
        "0.06": 3049.0,
        "0.05": 400.0
    },
    "ber": {
        "0.1": 0.08934166666666667,
        "0.09": 0.06139355742296919,
        "0.08": 0.02696937321937322,
        "0.07": 0.004840529931305201,
        "0.06": 0.0003610676898299465,
        "0.05": 1.9641348967847112e-05
    }
}