{
    "channel": "bsc",
    "code": "1200_3_6_rand_ldpc_1",
    "decoder": "SPA",
    "max_iter": "100",
    "tot": {
        "0.1": 104.0,
        "0.09": 127.0,
        "0.08": 231.0,
        "0.07": 1223.0,
        "0.06": 15840.0,
        "0.05": 484878.0
    },
    "wec": {
        "0.1": 100.0,
        "0.09": 100.0,
        "0.08": 100.0,
        "0.07": 100.0,
        "0.06": 100.0,
        "0.05": 70.0
    },
    "wer": {
        "0.1": 0.9615384615384616,
        "0.09": 0.7874015748031497,
        "0.08": 0.4329004329004329,
        "0.07": 0.08176614881439084,
        "0.06": 0.006313131313131313,
        "0.05": 0.00014436621170686235
    },
    "bec": {
        "0.1": 10704.0,
        "0.09": 9069.0,
        "0.08": 7619.0,
        "0.07": 6568.0,
        "0.06": 5513.0,
        "0.05": 3721.0
    },
    "ber": {
        "0.1": 0.08576923076923076,
        "0.09": 0.05950787401574803,
        "0.08": 0.027485569985569985,
        "0.07": 0.004475333878440992,
        "0.06": 0.0002900357744107744,
        "0.05": 6.395079449538509e-06
    }
}