{
    "channel": "bsc",
    "code": "1200_3_6_ldpc",
    "decoder": "SPA",
    "max_iter": "6",
    "codeword": "0",
    "tot": {
        "0.1": 100.0,
        "0.09": 100.0,
        "0.08": 100.0,
        "0.07": 102.0,
        "0.06": 134.0,
        "0.05": 295.0,
        "0.04": 627.0
    },
    "wec": {
        "0.1": 100.0,
        "0.09": 100.0,
        "0.08": 100.0,
        "0.07": 100.0,
        "0.06": 100.0,
        "0.05": 100.0,
        "0.04": 100.0
    },
    "wer": {
        "0.1": 1.0,
        "0.09": 1.0,
        "0.08": 1.0,
        "0.07": 0.9803921568627451,
        "0.06": 0.746268656716418,
        "0.05": 0.3389830508474576,
        "0.04": 0.1594896331738437
    },
    "bec": {
        "0.1": 10565.0,
        "0.09": 8220.0,
        "0.08": 5851.0,
        "0.07": 2906.0,
        "0.06": 1467.0,
        "0.05": 548.0,
        "0.04": 193.0
    },
    "ber": {
        "0.1": 0.08804166666666667,
        "0.09": 0.0685,
        "0.08": 0.048758333333333334,
        "0.07": 0.023741830065359477,
        "0.06": 0.009123134328358208,
        "0.05": 0.0015480225988700564,
        "0.04": 0.00025651249335459863
    }
}