{
    "channel": "bsc",
    "code": "7_4_hamming",
    "decoder": "LP",
    "max_iter": "10",
    "codeword": "1",
    "tot": {
        "0.5": 300.0,
        "0.4": 338.0,
        "0.3": 389.0,
        "0.2": 483.0,
        "0.1": 1066.0,
        "0.08": 1164.0,
        "0.06": 1978.0,
        "0.04": 2424.0,
        "0.02": 5213.0,
        "0.25": 477.0,
        "0.15": 628.0,
        "0.01": 9668.0,
        "0.008": 12397.0,
        "0.006": 16045.0,
        "0.004": 24436.0,
        "0.002": 80143.0
    },
    "wec": {
        "0.5": 300.0,
        "0.4": 300.0,
        "0.3": 300.0,
        "0.2": 300.0,
        "0.1": 300.0,
        "0.08": 300.0,
        "0.06": 300.0,
        "0.04": 300.0,
        "0.02": 300.0,
        "0.25": 300.0,
        "0.15": 300.0,
        "0.01": 300.0,
        "0.008": 300.0,
        "0.006": 300.0,
        "0.004": 300.0,
        "0.002": 300.0
    },
    "wer": {
        "0.5": 1.0,
        "0.4": 0.8875739644970414,
        "0.3": 0.7712082262210797,
        "0.2": 0.6211180124223602,
        "0.1": 0.28142589118198874,
        "0.08": 0.25773195876288657,
        "0.06": 0.15166835187057634,
        "0.04": 0.12376237623762376,
        "0.02": 0.05754843660080568,
        "0.25": 0.6289308176100629,
        "0.15": 0.47770700636942676,
        "0.01": 0.03103020273065784,
        "0.008": 0.02419940308139066,
        "0.006": 0.01869741352446245,
        "0.004": 0.012276968407267965,
        "0.002": 0.0037433088354566213
    },
    "bec": {
        "0.5": 2100.0,
        "0.4": 1156.0,
        "0.3": 1117.0,
        "0.2": 1101.0,
        "0.1": 1089.0,
        "0.08": 1121.0,
        "0.06": 1136.0,
        "0.04": 1169.0,
        "0.02": 1176.0,
        "0.25": 1098.0,
        "0.15": 1118.0,
        "0.01": 1188.0,
        "0.008": 1191.0,
        "0.006": 1192.0,
        "0.004": 1193.0,
        "0.002": 1196.0
    },
    "ber": {
        "0.5": 1.0,
        "0.4": 0.4885883347421809,
        "0.3": 0.4102093279471172,
        "0.2": 0.3256433007985803,
        "0.1": 0.14593942642723132,
        "0.08": 0.13757977417771233,
        "0.06": 0.08204535605951177,
        "0.04": 0.0688943894389439,
        "0.02": 0.03222712449645118,
        "0.25": 0.3288409703504043,
        "0.15": 0.2543221110100091,
        "0.01": 0.017554228973343577,
        "0.008": 0.01372451860473156,
        "0.006": 0.010613008057694877,
        "0.004": 0.0069744872904146105,
        "0.002": 0.0021319035081933902
    }
}