{
    "channel": "bsc",
    "prefix": "1200_3_6_rand_ldpc",
    "decoder": "SPA",
    "sources": [
        "1200_3_6_rand_ldpc_1",
        "1200_3_6_rand_ldpc_10",
        "1200_3_6_rand_ldpc_2",
        "1200_3_6_rand_ldpc_3",
        "1200_3_6_rand_ldpc_4",
        "1200_3_6_rand_ldpc_5",
        "1200_3_6_rand_ldpc_6",
        "1200_3_6_rand_ldpc_7",
        "1200_3_6_rand_ldpc_8",
        "1200_3_6_rand_ldpc_9"
    ],
    "wer": {
        "0.05": 0.045357077901973845,
        "0.07": 0.5934911659794903,
        "0.1": 1.0,
        "0.06": 0.20080852433235194,
        "0.08": 0.934346119201404,
        "0.09": 0.9901378373131431,
        "0.04": 0.006956785807016197
    },
    "ber": {
        "0.05": 0.00023247471400726803,
        "0.07": 0.013269049323923912,
        "0.1": 0.08807666666666668,
        "0.06": 0.002089387616456871,
        "0.08": 0.040318180844663105,
        "0.09": 0.06458145796932635,
        "0.04": 1.412069427126351e-05
    }
}