{
    "channel": "bsc",
    "code": "1200_3_6_ldpc",
    "decoder": "MSA",
    "max_iter": "90",
    "tot": {
        "0.081": 113.0,
        "0.071": 147.0,
        "0.061": 429.0,
        "0.051": 910.0,
        "0.0451": 1089.0,
        "0.031": 1320.0,
        "0.0251": 2024.0,
        "0.021": 2402.0,
        "0.0151": 2430.0,
        "0.011": 3540.0
    },
    "wec": {
        "0.081": 100.0,
        "0.071": 100.0,
        "0.061": 100.0,
        "0.051": 100.0,
        "0.0451": 100.0,
        "0.031": 100.0,
        "0.0251": 100.0,
        "0.021": 100.0,
        "0.0151": 100.0,
        "0.011": 100.0
    },
    "wer": {
        "0.081": 0.8849557522123894,
        "0.071": 0.6802721088435374,
        "0.061": 0.2331002331002331,
        "0.051": 0.10989010989010989,
        "0.0451": 0.09182736455463728,
        "0.031": 0.07575757575757576,
        "0.0251": 0.04940711462450593,
        "0.021": 0.041631973355537054,
        "0.0151": 0.0411522633744856,
        "0.011": 0.02824858757062147
    },
    "bec": {
        "0.081": 10434.0,
        "0.071": 8261.0,
        "0.061": 10272.0,
        "0.051": 11114.0,
        "0.0451": 13541.0,
        "0.031": 14779.0,
        "0.0251": 16540.0,
        "0.021": 10630.0,
        "0.0151": 13494.0,
        "0.011": 11755.0
    },
    "ber": {
        "0.081": 0.07694690265486726,
        "0.071": 0.04683106575963719,
        "0.061": 0.019953379953379955,
        "0.051": 0.010177655677655677,
        "0.0451": 0.010361952861952862,
        "0.031": 0.009330176767676768,
        "0.0251": 0.006809947299077734,
        "0.021": 0.0036878989730779904,
        "0.0151": 0.0046275720164609055,
        "0.011": 0.0027671845574387946
    }
}