{
    "channel": "bsc",
    "code": "1200_3_6_ldpc",
    "decoder": "SPA",
    "max_iter": "1",
    "codeword": "0",
    "tot": {
        "0.1": 100.0,
        "0.09": 100.0,
        "0.08": 100.0,
        "0.07": 100.0,
        "0.06": 100.0,
        "0.05": 100.0,
        "0.04": 100.0
    },
    "wec": {
        "0.1": 100.0,
        "0.09": 100.0,
        "0.08": 100.0,
        "0.07": 100.0,
        "0.06": 100.0,
        "0.05": 100.0,
        "0.04": 100.0
    },
    "wer": {
        "0.1": 1.0,
        "0.09": 1.0,
        "0.08": 1.0,
        "0.07": 1.0,
        "0.06": 1.0,
        "0.05": 1.0,
        "0.04": 1.0
    },
    "bec": {
        "0.1": 12103.0,
        "0.09": 10734.0,
        "0.08": 9091.0,
        "0.07": 7153.0,
        "0.06": 5548.0,
        "0.05": 3760.0,
        "0.04": 2390.0
    },
    "ber": {
        "0.1": 0.10085833333333333,
        "0.09": 0.08945,
        "0.08": 0.07575833333333333,
        "0.07": 0.05960833333333333,
        "0.06": 0.046233333333333335,
        "0.05": 0.03133333333333333,
        "0.04": 0.019916666666666666
    }
}