{
    "channel": "bsc",
    "prefix": "1200_3_6_rand_ldpc",
    "decoder": "MSA",
    "sources": [
        "1200_3_6_rand_ldpc_1",
        "1200_3_6_rand_ldpc_10",
        "1200_3_6_rand_ldpc_2",
        "1200_3_6_rand_ldpc_3",
        "1200_3_6_rand_ldpc_4",
        "1200_3_6_rand_ldpc_5",
        "1200_3_6_rand_ldpc_6",
        "1200_3_6_rand_ldpc_7",
        "1200_3_6_rand_ldpc_8",
        "1200_3_6_rand_ldpc_9"
    ],
    "ber": {
        "0.081": 0.20292916666666666,
        "0.071": 0.19210000000000002,
        "0.031": 0.006230177634507823,
        "0.0451": 0.12595949692940983,
        "0.051": 0.15998754925436537,
        "0.061": 0.18076833333333334,
        "0.011": 6.357527528549999e-05,
        "0.0151": 1.7709991919444432e-05,
        "0.0251": 0.00036562882954733225,
        "0.021": 3.7460912374511686e-05
    },
    "wer": {
        "0.081": 1.0,
        "0.071": 1.0,
        "0.031": 0.10769886452039841,
        "0.0451": 0.860188462918619,
        "0.051": 0.9776114950597989,
        "0.061": 1.0,
        "0.011": 0.021874599956364926,
        "0.0151": 0.006872891250209641,
        "0.0251": 0.018887458993852597,
        "0.021": 0.009306845033581278
    }
}