{
    "channel": "bsc",
    "code": "1200_rho_x5_rand_ldpc_10",
    "decoder": "SPA",
    "codeword": "0",
    "max_iter": "100",
    "tot": {
        "0.1": 111.0,
        "0.09": 137.0,
        "0.08": 173.0,
        "0.07": 395.0,
        "0.06": 606.0,
        "0.05": 1012.0,
        "0.04": 1109.0
    },
    "wec": {
        "0.1": 100.0,
        "0.09": 100.0,
        "0.08": 100.0,
        "0.07": 100.0,
        "0.06": 100.0,
        "0.05": 100.0,
        "0.04": 100.0
    },
    "wer": {
        "0.1": 0.9009009009009009,
        "0.09": 0.7299270072992701,
        "0.08": 0.5780346820809249,
        "0.07": 0.25316455696202533,
        "0.06": 0.16501650165016502,
        "0.05": 0.09881422924901186,
        "0.04": 0.09017132551848513
    },
    "bec": {
        "0.1": 7923.0,
        "0.09": 5014.0,
        "0.08": 3171.0,
        "0.07": 1208.0,
        "0.06": 561.0,
        "0.05": 171.0,
        "0.04": 132.0
    },
    "ber": {
        "0.1": 0.059481981981981985,
        "0.09": 0.030498783454987834,
        "0.08": 0.015274566473988439,
        "0.07": 0.0025485232067510547,
        "0.06": 0.0007714521452145215,
        "0.05": 0.0001408102766798419,
        "0.04": 9.918845807033363e-05
    }
}