{
    "channel": "bsc",
    "code": "1200_3_6_rand_ldpc_3",
    "decoder": "MSA",
    "max_iter": "10",
    "tot": {
        "0.081": 100.0,
        "0.071": 100.0,
        "0.061": 100.0,
        "0.051": 103.0,
        "0.0451": 116.0,
        "0.031": 679.0,
        "0.0251": 1808.0,
        "0.021": 1869.0,
        "0.0151": 2964.0,
        "0.011": 4238.0
    },
    "wec": {
        "0.081": 100.0,
        "0.071": 100.0,
        "0.061": 100.0,
        "0.051": 100.0,
        "0.0451": 100.0,
        "0.031": 100.0,
        "0.0251": 100.0,
        "0.021": 100.0,
        "0.0151": 100.0,
        "0.011": 100.0
    },
    "wer": {
        "0.081": 1.0,
        "0.071": 1.0,
        "0.061": 1.0,
        "0.051": 0.970873786407767,
        "0.0451": 0.8620689655172413,
        "0.031": 0.14727540500736377,
        "0.0251": 0.05530973451327434,
        "0.021": 0.05350454788657036,
        "0.0151": 0.033738191632928474,
        "0.011": 0.023596035865974516
    },
    "bec": {
        "0.081": 24175.0,
        "0.071": 23010.0,
        "0.061": 21631.0,
        "0.051": 19862.0,
        "0.0451": 17154.0,
        "0.031": 4839.0,
        "0.0251": 982.0,
        "0.021": 556.0,
        "0.0151": 501.0,
        "0.011": 545.0
    },
    "ber": {
        "0.081": 0.20145833333333332,
        "0.071": 0.19175,
        "0.061": 0.18025833333333333,
        "0.051": 0.1606957928802589,
        "0.0451": 0.12323275862068965,
        "0.031": 0.005938880706921944,
        "0.0251": 0.00045261799410029497,
        "0.021": 0.000247904405207776,
        "0.0151": 0.00014085695006747637,
        "0.011": 0.0001071653295579676
    }
}