{
    "channel": "bsc",
    "code": "1200_3_6_rand_ldpc_10",
    "decoder": "SPA",
    "max_iter": "100",
    "tot": {
        "0.1": 102.0,
        "0.09": 132.0,
        "0.08": 229.0,
        "0.07": 1139.0,
        "0.06": 12704.0,
        "0.05": 505047.0
    },
    "wec": {
        "0.1": 100.0,
        "0.09": 100.0,
        "0.08": 100.0,
        "0.07": 100.0,
        "0.06": 100.0,
        "0.05": 87.0
    },
    "wer": {
        "0.1": 0.9803921568627451,
        "0.09": 0.7575757575757576,
        "0.08": 0.4366812227074236,
        "0.07": 0.08779631255487269,
        "0.06": 0.007871536523929471,
        "0.05": 0.0001722611954926967
    },
    "bec": {
        "0.1": 10598.0,
        "0.09": 8825.0,
        "0.08": 7700.0,
        "0.07": 6408.0,
        "0.06": 6128.0,
        "0.05": 4263.0
    },
    "ber": {
        "0.1": 0.08658496732026144,
        "0.09": 0.05571338383838384,
        "0.08": 0.02802037845705968,
        "0.07": 0.004688323090430202,
        "0.06": 0.0004019731318219983,
        "0.05": 7.0339988159517825e-06
    }
}