{
    "channel": "bsc",
    "code": "1200_rho_x5_rand_ldpc_3",
    "decoder": "MSA",
    "codeword": "1",
    "max_iter": "100",
    "tot": {
        "0.081": 126.0,
        "0.0751": 151.0,
        "0.071": 169.0,
        "0.0651": 245.0,
        "0.061": 293.0,
        "0.0551": 286.0,
        "0.051": 382.0,
        "0.0451": 470.0,
        "0.041": 515.0,
        "0.0351": 640.0,
        "0.031": 791.0,
        "0.0251": 987.0,
        "0.021": 919.0,
        "0.0151": 1462.0,
        "0.01": 2518.0
    },
    "wec": {
        "0.081": 100.0,
        "0.0751": 100.0,
        "0.071": 100.0,
        "0.0651": 100.0,
        "0.061": 100.0,
        "0.0551": 100.0,
        "0.051": 100.0,
        "0.0451": 100.0,
        "0.041": 100.0,
        "0.0351": 100.0,
        "0.031": 100.0,
        "0.0251": 100.0,
        "0.021": 100.0,
        "0.0151": 100.0,
        "0.01": 100.0
    },
    "wer": {
        "0.081": 0.7936507936507936,
        "0.0751": 0.6622516556291391,
        "0.071": 0.591715976331361,
        "0.0651": 0.40816326530612246,
        "0.061": 0.3412969283276451,
        "0.0551": 0.34965034965034963,
        "0.051": 0.2617801047120419,
        "0.0451": 0.2127659574468085,
        "0.041": 0.1941747572815534,
        "0.0351": 0.15625,
        "0.031": 0.1264222503160556,
        "0.0251": 0.10131712259371833,
        "0.021": 0.1088139281828074,
        "0.0151": 0.06839945280437756,
        "0.01": 0.03971405877680699
    },
    "bec": {
        "0.081": 5468.0,
        "0.0751": 4518.0,
        "0.071": 2444.0,
        "0.0651": 1225.0,
        "0.061": 1177.0,
        "0.0551": 866.0,
        "0.051": 419.0,
        "0.0451": 234.0,
        "0.041": 237.0,
        "0.0351": 182.0,
        "0.031": 149.0,
        "0.0251": 133.0,
        "0.021": 137.0,
        "0.0151": 121.0,
        "0.01": 112.0
    },
    "ber": {
        "0.081": 0.03616402116402116,
        "0.0751": 0.024933774834437088,
        "0.071": 0.012051282051282051,
        "0.0651": 0.004166666666666667,
        "0.061": 0.0033475540386803185,
        "0.0551": 0.002523310023310023,
        "0.051": 0.0009140488656195463,
        "0.0451": 0.0004148936170212766,
        "0.041": 0.00038349514563106794,
        "0.0351": 0.00023697916666666667,
        "0.031": 0.00015697429414243574,
        "0.0251": 0.00011229314420803782,
        "0.021": 0.00012422923467537178,
        "0.0151": 6.896944824441405e-05,
        "0.01": 3.706645485835319e-05
    }
}