{
    "channel": "bsc",
    "code": "1200_3_6_rand_ldpc_4",
    "decoder": "SPA",
    "max_iter": "100",
    "tot": {
        "0.1": 101.0,
        "0.09": 123.0,
        "0.08": 264.0,
        "0.07": 1195.0,
        "0.06": 15750.0,
        "0.05": 476056.0
    },
    "wec": {
        "0.1": 100.0,
        "0.09": 100.0,
        "0.08": 100.0,
        "0.07": 100.0,
        "0.06": 100.0,
        "0.05": 61.0
    },
    "wer": {
        "0.1": 0.9900990099009901,
        "0.09": 0.8130081300813008,
        "0.08": 0.3787878787878788,
        "0.07": 0.08368200836820083,
        "0.06": 0.006349206349206349,
        "0.05": 0.00012813618565883005
    },
    "bec": {
        "0.1": 10613.0,
        "0.09": 8696.0,
        "0.08": 7882.0,
        "0.07": 6542.0,
        "0.06": 5987.0,
        "0.05": 2901.0
    },
    "ber": {
        "0.1": 0.08756600660066007,
        "0.09": 0.0589159891598916,
        "0.08": 0.024880050505050506,
        "0.07": 0.004562064156206415,
        "0.06": 0.0003167724867724868,
        "0.05": 5.0781840791839615e-06
    }
}