{
    "channel": "bsc",
    "code": "1200_3_6_ldpc",
    "decoder": "SPA",
    "max_iter": "3",
    "codeword": "0",
    "tot": {
        "0.1": 100.0,
        "0.09": 100.0,
        "0.08": 100.0,
        "0.07": 100.0,
        "0.06": 100.0,
        "0.05": 104.0,
        "0.04": 123.0
    },
    "wec": {
        "0.1": 100.0,
        "0.09": 100.0,
        "0.08": 100.0,
        "0.07": 100.0,
        "0.06": 100.0,
        "0.05": 100.0,
        "0.04": 100.0
    },
    "wer": {
        "0.1": 1.0,
        "0.09": 1.0,
        "0.08": 1.0,
        "0.07": 1.0,
        "0.06": 1.0,
        "0.05": 0.9615384615384616,
        "0.04": 0.8130081300813008
    },
    "bec": {
        "0.1": 10973.0,
        "0.09": 8991.0,
        "0.08": 7261.0,
        "0.07": 4910.0,
        "0.06": 3133.0,
        "0.05": 1354.0,
        "0.04": 664.0
    },
    "ber": {
        "0.1": 0.09144166666666667,
        "0.09": 0.074925,
        "0.08": 0.06050833333333333,
        "0.07": 0.040916666666666664,
        "0.06": 0.026108333333333334,
        "0.05": 0.010849358974358974,
        "0.04": 0.004498644986449865
    }
}