{
    "channel": "bsc",
    "code": "1200_3_6_rand_ldpc_5",
    "decoder": "SPA",
    "max_iter": "100",
    "tot": {
        "0.1": 102.0,
        "0.09": 128.0,
        "0.08": 254.0,
        "0.07": 1218.0,
        "0.06": 14816.0,
        "0.05": 480091.0
    },
    "wec": {
        "0.1": 100.0,
        "0.09": 100.0,
        "0.08": 100.0,
        "0.07": 100.0,
        "0.06": 100.0,
        "0.05": 91.0
    },
    "wer": {
        "0.1": 0.9803921568627451,
        "0.09": 0.78125,
        "0.08": 0.3937007874015748,
        "0.07": 0.08210180623973727,
        "0.06": 0.006749460043196544,
        "0.05": 0.00018954739830573787
    },
    "bec": {
        "0.1": 10679.0,
        "0.09": 8736.0,
        "0.08": 7615.0,
        "0.07": 6630.0,
        "0.06": 6062.0,
        "0.05": 4783.0
    },
    "ber": {
        "0.1": 0.08724673202614379,
        "0.09": 0.056875,
        "0.08": 0.024983595800524935,
        "0.07": 0.004536124794745485,
        "0.06": 0.0003409602231821454,
        "0.05": 8.302245477072749e-06
    }
}