{
    "channel": "bsc",
    "code": "1200_3_6_rand_ldpc_1",
    "decoder": "SPA",
    "max_iter": "10",
    "codeword": "0",
    "tot": {
        "0.1": 100.0,
        "0.09": 101.0,
        "0.08": 112.0,
        "0.07": 178.0,
        "0.06": 581.0,
        "0.05": 4438.0,
        "0.04": 98842.0
    },
    "wec": {
        "0.1": 100.0,
        "0.09": 100.0,
        "0.08": 100.0,
        "0.07": 100.0,
        "0.06": 100.0,
        "0.05": 100.0,
        "0.04": 100.0
    },
    "wer": {
        "0.1": 1.0,
        "0.09": 0.9900990099009901,
        "0.08": 0.8928571428571429,
        "0.07": 0.5617977528089888,
        "0.06": 0.1721170395869191,
        "0.05": 0.02253267237494367,
        "0.04": 0.0010117156674288258
    },
    "bec": {
        "0.1": 10551.0,
        "0.09": 7699.0,
        "0.08": 5320.0,
        "0.07": 2686.0,
        "0.06": 1456.0,
        "0.05": 760.0,
        "0.04": 440.0
    },
    "ber": {
        "0.1": 0.087925,
        "0.09": 0.06352310231023102,
        "0.08": 0.03958333333333333,
        "0.07": 0.012574906367041198,
        "0.06": 0.0020883534136546186,
        "0.05": 0.0001427069250413099,
        "0.04": 3.7096241139056948e-06
    }
}