{
    "channel": "bsc",
    "prefix": "1200_3_6_rand_ldpc",
    "decoder": "SPA",
    "sources": [
        "1200_3_6_rand_ldpc_1",
        "1200_3_6_rand_ldpc_10",
        "1200_3_6_rand_ldpc_2",
        "1200_3_6_rand_ldpc_3",
        "1200_3_6_rand_ldpc_4",
        "1200_3_6_rand_ldpc_5",
        "1200_3_6_rand_ldpc_6",
        "1200_3_6_rand_ldpc_7",
        "1200_3_6_rand_ldpc_8",
        "1200_3_6_rand_ldpc_9"
    ],
    "wer": {
        "0.05": 0.0012324189072888238,
        "0.07": 0.08498695187556989,
        "0.06": 0.008413761128325323,
        "0.08": 0.41592550454469723,
        "0.09": 0.7976595721779023,
        "0.1": 0.9843885748237435
    },
    "ber": {
        "0.05": 8.598682488224929e-06,
        "0.07": 0.00460496234785709,
        "0.06": 0.00035657200904324205,
        "0.08": 0.02644091118540119,
        "0.09": 0.058423256770161115,
        "0.1": 0.08727574788016297
    }
}