{
    "channel": "bsc",
    "code": "1200_rho_x5_rand_ldpc_6",
    "decoder": "SPA",
    "codeword": "0",
    "max_iter": "100",
    "tot": {
        "0.1": 102.0,
        "0.09": 142.0,
        "0.08": 202.0,
        "0.07": 502.0,
        "0.06": 1569.0,
        "0.05": 4011.0,
        "0.04": 5175.0
    },
    "wec": {
        "0.1": 100.0,
        "0.09": 100.0,
        "0.08": 100.0,
        "0.07": 100.0,
        "0.06": 100.0,
        "0.05": 100.0,
        "0.04": 100.0
    },
    "wer": {
        "0.1": 0.9803921568627451,
        "0.09": 0.704225352112676,
        "0.08": 0.49504950495049505,
        "0.07": 0.199203187250996,
        "0.06": 0.06373486297004462,
        "0.05": 0.024931438544003988,
        "0.04": 0.01932367149758454
    },
    "bec": {
        "0.1": 7780.0,
        "0.09": 4788.0,
        "0.08": 3537.0,
        "0.07": 1832.0,
        "0.06": 1093.0,
        "0.05": 455.0,
        "0.04": 353.0
    },
    "ber": {
        "0.1": 0.06356209150326797,
        "0.09": 0.028098591549295775,
        "0.08": 0.014591584158415842,
        "0.07": 0.003041168658698539,
        "0.06": 0.0005805183768854898,
        "0.05": 9.453170447934845e-05,
        "0.04": 5.684380032206119e-05
    }
}