{
    "channel": "bsc",
    "code": "1200_3_6_ldpc",
    "decoder": "MSA",
    "max_iter": "2",
    "tot": {
        "0.081": 100.0,
        "0.071": 100.0,
        "0.061": 100.0,
        "0.051": 100.0,
        "0.0451": 100.0,
        "0.031": 100.0,
        "0.0251": 101.0,
        "0.021": 102.0,
        "0.0151": 129.0,
        "0.011": 199.0
    },
    "wec": {
        "0.081": 100.0,
        "0.071": 100.0,
        "0.061": 100.0,
        "0.051": 100.0,
        "0.0451": 100.0,
        "0.031": 100.0,
        "0.0251": 100.0,
        "0.021": 100.0,
        "0.0151": 100.0,
        "0.011": 100.0
    },
    "wer": {
        "0.081": 1.0,
        "0.071": 1.0,
        "0.061": 1.0,
        "0.051": 1.0,
        "0.0451": 1.0,
        "0.031": 1.0,
        "0.0251": 0.9900990099009901,
        "0.021": 0.9803921568627451,
        "0.0151": 0.7751937984496124,
        "0.011": 0.5025125628140703
    },
    "bec": {
        "0.081": 39989.0,
        "0.071": 32949.0,
        "0.061": 21770.0,
        "0.051": 14829.0,
        "0.0451": 11118.0,
        "0.031": 4280.0,
        "0.0251": 2068.0,
        "0.021": 1093.0,
        "0.0151": 437.0,
        "0.011": 273.0
    },
    "ber": {
        "0.081": 0.33324166666666666,
        "0.071": 0.274575,
        "0.061": 0.18141666666666667,
        "0.051": 0.123575,
        "0.0451": 0.09265,
        "0.031": 0.035666666666666666,
        "0.0251": 0.017062706270627063,
        "0.021": 0.008929738562091503,
        "0.0151": 0.0028229974160206717,
        "0.011": 0.00114321608040201
    }
}