{
    "channel": "bsc",
    "code": "1200_3_6_rand_ldpc_7",
    "decoder": "MSA",
    "max_iter": "10",
    "tot": {
        "0.081": 100.0,
        "0.071": 100.0,
        "0.061": 100.0,
        "0.051": 101.0,
        "0.0451": 112.0,
        "0.031": 959.0,
        "0.0251": 13095.0,
        "0.021": 237912.0,
        "0.0151": 253120.0
    },
    "wec": {
        "0.081": 100.0,
        "0.071": 100.0,
        "0.061": 100.0,
        "0.051": 100.0,
        "0.0451": 100.0,
        "0.031": 100.0,
        "0.0251": 100.0,
        "0.021": 100.0,
        "0.0151": 2.0
    },
    "wer": {
        "0.081": 1.0,
        "0.071": 1.0,
        "0.061": 1.0,
        "0.051": 0.9900990099009901,
        "0.0451": 0.8928571428571429,
        "0.031": 0.10427528675703858,
        "0.0251": 0.007636502481863307,
        "0.021": 0.00042032348095093983,
        "0.0151": 7.901390644753476e-06
    },
    "bec": {
        "0.081": 24174.0,
        "0.071": 22895.0,
        "0.061": 21972.0,
        "0.051": 19381.0,
        "0.0451": 16922.0,
        "0.031": 8235.0,
        "0.0251": 4998.0,
        "0.021": 3081.0,
        "0.0151": 8.0
    },
    "ber": {
        "0.081": 0.20145,
        "0.071": 0.19079166666666666,
        "0.061": 0.1831,
        "0.051": 0.15990924092409242,
        "0.0451": 0.1259077380952381,
        "0.031": 0.007155891553701773,
        "0.0251": 0.00031806032836960673,
        "0.021": 1.079180537341538e-05,
        "0.0151": 2.6337968815844923e-08
    }
}