{
    "channel": "bsc",
    "code": "7_4_hamming",
    "decoder": "SPA",
    "max_iter": "10",
    "codeword": "1",
    "tot": {
        "0.1": 1425.0,
        "0.01": 26600.0,
        "0.5": 302.0,
        "0.4": 309.0,
        "0.3": 325.0,
        "0.2": 369.0,
        "0.08": 2030.0,
        "0.06": 3085.0,
        "0.04": 5033.0,
        "0.02": 12209.0,
        "0.008": 33543.0,
        "0.006": 44372.0,
        "0.004": 71795.0,
        "0.002": 59486.0,
        "0.25": 348.0,
        "0.15": 586.0
    },
    "wec": {
        "0.1": 300.0,
        "0.01": 300.0,
        "0.5": 300.0,
        "0.4": 300.0,
        "0.3": 300.0,
        "0.2": 300.0,
        "0.08": 300.0,
        "0.06": 300.0,
        "0.04": 300.0,
        "0.02": 300.0,
        "0.008": 300.0,
        "0.006": 300.0,
        "0.004": 300.0,
        "0.002": 100.0,
        "0.25": 300.0,
        "0.15": 300.0
    },
    "wer": {
        "0.1": 0.21052631578947367,
        "0.01": 0.011278195488721804,
        "0.5": 0.9933774834437086,
        "0.4": 0.970873786407767,
        "0.3": 0.9230769230769231,
        "0.2": 0.8130081300813008,
        "0.08": 0.1477832512315271,
        "0.06": 0.09724473257698542,
        "0.04": 0.059606596463341946,
        "0.02": 0.024572037021869112,
        "0.008": 0.008943743851176102,
        "0.006": 0.0067610204633552695,
        "0.004": 0.004178563966850059,
        "0.002": 0.001681067814275628,
        "0.25": 0.8620689655172413,
        "0.15": 0.5119453924914675
    },
    "bec": {
        "0.1": 969.0,
        "0.01": 907.0,
        "0.5": 1994.0,
        "0.4": 878.0,
        "0.3": 714.0,
        "0.2": 562.0,
        "0.08": 943.0,
        "0.06": 931.0,
        "0.04": 922.0,
        "0.02": 915.0,
        "0.008": 902.0,
        "0.006": 902.0,
        "0.004": 904.0,
        "0.002": 300.0,
        "0.25": 593.0,
        "0.15": 639.0
    },
    "ber": {
        "0.1": 0.09714285714285714,
        "0.01": 0.0048711063372717505,
        "0.5": 0.9432355723746452,
        "0.4": 0.4059177068885807,
        "0.3": 0.31384615384615383,
        "0.2": 0.2175764614789005,
        "0.08": 0.06636171710063336,
        "0.06": 0.043111831442463534,
        "0.04": 0.02617013425676251,
        "0.02": 0.010706387559528685,
        "0.008": 0.0038415509303623067,
        "0.006": 0.002904019265688787,
        "0.004": 0.001798772298110692,
        "0.002": 0.0007204576346895548,
        "0.25": 0.24343185550082103,
        "0.15": 0.15577766942954657
    }
}