{
    "channel": "bsc",
    "code": "1200_rho_x5_rand_ldpc_3",
    "decoder": "SPA",
    "codeword": "0",
    "max_iter": "100",
    "tot": {
        "0.1": 108.0,
        "0.09": 140.0,
        "0.08": 184.0,
        "0.07": 534.0,
        "0.06": 1897.0,
        "0.05": 6943.0,
        "0.04": 9975.0
    },
    "wec": {
        "0.1": 100.0,
        "0.09": 100.0,
        "0.08": 100.0,
        "0.07": 100.0,
        "0.06": 100.0,
        "0.05": 100.0,
        "0.04": 100.0
    },
    "wer": {
        "0.1": 0.9259259259259259,
        "0.09": 0.7142857142857143,
        "0.08": 0.5434782608695652,
        "0.07": 0.18726591760299627,
        "0.06": 0.05271481286241434,
        "0.05": 0.01440299582313121,
        "0.04": 0.010025062656641603
    },
    "bec": {
        "0.1": 7938.0,
        "0.09": 5300.0,
        "0.08": 3533.0,
        "0.07": 2273.0,
        "0.06": 1301.0,
        "0.05": 528.0,
        "0.04": 359.0
    },
    "ber": {
        "0.1": 0.06125,
        "0.09": 0.03154761904761905,
        "0.08": 0.01600090579710145,
        "0.07": 0.0035471285892634207,
        "0.06": 0.0005715164294500088,
        "0.05": 6.337318162177733e-05,
        "0.04": 2.9991645781119465e-05
    }
}