{
    "channel": "bsc",
    "code": "1200_3_6_rand_ldpc_1",
    "decoder": "MSA",
    "max_iter": "10",
    "tot": {
        "0.081": 100.0,
        "0.071": 100.0,
        "0.061": 100.0,
        "0.051": 103.0,
        "0.0451": 114.0,
        "0.031": 926.0,
        "0.0251": 12863.0,
        "0.021": 238700.0,
        "0.0151": 258796.0
    },
    "wec": {
        "0.081": 100.0,
        "0.071": 100.0,
        "0.061": 100.0,
        "0.051": 100.0,
        "0.0451": 100.0,
        "0.031": 100.0,
        "0.0251": 100.0,
        "0.021": 100.0,
        "0.0151": 0.0
    },
    "wer": {
        "0.081": 1.0,
        "0.071": 1.0,
        "0.061": 1.0,
        "0.051": 0.970873786407767,
        "0.0451": 0.8771929824561403,
        "0.031": 0.1079913606911447,
        "0.0251": 0.0077742361812951875,
        "0.021": 0.00041893590280687055,
        "0.0151": 0.0
    },
    "bec": {
        "0.081": 24464.0,
        "0.071": 23059.0,
        "0.061": 21638.0,
        "0.051": 19427.0,
        "0.0451": 17252.0,
        "0.031": 6322.0,
        "0.0251": 5232.0,
        "0.021": 3288.0,
        "0.0151": 0.0
    },
    "ber": {
        "0.081": 0.20386666666666667,
        "0.071": 0.19215833333333332,
        "0.061": 0.18031666666666665,
        "0.051": 0.15717637540453075,
        "0.0451": 0.12611111111111112,
        "0.031": 0.005689344852411807,
        "0.0251": 0.0003389566975044702,
        "0.021": 1.1478843736908253e-05,
        "0.0151": 0.0
    }
}