{
    "channel": "bsc",
    "code": "1200_3_6_rand_ldpc_10",
    "decoder": "SPA",
    "max_iter": "10",
    "codeword": "0",
    "tot": {
        "0.1": 100.0,
        "0.09": 102.0,
        "0.08": 110.0,
        "0.07": 166.0,
        "0.06": 538.0,
        "0.05": 3765.0,
        "0.04": 71577.0
    },
    "wec": {
        "0.1": 100.0,
        "0.09": 100.0,
        "0.08": 100.0,
        "0.07": 100.0,
        "0.06": 100.0,
        "0.05": 100.0,
        "0.04": 100.0
    },
    "wer": {
        "0.1": 1.0,
        "0.09": 0.9803921568627451,
        "0.08": 0.9090909090909091,
        "0.07": 0.6024096385542169,
        "0.06": 0.18587360594795538,
        "0.05": 0.02656042496679947,
        "0.04": 0.00139709683278148
    },
    "bec": {
        "0.1": 10535.0,
        "0.09": 7740.0,
        "0.08": 4980.0,
        "0.07": 2578.0,
        "0.06": 1474.0,
        "0.05": 938.0,
        "0.04": 461.0
    },
    "ber": {
        "0.1": 0.08779166666666667,
        "0.09": 0.06323529411764706,
        "0.08": 0.03772727272727273,
        "0.07": 0.012941767068273092,
        "0.06": 0.002283147459727385,
        "0.05": 0.00020761398849048252,
        "0.04": 5.367180332602186e-06
    }
}