{
    "channel": "bsc",
    "code": "1200_3_6_rand_ldpc_7",
    "decoder": "SPA",
    "max_iter": "100",
    "tot": {
        "0.1": 101.0,
        "0.09": 128.0,
        "0.08": 242.0,
        "0.07": 1224.0,
        "0.06": 14727.0,
        "0.05": 492794.0
    },
    "wec": {
        "0.1": 100.0,
        "0.09": 100.0,
        "0.08": 100.0,
        "0.07": 100.0,
        "0.06": 100.0,
        "0.05": 75.0
    },
    "wer": {
        "0.1": 0.9900990099009901,
        "0.09": 0.78125,
        "0.08": 0.4132231404958678,
        "0.07": 0.08169934640522876,
        "0.06": 0.0067902492021457185,
        "0.05": 0.00015219341144575625
    },
    "bec": {
        "0.1": 10634.0,
        "0.09": 8923.0,
        "0.08": 7717.0,
        "0.07": 6543.0,
        "0.06": 6502.0,
        "0.05": 3689.0
    },
    "ber": {
        "0.1": 0.08773927392739274,
        "0.09": 0.058092447916666665,
        "0.08": 0.026573691460055095,
        "0.07": 0.004454656862745098,
        "0.06": 0.0003679183359362622,
        "0.05": 6.238238831371053e-06
    }
}