{
    "channel": "bsc",
    "code": "1200_3_6_rand_ldpc_9",
    "decoder": "SPA",
    "max_iter": "100",
    "tot": {
        "0.1": 102.0,
        "0.09": 126.0,
        "0.08": 234.0,
        "0.07": 1162.0,
        "0.06": 12682.0,
        "0.05": 487899.0
    },
    "wec": {
        "0.1": 100.0,
        "0.09": 100.0,
        "0.08": 100.0,
        "0.07": 100.0,
        "0.06": 100.0,
        "0.05": 65.0
    },
    "wer": {
        "0.1": 0.9803921568627451,
        "0.09": 0.7936507936507936,
        "0.08": 0.42735042735042733,
        "0.07": 0.08605851979345955,
        "0.06": 0.007885191610156127,
        "0.05": 0.00013322429437240084
    },
    "bec": {
        "0.1": 10512.0,
        "0.09": 8644.0,
        "0.08": 7762.0,
        "0.07": 6322.0,
        "0.06": 5723.0,
        "0.05": 3290.0
    },
    "ber": {
        "0.1": 0.08588235294117647,
        "0.09": 0.05716931216931217,
        "0.08": 0.02764245014245014,
        "0.07": 0.004533849684452094,
        "0.06": 0.00037605792987436263,
        "0.05": 5.619332416476907e-06
    }
}